{"type":"FeatureCollection","features":[{"type":"Feature","geometry":{"type":"MultiPolygon","coordinates":[[[[117.907,4.157],[117.704,4.163],[117.839,4.04],[117.935,4.06],[117.907,4.157]]],[[[124.92,-8.962],[124.692,-9.068],[124.563,-9.171],[124.451,-9.18],[124.432,-9.291],[124.348,-9.375],[124.31,-9.489],[124.197,-9.373],[124.121,-9.427],[124.03,-9.342],[123.863,-9.488],[123.689,-9.611],[123.65,-9.889],[123.576,-10.014],[123.746,-10.05],[123.749,-10.098],[123.547,-10.187],[123.493,-10.245],[123.515,-10.336],[123.617,-10.366],[123.826,-10.364],[123.933,-10.295],[124.034,-10.276],[124.122,-10.173],[124.418,-10.164],[124.541,-10.037],[124.735,-9.9],[124.847,-9.748],[124.971,-9.662],[125.002,-9.536],[125.062,-9.486],[124.974,-9.192],[125.143,-9.189],[125.162,-9.061],[125.052,-9.035],[124.948,-9.079],[124.92,-8.962]]],[[[109.645,2.083],[109.561,1.99],[109.341,1.936],[109.348,1.81],[109.253,1.668],[109.096,1.561],[109.061,1.384],[108.927,1.14],[108.98,0.996],[108.941,0.884],[108.855,0.832],[108.927,0.641],[108.91,0.531],[108.945,0.445],[108.921,0.34],[109.102,0.243],[109.167,0.112],[109.176,-0.212],[109.091,-0.287],[109.123,-0.5],[109.363,-0.652],[109.245,-0.696],[109.273,-0.854],[109.407,-0.911],[109.438,-0.846],[109.582,-0.894],[109.599,-0.948],[109.677,-0.984],[109.734,-0.954],[109.835,-1.086],[109.923,-1.104],[109.93,-1.223],[110.03,-1.286],[110.069,-1.433],[110.034,-1.646],[109.922,-1.77],[109.954,-1.874],[110.075,-1.922],[110.129,-2.07],[110.096,-2.197],[110.141,-2.29],[110.16,-2.436],[110.221,-2.533],[110.204,-2.64],[110.246,-2.786],[110.205,-2.896],[110.263,-3.003],[110.508,-2.875],[110.617,-2.91],[110.662,-3.081],[110.756,-3.012],[110.907,-3.083],[111.061,-3.061],[111.296,-2.936],[111.448,-2.93],[111.584,-3.009],[111.76,-2.908],[111.833,-3.062],[111.815,-3.19],[111.843,-3.362],[111.822,-3.545],[111.905,-3.572],[112.117,-3.382],[112.303,-3.314],[112.39,-3.34],[112.525,-3.438],[112.618,-3.424],[113.021,-3.163],[112.949,-3.086],[113.037,-2.993],[113.183,-3.077],[113.241,-3.177],[113.345,-3.247],[113.466,-3.184],[113.62,-3.185],[113.644,-3.298],[113.632,-3.457],[113.713,-3.473],[113.886,-3.431],[114.108,-3.347],[114.264,-3.398],[114.412,-3.485],[114.524,-3.476],[114.537,-3.563],[114.611,-3.684],[114.604,-3.855],[114.632,-4.013],[114.607,-4.132],[114.713,-4.171],[115.06,-3.986],[115.583,-3.781],[115.836,-3.633],[115.968,-3.609],[116.01,-3.451],[116.085,-3.307],[116.168,-3.266],[116.163,-3.173],[116.265,-3.137],[116.111,-2.93],[116.334,-2.926],[116.37,-2.824],[116.39,-2.589],[116.31,-2.516],[116.54,-2.513],[116.603,-2.224],[116.531,-2.169],[116.393,-2.191],[116.359,-2.094],[116.463,-2.02],[116.467,-1.907],[116.325,-1.704],[116.557,-1.606],[116.539,-1.481],[116.61,-1.421],[116.762,-1.365],[116.82,-1.261],[117.024,-1.203],[117.164,-0.982],[117.301,-0.816],[117.364,-0.879],[117.452,-0.866],[117.576,-0.63],[117.596,-0.423],[117.489,-0.387],[117.434,-0.264],[117.53,-0.032],[117.476,0.058],[117.517,0.291],[117.619,0.424],[117.62,0.502],[117.811,0.812],[118.03,0.859],[117.975,0.983],[118.188,0.875],[118.565,0.804],[118.686,0.846],[118.798,0.805],[119.003,0.962],[119.006,1.038],[118.857,1.058],[118.776,1.202],[118.613,1.351],[118.524,1.374],[118.425,1.486],[118.127,1.655],[118.011,1.784],[117.924,1.819],[117.86,2.038],[117.976,2.192],[118.091,2.262],[118.063,2.367],[117.826,2.607],[117.784,2.758],[117.633,2.812],[117.656,2.997],[117.617,3.086],[117.482,3.101],[117.454,3.171],[117.353,3.183],[117.37,3.305],[117.447,3.435],[117.325,3.436],[117.2,3.555],[117.219,3.647],[117.431,3.635],[117.547,3.664],[117.749,3.637],[117.826,3.704],[117.777,3.799],[117.52,4.049],[117.567,4.16],[117.413,4.2],[117.217,4.353],[117.165,4.333],[116.494,4.325],[116.391,4.295],[116.311,4.383],[116.126,4.379],[116.021,4.271],[115.879,4.352],[115.817,4.281],[115.647,4.169],[115.622,4.04],[115.538,3.898],[115.589,3.858],[115.549,3.605],[115.601,3.441],[115.518,3.357],[115.483,3.206],[115.517,3.157],[115.464,3.031],[115.342,2.991],[115.242,3.042],[115.067,2.828],[115.056,2.609],[115.162,2.59],[115.127,2.479],[114.92,2.296],[114.779,2.247],[114.753,2.135],[114.845,2.025],[114.832,1.903],[114.671,1.821],[114.669,1.694],[114.501,1.436],[114.356,1.502],[114.16,1.425],[114.054,1.465],[113.91,1.442],[113.808,1.34],[113.65,1.233],[113.503,1.314],[113.398,1.294],[113.324,1.351],[113.089,1.431],[112.973,1.415],[113.023,1.537],[112.855,1.583],[112.769,1.552],[112.47,1.568],[112.18,1.449],[112.184,1.369],[112.1,1.155],[111.91,1.114],[111.823,1.008],[111.655,1.031],[111.539,0.998],[111.352,1.014],[111.198,1.075],[110.853,0.997],[110.784,0.908],[110.613,0.894],[110.554,0.851],[110.423,0.909],[110.257,1.039],[110.17,1.174],[110.093,1.192],[109.976,1.288],[109.933,1.379],[109.843,1.403],[109.677,1.573],[109.647,1.762],[109.547,1.814],[109.528,1.89],[109.645,2.083]]],[[[139.974,-8.097],[140,-8.082],[140,-2.36],[139.781,-2.355],[139.678,-2.293],[139.283,-2.122],[139.107,-2.013],[138.803,-1.921],[138.665,-1.789],[138.357,-1.71],[138.075,-1.61],[137.925,-1.484],[137.794,-1.484],[137.532,-1.598],[137.349,-1.71],[137.143,-1.787],[137.102,-1.888],[137.205,-1.95],[137.226,-2.074],[137.154,-2.112],[136.952,-2.142],[136.759,-2.249],[136.684,-2.259],[136.481,-2.211],[136.404,-2.22],[136.289,-2.45],[136.266,-2.56],[136.197,-2.624],[136.023,-2.708],[135.965,-2.776],[135.91,-2.986],[135.843,-3.012],[135.719,-3.149],[135.639,-3.178],[135.564,-3.29],[135.47,-3.363],[135.322,-3.386],[134.985,-3.33],[134.881,-3.243],[134.824,-3.05],[134.701,-2.959],[134.667,-2.826],[134.658,-2.563],[134.556,-2.465],[134.474,-2.581],[134.533,-2.834],[134.464,-2.855],[134.402,-2.745],[134.33,-2.522],[134.193,-2.379],[134.152,-2.175],[134.156,-2.039],[134.087,-1.683],[134.207,-1.573],[134.23,-1.436],[134.282,-1.35],[134.204,-1.213],[134.127,-1.148],[134.036,-0.958],[134.101,-0.813],[133.977,-0.723],[133.745,-0.751],[133.392,-0.723],[133.155,-0.532],[132.905,-0.453],[132.709,-0.36],[132.437,-0.347],[132.27,-0.385],[132.1,-0.47],[131.884,-0.682],[131.59,-0.757],[131.488,-0.747],[131.243,-0.819],[131.292,-0.915],[131.254,-1.08],[131.182,-1.217],[131.03,-1.276],[131.004,-1.456],[131.126,-1.453],[131.206,-1.524],[131.324,-1.469],[131.428,-1.498],[131.573,-1.48],[131.821,-1.598],[131.927,-1.706],[131.973,-1.965],[132.073,-2.105],[132.215,-2.166],[132.348,-2.27],[132.56,-2.186],[132.699,-2.305],[132.816,-2.245],[132.944,-2.283],[133.169,-2.217],[133.296,-2.204],[133.549,-2.245],[133.71,-2.176],[133.94,-2.108],[133.863,-2.218],[133.95,-2.293],[133.921,-2.388],[133.735,-2.517],[133.707,-2.598],[133.607,-2.532],[133.321,-2.492],[133.258,-2.416],[133.034,-2.479],[132.835,-2.736],[132.737,-2.81],[132.586,-2.717],[132.202,-2.676],[132.121,-2.698],[132.035,-2.794],[131.997,-2.915],[132.075,-2.958],[132.188,-2.917],[132.326,-2.947],[132.553,-3.107],[132.603,-3.242],[132.692,-3.338],[132.812,-3.282],[132.832,-3.461],[132.932,-3.554],[132.881,-3.643],[132.756,-3.628],[132.731,-3.682],[132.785,-3.793],[132.792,-3.927],[132.908,-4.088],[132.969,-4.112],[133.079,-4.061],[133.269,-4.052],[133.456,-3.847],[133.409,-3.722],[133.586,-3.567],[133.569,-3.482],[133.663,-3.362],[133.668,-3.122],[133.882,-2.964],[133.846,-3.087],[133.683,-3.233],[133.697,-3.427],[133.642,-3.462],[133.708,-3.61],[133.799,-3.691],[133.844,-3.638],[133.959,-3.838],[134.173,-3.788],[134.191,-3.944],[134.315,-4.02],[134.36,-3.926],[134.43,-3.908],[134.533,-4.022],[134.692,-3.915],[134.658,-4.133],[134.823,-4.259],[135.186,-4.449],[135.43,-4.43],[135.725,-4.495],[135.97,-4.52],[136.036,-4.586],[136.267,-4.676],[136.355,-4.677],[136.822,-4.928],[136.954,-4.923],[137.267,-4.999],[137.58,-5.182],[137.706,-5.222],[137.822,-5.363],[137.915,-5.387],[138.06,-5.575],[138.071,-5.729],[138.271,-5.887],[138.365,-6.092],[138.39,-6.234],[138.466,-6.402],[138.678,-6.603],[138.673,-6.695],[138.822,-6.806],[138.74,-6.897],[138.581,-6.891],[138.572,-6.942],[138.762,-7.114],[138.688,-7.193],[138.886,-7.361],[138.958,-7.507],[139.093,-7.56],[139.007,-7.754],[138.994,-7.865],[138.911,-7.923],[138.906,-8.044],[138.921,-8.08],[138.859,-8.101],[138.839,-8.138],[138.914,-8.292],[139.09,-8.134],[139.201,-8.096],[139.357,-8.199],[139.515,-8.179],[139.631,-8.125],[139.974,-8.097]]],[[[117.673,-8.154],[117.494,-8.176],[117.486,-8.343],[117.567,-8.364],[117.673,-8.154]]],[[[120.773,-7.059],[120.621,-6.998],[120.62,-7.109],[120.771,-7.131],[120.773,-7.059]]],[[[134.602,-6.442],[134.602,-6.405],[134.438,-6.285],[134.358,-6.379],[134.464,-6.425],[134.512,-6.514],[134.602,-6.442]]],[[[134.386,-6.258],[134.333,-6.235],[134.234,-6.13],[134.226,-6.029],[134.126,-6.034],[134.12,-6.122],[134.327,-6.308],[134.386,-6.258]]],[[[109.883,-7.845],[110.034,-7.885],[110.477,-8.112],[110.998,-8.25],[111.171,-8.283],[111.284,-8.251],[111.442,-8.276],[111.673,-8.368],[111.792,-8.257],[111.927,-8.303],[112.366,-8.342],[112.673,-8.447],[112.834,-8.376],[112.903,-8.404],[112.987,-8.323],[113.198,-8.277],[113.346,-8.324],[113.414,-8.39],[113.64,-8.459],[113.724,-8.528],[114.197,-8.646],[114.303,-8.612],[114.385,-8.665],[114.389,-8.748],[114.597,-8.776],[114.589,-8.664],[114.461,-8.618],[114.359,-8.409],[114.447,-8.014],[114.467,-7.831],[114.259,-7.7],[114.14,-7.701],[114.016,-7.618],[113.945,-7.678],[113.804,-7.722],[113.529,-7.7],[113.299,-7.789],[113.133,-7.728],[113.037,-7.655],[112.845,-7.593],[112.761,-7.531],[112.823,-7.263],[112.701,-7.255],[112.583,-6.99],[112.501,-6.911],[112.364,-6.871],[112.193,-6.905],[112.068,-6.894],[111.976,-6.785],[111.882,-6.809],[111.74,-6.782],[111.61,-6.665],[111.493,-6.623],[111.429,-6.699],[111.157,-6.692],[111.052,-6.457],[110.925,-6.404],[110.73,-6.457],[110.665,-6.565],[110.645,-6.688],[110.572,-6.836],[110.472,-6.946],[110.356,-6.973],[110.198,-6.891],[109.896,-6.918],[109.726,-6.863],[109.532,-6.835],[109.352,-6.876],[109.143,-6.856],[109.001,-6.789],[108.923,-6.845],[108.835,-6.788],[108.749,-6.812],[108.605,-6.762],[108.54,-6.487],[108.372,-6.34],[108.36,-6.246],[108.216,-6.238],[108.094,-6.327],[107.811,-6.189],[107.678,-6.238],[107.621,-6.187],[107.47,-6.145],[107.354,-5.976],[107.15,-5.973],[107.044,-5.914],[106.994,-6.079],[106.793,-6.104],[106.721,-6.031],[106.549,-6.007],[106.495,-6.035],[106.257,-5.942],[106.176,-6.014],[106.053,-5.881],[105.888,-6.071],[105.832,-6.229],[105.824,-6.435],[105.711,-6.535],[105.454,-6.809],[105.364,-6.665],[105.261,-6.767],[105.311,-6.81],[105.555,-6.856],[105.775,-6.85],[105.96,-6.818],[106.053,-6.837],[106.283,-6.983],[106.537,-6.983],[106.541,-7.055],[106.398,-7.208],[106.375,-7.31],[106.523,-7.411],[107.107,-7.456],[107.411,-7.496],[107.591,-7.57],[107.687,-7.662],[107.807,-7.687],[107.865,-7.745],[107.954,-7.74],[108.327,-7.817],[108.454,-7.819],[108.54,-7.692],[108.89,-7.679],[109.014,-7.733],[109.098,-7.687],[109.369,-7.713],[109.426,-7.774],[109.657,-7.782],[109.883,-7.845]]],[[[119.862,-0.834],[119.81,-0.834],[119.735,-0.641],[119.682,-0.737],[119.537,-0.85],[119.453,-1.096],[119.328,-1.214],[119.299,-1.388],[119.333,-1.573],[119.308,-1.695],[119.365,-1.828],[119.354,-1.935],[119.216,-2.01],[119.134,-2.204],[119.141,-2.442],[118.914,-2.648],[118.823,-2.621],[118.757,-2.776],[118.772,-2.862],[118.881,-2.861],[118.853,-3.053],[118.764,-3.091],[118.853,-3.296],[118.84,-3.348],[118.927,-3.566],[119.027,-3.51],[119.209,-3.49],[119.298,-3.428],[119.498,-3.495],[119.509,-3.578],[119.457,-3.715],[119.585,-3.97],[119.631,-3.972],[119.6,-4.242],[119.627,-4.315],[119.591,-4.564],[119.491,-4.754],[119.525,-4.883],[119.46,-5.073],[119.38,-5.192],[119.353,-5.356],[119.438,-5.522],[119.547,-5.632],[119.648,-5.679],[119.806,-5.692],[119.915,-5.569],[120.1,-5.596],[120.323,-5.51],[120.459,-5.602],[120.381,-5.337],[120.264,-5.15],[120.309,-4.871],[120.387,-4.829],[120.444,-4.627],[120.402,-4.574],[120.381,-4.167],[120.352,-4.1],[120.354,-3.931],[120.447,-3.729],[120.422,-3.666],[120.395,-3.382],[120.422,-3.268],[120.285,-3.163],[120.232,-2.95],[120.543,-2.747],[120.584,-2.682],[120.776,-2.615],[121.006,-2.661],[121.067,-2.752],[121.08,-2.978],[121.048,-3.066],[121.067,-3.194],[120.979,-3.267],[120.87,-3.446],[120.894,-3.539],[121.16,-3.796],[121.24,-3.808],[121.354,-3.968],[121.555,-4.021],[121.628,-4.087],[121.585,-4.237],[121.536,-4.231],[121.485,-4.656],[121.554,-4.744],[121.704,-4.835],[121.823,-4.813],[121.992,-4.856],[122.108,-4.794],[122.043,-4.708],[122.108,-4.52],[122.43,-4.417],[122.599,-4.397],[122.682,-4.48],[122.769,-4.478],[122.9,-4.389],[122.907,-4.196],[122.816,-4.137],[122.675,-4.123],[122.624,-3.952],[122.53,-3.865],[122.441,-3.731],[122.355,-3.728],[122.25,-3.656],[122.201,-3.557],[122.292,-3.451],[122.252,-3.376],[122.386,-3.132],[122.28,-3.04],[122.313,-2.927],[122.193,-2.866],[122.177,-2.807],[122.016,-2.694],[122.019,-2.615],[121.883,-2.413],[121.823,-2.287],[121.701,-2.18],[121.555,-2.134],[121.535,-2.059],[121.327,-1.919],[121.312,-1.783],[121.441,-1.814],[121.54,-1.923],[121.692,-1.908],[121.799,-1.718],[122.036,-1.614],[122.184,-1.614],[122.369,-1.493],[122.478,-1.381],[122.648,-1.159],[122.721,-1.109],[122.812,-0.924],[123.061,-0.881],[123.239,-1.025],[123.383,-1.004],[123.454,-0.758],[123.403,-0.643],[123.24,-0.57],[123.076,-0.556],[123.026,-0.6],[122.823,-0.612],[122.912,-0.763],[122.716,-0.792],[122.612,-0.752],[122.208,-0.765],[122.105,-0.926],[121.926,-0.955],[121.714,-0.935],[121.66,-0.813],[121.501,-0.859],[121.267,-1.149],[121.197,-1.203],[121.167,-1.323],[121.073,-1.421],[120.988,-1.381],[120.89,-1.395],[120.804,-1.343],[120.676,-1.395],[120.565,-1.216],[120.582,-1.105],[120.5,-0.975],[120.412,-0.905],[120.326,-0.939],[120.244,-0.888],[120.089,-0.657],[119.996,-0.209],[120.023,-0.071],[120.084,0.006],[120.128,0.181],[120.273,0.378],[120.375,0.478],[120.503,0.529],[120.68,0.531],[120.892,0.423],[120.987,0.447],[121.119,0.411],[121.164,0.457],[121.508,0.487],[121.528,0.537],[121.69,0.524],[121.8,0.426],[122.324,0.497],[122.608,0.481],[122.978,0.483],[123.074,0.516],[123.239,0.325],[123.39,0.298],[123.571,0.304],[123.632,0.267],[123.746,0.311],[124.069,0.352],[124.322,0.399],[124.503,0.534],[124.664,0.806],[124.822,0.941],[124.899,0.973],[125.034,1.175],[125.144,1.421],[125.249,1.485],[125.168,1.585],[125.18,1.667],[124.973,1.723],[124.837,1.589],[124.85,1.49],[124.692,1.401],[124.548,1.36],[124.594,1.196],[124.389,1.186],[124.315,1.038],[124.153,0.946],[124.008,0.898],[123.948,0.839],[123.832,0.832],[123.563,0.867],[123.369,0.927],[123.096,0.929],[122.968,0.963],[122.918,0.86],[122.849,0.818],[122.624,0.966],[122.454,1.021],[122.235,1.01],[122.088,1.062],[121.97,1.029],[121.926,1.099],[121.631,1.062],[121.481,1.121],[121.43,1.233],[121.265,1.23],[121.159,1.303],[120.967,1.346],[120.821,1.31],[120.803,1.068],[120.683,0.992],[120.568,0.782],[120.47,0.797],[120.34,0.872],[120.063,0.743],[120.025,0.667],[120.032,0.516],[119.912,0.474],[119.794,0.197],[119.888,0.071],[119.826,-0.09],[119.675,0.03],[119.639,-0.051],[119.73,-0.121],[119.792,-0.107],[119.758,-0.47],[119.854,-0.716],[119.862,-0.834]]],[[[100.942,1.842],[100.856,1.999],[100.666,2.134],[100.561,2.157],[100.382,2.355],[100.308,2.569],[100.203,2.71],[100.131,2.682],[100.019,2.732],[99.98,2.948],[99.782,3.121],[99.751,3.18],[99.589,3.228],[99.49,3.336],[99.18,3.546],[98.958,3.671],[98.797,3.725],[98.711,3.804],[98.677,3.915],[98.477,4.046],[98.306,4.08],[98.263,4.177],[98.276,4.425],[98.206,4.498],[98.054,4.553],[97.909,4.89],[97.664,5.073],[97.497,5.252],[97.268,5.155],[96.973,5.273],[96.828,5.28],[96.651,5.216],[96.362,5.225],[96.126,5.282],[95.93,5.414],[95.888,5.512],[95.612,5.627],[95.511,5.603],[95.413,5.65],[95.197,5.546],[95.252,5.396],[95.199,5.293],[95.291,5.192],[95.426,4.827],[95.561,4.646],[95.617,4.628],[96.01,4.226],[96.191,4.126],[96.43,3.825],[96.56,3.747],[96.761,3.749],[96.884,3.682],[97.019,3.523],[97.183,3.246],[97.271,3.214],[97.332,3.031],[97.422,2.928],[97.603,2.866],[97.644,2.669],[97.658,2.412],[97.744,2.281],[97.984,2.244],[98.153,2.157],[98.355,2.004],[98.535,1.936],[98.658,1.764],[98.76,1.764],[98.819,1.62],[98.73,1.514],[98.917,1.117],[98.981,0.832],[99.042,0.777],[99.04,0.65],[99.09,0.622],[99.139,0.274],[99.244,0.216],[99.316,0.243],[99.408,0.164],[99.611,0.099],[99.747,-0.03],[99.759,-0.168],[99.814,-0.295],[100.001,-0.456],[100.16,-0.668],[100.301,-0.816],[100.353,-0.977],[100.413,-1.039],[100.366,-1.15],[100.406,-1.264],[100.569,-1.331],[100.571,-1.443],[100.784,-1.816],[100.858,-1.892],[100.887,-2.037],[100.832,-2.141],[100.923,-2.333],[101.105,-2.587],[101.327,-2.739],[101.419,-2.927],[101.637,-3.251],[102.066,-3.55],[102.222,-3.643],[102.305,-3.845],[102.313,-3.991],[102.701,-4.27],[102.876,-4.421],[102.92,-4.493],[103.173,-4.618],[103.393,-4.814],[103.415,-4.869],[103.705,-4.955],[103.913,-5.139],[103.901,-5.219],[104.111,-5.446],[104.258,-5.54],[104.298,-5.643],[104.384,-5.692],[104.542,-5.842],[104.561,-5.928],[104.699,-5.93],[104.689,-5.808],[104.533,-5.56],[104.623,-5.491],[104.791,-5.609],[105.118,-5.782],[105.199,-5.679],[105.25,-5.459],[105.311,-5.466],[105.484,-5.659],[105.545,-5.658],[105.602,-5.81],[105.783,-5.829],[105.83,-5.655],[105.833,-5.383],[105.865,-5.256],[105.867,-5.041],[105.91,-4.943],[105.872,-4.849],[105.906,-4.469],[105.813,-4.239],[105.87,-4.004],[105.952,-3.834],[105.82,-3.673],[105.881,-3.451],[105.929,-3.365],[106.063,-3.267],[106.054,-3.047],[106.016,-2.969],[105.879,-2.951],[105.792,-2.862],[105.778,-2.69],[105.673,-2.663],[105.608,-2.552],[105.624,-2.402],[105.202,-2.347],[105.117,-2.38],[104.883,-2.285],[104.768,-2.43],[104.743,-2.341],[104.876,-2.165],[104.874,-2.08],[104.773,-1.998],[104.664,-2.031],[104.637,-1.922],[104.564,-1.858],[104.454,-1.531],[104.445,-1.305],[104.397,-1.191],[104.377,-1.032],[104.212,-1.073],[103.956,-0.977],[103.839,-1.033],[103.65,-0.943],[103.463,-0.758],[103.376,-0.727],[103.418,-0.518],[103.573,-0.475],[103.482,-0.374],[103.401,-0.385],[103.495,-0.254],[103.467,-0.183],[103.494,-0.118],[103.671,-0.017],[103.792,-0.013],[103.76,0.239],[103.711,0.311],[103.362,0.536],[103.224,0.488],[103.166,0.408],[103.076,0.383],[102.903,0.268],[102.763,0.229],[102.716,0.258],[103.075,0.442],[103.056,0.558],[102.877,0.726],[102.667,0.75],[102.552,0.738],[102.425,0.804],[102.24,0.982],[102.194,1.066],[102.201,1.182],[102.147,1.248],[102.118,1.387],[102.021,1.438],[101.779,1.644],[101.592,1.655],[101.427,1.709],[101.378,1.773],[101.3,2.047],[101.067,2.22],[101.05,2.291],[100.908,2.3],[100.813,2.25],[100.803,2.162],[100.886,2.036],[100.942,1.842]]],[[[120.812,-9.984],[120.67,-9.885],[120.58,-9.735],[120.436,-9.631],[120.33,-9.669],[120.253,-9.614],[120.244,-9.509],[120.071,-9.441],[119.946,-9.288],[119.821,-9.379],[119.629,-9.342],[119.169,-9.386],[119.025,-9.438],[118.942,-9.57],[119.037,-9.676],[119.177,-9.741],[119.285,-9.741],[119.406,-9.79],[119.477,-9.749],[119.674,-9.8],[119.697,-9.853],[119.976,-9.992],[120.087,-10.163],[120.156,-10.221],[120.392,-10.263],[120.45,-10.31],[120.566,-10.228],[120.711,-10.207],[120.827,-10.091],[120.812,-9.984]]],[[[119.738,-8.617],[119.627,-8.714],[119.698,-8.802],[119.738,-8.617]]],[[[119.562,-8.532],[119.415,-8.443],[119.443,-8.679],[119.562,-8.532]]],[[[123.35,-8.28],[123.188,-8.235],[123.036,-8.332],[123.041,-8.411],[123.289,-8.404],[123.35,-8.28]]],[[[116.668,-8.289],[116.376,-8.202],[116.27,-8.248],[116.098,-8.408],[116.028,-8.445],[116.073,-8.578],[116.06,-8.714],[115.829,-8.792],[116.002,-8.899],[116.069,-8.856],[116.205,-8.92],[116.565,-8.896],[116.5,-8.803],[116.681,-8.556],[116.743,-8.392],[116.668,-8.289]]],[[[119.199,-8.612],[119.076,-8.652],[119.031,-8.548],[119.051,-8.47],[118.988,-8.309],[118.813,-8.296],[118.696,-8.371],[118.647,-8.289],[118.444,-8.258],[118.365,-8.345],[118.244,-8.329],[118.115,-8.114],[117.895,-8.09],[117.73,-8.159],[117.706,-8.23],[117.823,-8.354],[118.003,-8.474],[118.057,-8.451],[118.282,-8.642],[118.068,-8.656],[117.969,-8.748],[117.887,-8.699],[117.805,-8.72],[117.772,-8.604],[117.649,-8.552],[117.629,-8.457],[117.558,-8.405],[117.353,-8.447],[117.195,-8.358],[116.985,-8.496],[116.79,-8.584],[116.749,-8.667],[116.821,-8.787],[116.735,-8.873],[116.763,-9.016],[117.01,-9.107],[117.127,-9.091],[117.226,-9.024],[117.334,-9.059],[117.558,-9.002],[117.738,-8.91],[117.89,-8.937],[118.079,-8.844],[118.158,-8.868],[118.299,-8.758],[118.465,-8.865],[118.747,-8.776],[118.765,-8.711],[118.898,-8.688],[118.992,-8.755],[119.152,-8.742],[119.199,-8.612]]],[[[123.028,-8.297],[122.98,-8.147],[122.863,-8.07],[122.796,-8.11],[122.79,-8.23],[122.881,-8.286],[122.758,-8.361],[122.598,-8.395],[122.494,-8.475],[122.501,-8.576],[122.288,-8.634],[122.026,-8.5],[121.835,-8.474],[121.68,-8.511],[121.51,-8.602],[121.381,-8.572],[121.291,-8.477],[121.031,-8.393],[120.976,-8.337],[120.745,-8.33],[120.655,-8.262],[120.277,-8.269],[120.109,-8.392],[119.919,-8.461],[119.804,-8.597],[119.824,-8.78],[119.976,-8.814],[120.131,-8.771],[120.244,-8.823],[120.382,-8.796],[120.594,-8.796],[120.764,-8.865],[120.833,-8.817],[120.923,-8.926],[121.067,-8.941],[121.165,-8.895],[121.341,-8.918],[121.396,-8.794],[121.794,-8.884],[122.005,-8.802],[122.115,-8.732],[122.408,-8.741],[122.565,-8.669],[122.807,-8.611],[122.807,-8.487],[122.905,-8.447],[122.904,-8.363],[123.028,-8.297]]],[[[115.653,-8.318],[115.502,-8.173],[115.216,-8.06],[115.136,-8.073],[115.023,-8.173],[114.858,-8.193],[114.691,-8.135],[114.54,-8.128],[114.468,-8.219],[114.549,-8.334],[114.639,-8.399],[114.797,-8.405],[114.927,-8.467],[115.156,-8.662],[115.254,-8.715],[115.323,-8.624],[115.605,-8.501],[115.701,-8.419],[115.653,-8.318]]],[[[115.572,-6.931],[115.461,-6.843],[115.276,-6.835],[115.219,-6.904],[115.266,-6.983],[115.382,-6.911],[115.572,-6.931]]],[[[112.715,-5.736],[112.645,-5.732],[112.604,-5.847],[112.731,-5.828],[112.715,-5.736]]],[[[102.4,-5.418],[102.394,-5.376],[102.172,-5.28],[102.099,-5.335],[102.298,-5.473],[102.4,-5.418]]],[[[116.404,-3.375],[116.325,-3.533],[116.393,-3.632],[116.434,-3.41],[116.404,-3.375]]],[[[116.31,-3.725],[116.263,-3.406],[116.268,-3.219],[116.126,-3.319],[116.053,-3.479],[116.013,-3.65],[116.074,-3.801],[116.057,-4.041],[116.116,-4.037],[116.308,-3.879],[116.31,-3.725]]],[[[100.412,-3.213],[100.473,-3.114],[100.468,-3.015],[100.255,-2.791],[100.189,-2.791],[100.189,-2.967],[100.412,-3.213]]],[[[100.21,-2.708],[99.984,-2.485],[100.008,-2.82],[100.139,-2.82],[100.21,-2.708]]],[[[99.85,-2.334],[99.721,-2.159],[99.694,-2.068],[99.594,-2.015],[99.531,-2.156],[99.713,-2.313],[99.85,-2.334]]],[[[108.968,-1.588],[108.901,-1.533],[108.807,-1.565],[108.831,-1.662],[108.968,-1.588]]],[[[109.763,-1.11],[109.705,-0.984],[109.657,-1.004],[109.588,-0.97],[109.452,-1.004],[109.417,-1.254],[109.479,-1.299],[109.698,-1.191],[109.763,-1.11]]],[[[99.287,-1.654],[99.21,-1.573],[99.165,-1.414],[99.117,-1.367],[98.883,-0.913],[98.658,-0.963],[98.594,-1.198],[98.812,-1.529],[98.885,-1.679],[99.101,-1.799],[99.244,-1.779],[99.287,-1.654]]],[[[98.505,-0.474],[98.507,-0.365],[98.451,-0.258],[98.369,-0.349],[98.317,-0.535],[98.39,-0.577],[98.505,-0.474]]],[[[98.497,-0.2],[98.406,-0.007],[98.344,-0.045],[98.406,-0.168],[98.497,-0.2]]],[[[103.298,0.605],[103.212,0.708],[103.137,0.574],[103.171,0.514],[103.281,0.538],[103.298,0.605]]],[[[103.502,0.763],[103.401,0.88],[103.346,0.763],[103.416,0.657],[103.502,0.763]]],[[[103.052,0.785],[103.022,0.845],[102.764,1.011],[102.664,0.996],[102.556,1.126],[102.47,1.067],[102.502,0.973],[102.407,0.873],[102.558,0.78],[102.681,0.805],[102.852,0.798],[103.007,0.694],[103.052,0.785]]],[[[103.163,0.9],[103.037,1.045],[102.802,1.163],[102.716,1.154],[102.637,1.041],[102.791,1.031],[103.086,0.841],[103.163,0.9]]],[[[104.152,1.14],[104.103,1.19],[103.903,1.091],[103.951,1.014],[104.049,0.984],[104.131,1.049],[104.152,1.14]]],[[[104.656,1.08],[104.588,1.145],[104.4,1.203],[104.232,1.093],[104.315,1.004],[104.452,1.058],[104.483,0.859],[104.6,0.835],[104.662,0.937],[104.656,1.08]]],[[[102.48,1.219],[102.291,1.405],[102.217,1.409],[102.201,1.298],[102.242,1.222],[102.233,1.1],[102.334,0.964],[102.465,0.963],[102.447,1.1],[102.48,1.219]]],[[[102.511,1.295],[102.49,1.49],[102.349,1.555],[102.152,1.581],[102.072,1.623],[102.004,1.586],[102.135,1.456],[102.33,1.413],[102.435,1.299],[102.511,1.295]]],[[[101.758,2.011],[101.682,2.109],[101.531,2.056],[101.441,2.065],[101.394,1.931],[101.46,1.766],[101.577,1.709],[101.715,1.778],[101.776,1.948],[101.758,2.011]]],[[[96.475,2.398],[96.444,2.49],[96.246,2.6],[96.091,2.758],[95.982,2.79],[95.884,2.919],[95.773,2.905],[95.698,2.779],[95.931,2.596],[96.066,2.579],[96.308,2.374],[96.411,2.344],[96.475,2.398]]],[[[117.64,3.437],[117.542,3.428],[117.572,3.313],[117.667,3.272],[117.684,3.4],[117.64,3.437]]],[[[117.497,3.456],[117.394,3.566],[117.268,3.593],[117.255,3.507],[117.497,3.456]]],[[[117.741,4.088],[117.661,4.149],[117.594,4.064],[117.665,3.983],[117.741,4.088]]],[[[108.407,3.885],[108.391,3.997],[108.257,4.131],[108.17,4.179],[107.985,4.012],[108.062,3.856],[108.18,3.817],[108.094,3.696],[108.174,3.652],[108.318,3.684],[108.407,3.885]]],[[[123.413,-10.605],[123.335,-10.49],[123.225,-10.544],[123.162,-10.633],[123.049,-10.711],[122.813,-10.778],[122.842,-10.921],[122.988,-10.865],[123.209,-10.813],[123.243,-10.738],[123.413,-10.605]]],[[[121.96,-10.44],[121.861,-10.441],[121.732,-10.597],[121.86,-10.604],[121.991,-10.522],[121.96,-10.44]]],[[[123.474,-10.163],[123.404,-10.158],[123.32,-10.268],[123.39,-10.331],[123.474,-10.163]]],[[[123.939,-8.232],[123.798,-8.18],[123.643,-8.275],[123.605,-8.364],[123.517,-8.337],[123.358,-8.411],[123.324,-8.535],[123.399,-8.586],[123.574,-8.492],[123.657,-8.405],[123.729,-8.393],[123.775,-8.306],[123.939,-8.232]]],[[[124.294,-8.258],[124.258,-8.182],[124.097,-8.377],[123.985,-8.338],[124.085,-8.556],[124.165,-8.528],[124.209,-8.423],[124.3,-8.319],[124.294,-8.258]]],[[[138.904,-8.352],[138.831,-8.186],[138.689,-8.181],[138.564,-8.307],[138.558,-8.367],[138.894,-8.405],[138.904,-8.352]]],[[[125.139,-8.234],[125.093,-8.162],[124.665,-8.17],[124.569,-8.131],[124.451,-8.149],[124.397,-8.22],[124.41,-8.306],[124.334,-8.413],[124.418,-8.465],[124.65,-8.405],[124.766,-8.408],[125.123,-8.352],[125.139,-8.234]]],[[[128.124,-8.15],[127.833,-8.099],[127.802,-8.176],[127.994,-8.252],[128.124,-8.15]]],[[[131.125,-8.128],[131.038,-8.083],[130.922,-8.198],[130.991,-8.235],[131.125,-8.128]]],[[[129.855,-7.884],[129.725,-7.796],[129.588,-7.836],[129.594,-7.924],[129.694,-8.038],[129.776,-8.055],[129.855,-7.884]]],[[[126.84,-7.739],[126.722,-7.668],[126.631,-7.565],[126.504,-7.59],[126.328,-7.696],[126.203,-7.713],[125.948,-7.678],[125.808,-7.864],[125.812,-8.008],[125.925,-7.912],[126.075,-7.884],[126.19,-7.924],[126.422,-7.933],[126.466,-7.967],[126.559,-7.82],[126.713,-7.747],[126.84,-7.739]]],[[[138.974,-7.553],[138.896,-7.505],[138.805,-7.374],[138.621,-7.365],[138.395,-7.405],[138.244,-7.456],[138.028,-7.61],[137.895,-7.816],[137.801,-8.042],[137.759,-8.073],[137.637,-8.389],[137.677,-8.426],[137.849,-8.378],[138.178,-8.385],[138.293,-8.419],[138.444,-8.379],[138.603,-8.255],[138.661,-8.169],[138.818,-8.093],[138.904,-8.076],[138.884,-7.933],[138.983,-7.83],[139.044,-7.611],[138.974,-7.553]]],[[[131.684,-7.225],[131.638,-7.109],[131.529,-7.17],[131.347,-7.438],[131.255,-7.472],[131.12,-7.734],[131.161,-7.81],[131.086,-7.872],[131.116,-8.001],[131.23,-8.004],[131.361,-7.947],[131.39,-7.847],[131.558,-7.707],[131.643,-7.599],[131.699,-7.414],[131.643,-7.255],[131.684,-7.225]]],[[[114.066,-6.923],[113.924,-6.865],[113.526,-6.896],[113.446,-6.882],[112.915,-6.892],[112.693,-7.059],[112.743,-7.161],[112.818,-7.161],[113.128,-7.231],[113.269,-7.217],[113.549,-7.234],[113.665,-7.11],[113.833,-7.132],[113.91,-7.048],[114.051,-7.011],[114.066,-6.923]]],[[[134.511,-6.581],[134.45,-6.441],[134.349,-6.4],[134.295,-6.298],[134.124,-6.172],[134.127,-6.325],[134.073,-6.827],[134.185,-6.919],[134.311,-6.859],[134.511,-6.581]]],[[[120.555,-5.979],[120.448,-5.844],[120.45,-6.141],[120.431,-6.195],[120.522,-6.337],[120.555,-5.979]]],[[[132.811,-5.797],[132.734,-5.655],[132.683,-5.749],[132.668,-5.888],[132.742,-5.95],[132.811,-5.797]]],[[[134.758,-6.168],[134.727,-6.028],[134.765,-5.89],[134.726,-5.711],[134.758,-5.671],[134.697,-5.534],[134.581,-5.424],[134.491,-5.448],[134.352,-5.714],[134.36,-5.85],[134.276,-6.084],[134.334,-6.221],[134.502,-6.299],[134.608,-6.37],[134.702,-6.322],[134.758,-6.168]]],[[[133.188,-5.325],[133.11,-5.311],[133.023,-5.549],[133.113,-5.596],[133.188,-5.325]]],[[[122.064,-5.224],[121.983,-5.079],[121.854,-5.102],[121.807,-5.26],[121.882,-5.39],[121.968,-5.468],[122.053,-5.432],[122.064,-5.224]]],[[[122.781,-4.939],[122.736,-4.644],[122.657,-4.624],[122.499,-4.725],[122.405,-4.738],[122.327,-4.835],[122.403,-5.062],[122.342,-5.109],[122.275,-5.328],[122.407,-5.353],[122.543,-5.429],[122.655,-5.323],[122.606,-5.236],[122.643,-5.079],[122.781,-4.939]]],[[[123.189,-5.248],[122.984,-5.088],[122.964,-4.993],[123.015,-4.929],[123.046,-4.753],[123.15,-4.718],[123.204,-4.612],[123.148,-4.508],[123.02,-4.39],[122.909,-4.475],[122.848,-4.649],[122.855,-4.818],[122.763,-5.208],[122.567,-5.507],[122.638,-5.662],[122.722,-5.628],[122.828,-5.676],[122.918,-5.527],[122.876,-5.458],[122.978,-5.394],[123.066,-5.418],[123.213,-5.302],[123.189,-5.248]]],[[[123.234,-4.015],[123.016,-3.981],[122.951,-4.047],[122.978,-4.129],[123.087,-4.234],[123.169,-4.221],[123.253,-4.09],[123.234,-4.015]]],[[[128.349,-3.529],[128.287,-3.505],[128.159,-3.585],[128.035,-3.589],[127.916,-3.694],[128.127,-3.749],[128.237,-3.722],[128.337,-3.612],[128.349,-3.529]]],[[[128.726,-3.546],[128.598,-3.492],[128.619,-3.608],[128.726,-3.546]]],[[[127.243,-3.606],[127.26,-3.371],[127.046,-3.305],[127.094,-3.201],[126.893,-3.126],[126.84,-3.074],[126.72,-3.06],[126.421,-3.07],[126.297,-3.106],[126.185,-3.181],[126.091,-3.112],[125.992,-3.248],[126.053,-3.446],[126.149,-3.526],[126.174,-3.603],[126.589,-3.817],[126.742,-3.859],[126.946,-3.766],[127.122,-3.653],[127.243,-3.606]]],[[[106.916,-2.951],[106.813,-2.892],[106.723,-2.966],[106.861,-3.029],[106.916,-2.951]]],[[[130.876,-3.586],[130.761,-3.406],[130.667,-3.404],[130.578,-3.123],[130.345,-2.978],[130.047,-2.992],[129.612,-2.807],[129.444,-2.785],[129.358,-2.856],[129.122,-2.958],[129.053,-2.804],[128.865,-2.862],[128.601,-2.855],[128.516,-2.834],[128.381,-2.86],[128.175,-2.857],[128.106,-2.976],[128.104,-3.067],[128.008,-3.074],[127.875,-3.209],[127.93,-3.323],[128.022,-3.369],[128.067,-3.197],[128.282,-3.221],[128.399,-3.41],[128.484,-3.462],[128.678,-3.432],[128.693,-3.349],[128.877,-3.203],[128.953,-3.22],[128.961,-3.356],[129.114,-3.349],[129.236,-3.402],[129.358,-3.41],[129.486,-3.463],[129.563,-3.44],[129.545,-3.298],[129.89,-3.333],[129.983,-3.46],[130.126,-3.533],[130.419,-3.637],[130.607,-3.778],[130.818,-3.869],[130.832,-3.694],[130.876,-3.586]]],[[[108.289,-2.867],[108.267,-2.757],[108.067,-2.594],[107.789,-2.554],[107.67,-2.561],[107.643,-2.748],[107.594,-2.786],[107.611,-2.918],[107.581,-3.011],[107.64,-3.122],[107.603,-3.229],[107.753,-3.198],[107.888,-3.087],[107.966,-3.151],[107.994,-3.242],[108.091,-3.161],[108.188,-3.137],[108.204,-3.005],[108.289,-2.867]]],[[[126.074,-2.407],[125.977,-2.18],[125.999,-2.015],[125.879,-2.018],[125.863,-2.087],[125.946,-2.272],[125.966,-2.402],[126.074,-2.407]]],[[[126.341,-1.82],[125.993,-1.786],[125.703,-1.819],[125.497,-1.806],[125.402,-1.775],[125.438,-1.933],[125.98,-1.902],[126.272,-1.867],[126.341,-1.82]]],[[[130.355,-1.912],[130.438,-1.851],[130.352,-1.741],[130.012,-1.75],[129.745,-1.863],[129.744,-1.912],[129.926,-2.004],[130.066,-2.023],[130.126,-2.067],[130.374,-2.013],[130.355,-1.912]]],[[[125.32,-1.793],[125.185,-1.704],[125.023,-1.723],[124.633,-1.631],[124.385,-1.668],[124.331,-1.827],[124.406,-2.004],[124.543,-2.007],[124.853,-1.897],[125.014,-1.944],[125.11,-1.895],[125.322,-1.864],[125.32,-1.793]]],[[[136.899,-1.795],[136.705,-1.731],[136.39,-1.726],[136.191,-1.654],[135.897,-1.648],[135.464,-1.59],[135.484,-1.675],[135.718,-1.703],[136.273,-1.909],[136.338,-1.861],[136.454,-1.895],[136.645,-1.876],[136.73,-1.826],[136.899,-1.795]]],[[[106.815,-2.561],[106.354,-2.463],[106.264,-2.351],[106.163,-2.007],[106.175,-1.879],[106.035,-1.678],[106.034,-1.576],[105.876,-1.489],[105.72,-1.524],[105.758,-1.645],[105.652,-1.707],[105.611,-1.54],[105.46,-1.563],[105.35,-1.649],[105.395,-1.738],[105.376,-1.822],[105.154,-1.936],[105.147,-2.08],[105.23,-2.07],[105.306,-2.135],[105.45,-2.123],[105.566,-2.067],[105.607,-2.115],[105.796,-2.172],[105.829,-2.395],[105.944,-2.499],[105.902,-2.629],[105.987,-2.821],[106.094,-2.841],[106.447,-2.981],[106.532,-3.106],[106.601,-3.071],[106.707,-3.094],[106.746,-3.02],[106.613,-2.943],[106.675,-2.7],[106.815,-2.561]]],[[[128.159,-1.637],[127.899,-1.427],[127.625,-1.33],[127.404,-1.492],[127.379,-1.632],[127.533,-1.731],[127.703,-1.69],[127.933,-1.683],[128.052,-1.715],[128.159,-1.637]]],[[[123.522,-1.266],[123.352,-1.229],[123.255,-1.377],[123.202,-1.307],[123.246,-1.223],[123.201,-1.155],[122.899,-1.184],[122.836,-1.274],[122.812,-1.444],[122.874,-1.585],[122.993,-1.509],[123.095,-1.346],[123.164,-1.312],[123.185,-1.486],[123.327,-1.421],[123.408,-1.517],[123.529,-1.433],[123.522,-1.266]]],[[[134.993,-1.033],[134.938,-0.958],[134.834,-0.957],[134.8,-1.028],[134.852,-1.109],[134.957,-1.129],[134.993,-1.033]]],[[[131.059,-1.005],[131.035,-0.915],[130.913,-0.894],[130.681,-0.957],[130.75,-1.223],[130.853,-1.331],[130.983,-1.349],[131.073,-1.078],[131.059,-1.005]]],[[[130.925,-0.781],[130.874,-0.765],[130.733,-0.826],[130.631,-0.806],[130.519,-0.84],[130.543,-0.914],[130.819,-0.87],[130.925,-0.781]]],[[[136.385,-1.108],[136.297,-1.054],[136.196,-1.067],[136.066,-0.872],[135.847,-0.696],[135.778,-0.749],[135.677,-0.686],[135.37,-0.653],[135.641,-0.882],[135.741,-0.819],[135.781,-0.873],[135.828,-1.108],[135.906,-1.189],[135.991,-1.169],[136.143,-1.223],[136.294,-1.183],[136.385,-1.108]]],[[[127.318,-0.78],[127.214,-0.615],[127.156,-0.772],[127.318,-0.78]]],[[[121.896,-0.428],[121.741,-0.429],[121.726,-0.483],[121.878,-0.511],[121.896,-0.428]]],[[[104.593,-0.448],[104.47,-0.332],[104.383,-0.401],[104.325,-0.365],[104.256,-0.476],[104.336,-0.543],[104.522,-0.597],[104.593,-0.448]]],[[[122.044,-0.335],[121.872,-0.333],[121.875,-0.395],[122.027,-0.407],[122.044,-0.335]]],[[[127.898,-0.767],[127.79,-0.69],[127.653,-0.707],[127.606,-0.629],[127.683,-0.46],[127.532,-0.305],[127.461,-0.407],[127.317,-0.34],[127.303,-0.511],[127.399,-0.62],[127.47,-0.818],[127.626,-0.752],[127.653,-0.827],[127.749,-0.885],[127.822,-0.864],[127.898,-0.767]]],[[[127.211,-0.513],[127.277,-0.373],[127.235,-0.252],[127.11,-0.288],[127.117,-0.525],[127.211,-0.513]]],[[[103.735,-0.281],[103.558,-0.223],[103.461,-0.334],[103.613,-0.387],[103.735,-0.281]]],[[[131.307,-0.251],[131.297,-0.159],[131.154,-0.086],[130.825,-0.004],[130.499,-0.063],[130.369,-0.122],[130.281,-0.105],[130.316,-0.26],[130.455,-0.271],[130.579,-0.334],[130.681,-0.34],[130.733,-0.442],[130.865,-0.429],[130.948,-0.367],[130.887,-0.296],[130.811,-0.319],[130.626,-0.126],[130.696,-0.08],[130.952,-0.346],[131.023,-0.367],[131.158,-0.333],[131.238,-0.389],[131.307,-0.251]]],[[[105.011,-0.282],[104.849,-0.14],[104.766,-0.188],[104.62,-0.004],[104.525,-0.008],[104.494,-0.136],[104.437,-0.181],[104.541,-0.271],[104.736,-0.214],[104.851,-0.301],[105.011,-0.282]]],[[[97.939,0.986],[97.792,1.144],[97.694,1.186],[97.486,1.477],[97.35,1.545],[97.236,1.417],[97.08,1.429],[97.233,1.277],[97.388,1.019],[97.389,0.952],[97.614,0.824],[97.704,0.573],[97.827,0.563],[97.883,0.643],[97.901,0.906],[97.939,0.986]]],[[[127.667,-0.186],[127.708,-0.287],[127.851,-0.365],[128.049,-0.713],[128.25,-0.796],[128.251,-0.867],[128.406,-0.892],[128.228,-0.71],[128.043,-0.415],[128.017,-0.313],[127.892,-0.017],[127.921,0.146],[127.881,0.302],[127.91,0.438],[127.96,0.483],[128.152,0.456],[128.262,0.391],[128.475,0.387],[128.538,0.327],[128.861,0.244],[128.824,0.311],[128.704,0.332],[128.684,0.542],[128.313,0.668],[128.214,0.774],[128.298,0.823],[128.315,0.902],[128.44,0.932],[128.701,1.071],[128.741,1.405],[128.686,1.445],[128.719,1.571],[128.46,1.545],[128.365,1.503],[128.187,1.374],[128.142,1.301],[128.196,1.196],[128.161,1.132],[128.055,1.12],[127.936,1.007],[127.923,0.87],[127.796,0.799],[127.655,0.89],[127.638,1.001],[127.834,1.144],[127.894,1.157],[127.974,1.298],[128.035,1.538],[127.996,1.627],[128.015,1.719],[127.941,1.8],[127.852,1.825],[127.865,1.929],[127.943,1.981],[128.05,2.148],[127.917,2.172],[127.69,1.925],[127.581,1.752],[127.519,1.532],[127.541,1.476],[127.406,1.23],[127.492,1.055],[127.508,0.886],[127.625,0.832],[127.555,0.74],[127.527,0.561],[127.572,0.422],[127.714,0.277],[127.681,0.162],[127.7,0.048],[127.667,-0.186]]],[[[128.695,2.439],[128.596,2.609],[128.467,2.594],[128.321,2.459],[128.197,2.266],[128.246,2.106],[128.345,2.04],[128.49,2.054],[128.567,2.11],[128.642,2.261],[128.695,2.439]]],[[[125.656,3.462],[125.513,3.708],[125.442,3.638],[125.521,3.577],[125.505,3.481],[125.624,3.398],[125.656,3.462]]],[[[126.9,4.307],[126.885,4.457],[126.816,4.546],[126.734,4.536],[126.705,4.424],[126.711,4.264],[126.792,4.241],[126.665,4.034],[126.759,3.993],[126.81,4.037],[126.81,4.157],[126.9,4.307]]],[[[123.61,-1.612],[123.545,-1.497],[123.477,-1.563],[123.487,-1.7],[123.575,-1.72],[123.61,-1.612]]],[[[98.59,0.172],[98.539,0.09],[98.689,0.071],[98.845,0.085],[98.836,0.141],[98.59,0.172]]]]},"properties":{"kind":"country","name":"Indonesia"}},{"type":"Feature","geometry":{"type":"MultiPolygon","coordinates":[[[[117.907,4.157],[117.785,4.247],[117.704,4.163],[117.907,4.157]]],[[[100.127,6.442],[100.175,6.291],[100.248,6.221],[100.349,6.013],[100.376,5.811],[100.344,5.669],[100.385,5.499],[100.385,5.377],[100.43,5.303],[100.409,5.127],[100.365,5.084],[100.454,4.909],[100.577,4.854],[100.633,4.533],[100.565,4.319],[100.633,4.155],[100.776,4.086],[100.719,3.991],[100.721,3.868],[101.041,3.622],[101.108,3.474],[101.298,3.275],[101.373,3.002],[101.283,2.911],[101.286,2.85],[101.399,2.819],[101.542,2.661],[101.783,2.576],[101.858,2.419],[101.989,2.395],[102.188,2.216],[102.489,2.093],[102.722,1.847],[102.804,1.86],[102.935,1.748],[103.037,1.716],[103.206,1.61],[103.367,1.538],[103.446,1.359],[103.504,1.29],[103.681,1.442],[103.84,1.477],[104.219,1.346],[104.295,1.447],[104.255,1.638],[104.121,1.954],[103.976,2.192],[103.949,2.34],[103.838,2.464],[103.767,2.624],[103.638,2.672],[103.474,2.851],[103.435,2.962],[103.456,3.204],[103.428,3.367],[103.482,3.512],[103.405,3.6],[103.339,3.758],[103.438,3.975],[103.395,4.116],[103.455,4.183],[103.494,4.337],[103.451,4.488],[103.469,4.55],[103.449,4.795],[103.12,5.381],[102.959,5.542],[102.876,5.571],[102.696,5.713],[102.5,5.897],[102.38,6.133],[102.316,6.19],[102.073,6.258],[102.06,6.095],[101.959,6.012],[101.913,5.859],[101.8,5.74],[101.65,5.783],[101.535,5.906],[101.249,5.787],[101.225,5.699],[101.105,5.638],[100.967,5.781],[101.015,5.898],[101.071,5.92],[101.094,6.086],[101.053,6.135],[101.082,6.246],[100.974,6.273],[100.822,6.26],[100.806,6.415],[100.713,6.493],[100.648,6.447],[100.387,6.522],[100.318,6.577],[100.281,6.689],[100.167,6.695],[100.127,6.442]]],[[[117.567,4.16],[117.652,4.285],[117.606,4.382],[117.671,4.426],[117.892,4.257],[118.005,4.232],[118.137,4.299],[118.543,4.36],[118.645,4.444],[118.6,4.519],[118.445,4.615],[118.334,4.652],[118.219,4.756],[118.136,4.882],[118.217,4.966],[118.357,5.039],[118.509,4.931],[118.585,4.972],[118.681,4.944],[119.156,5.106],[119.267,5.201],[119.274,5.361],[119.205,5.443],[119.086,5.41],[118.971,5.428],[118.737,5.548],[118.594,5.682],[118.411,5.796],[118.262,5.828],[118.176,5.805],[118.127,5.694],[117.965,5.686],[117.938,5.815],[118.059,5.809],[118.125,5.864],[118.017,6.061],[117.884,5.955],[117.655,5.959],[117.666,6.08],[117.606,6.182],[117.723,6.255],[117.744,6.39],[117.641,6.522],[117.51,6.602],[117.442,6.553],[117.309,6.629],[117.228,6.838],[117.247,6.951],[117.144,7.004],[117.029,6.91],[117.053,6.831],[116.974,6.708],[116.824,6.582],[116.778,6.627],[116.859,6.818],[116.832,6.973],[116.746,7.01],[116.669,6.876],[116.645,6.717],[116.503,6.495],[116.348,6.38],[116.32,6.313],[116.201,6.218],[116.066,5.931],[116.051,5.842],[115.92,5.747],[115.849,5.56],[115.674,5.529],[115.55,5.54],[115.404,5.424],[115.36,5.32],[115.561,5.208],[115.557,5.067],[115.358,4.903],[115.199,4.951],[115.146,4.909],[115.207,4.826],[115.273,4.637],[115.272,4.475],[115.344,4.372],[115.324,4.315],[115.113,4.382],[115.035,4.621],[115.03,4.821],[114.982,4.889],[114.752,4.739],[114.782,4.498],[114.836,4.357],[114.767,4.132],[114.675,4.044],[114.587,4.021],[114.477,4.145],[114.42,4.26],[114.297,4.317],[114.246,4.481],[113.999,4.601],[113.947,4.274],[113.737,4.001],[113.434,3.753],[113.391,3.648],[113.278,3.484],[113.069,3.279],[112.974,3.144],[112.014,2.886],[111.67,2.843],[111.44,2.68],[111.405,2.484],[111.448,2.372],[111.365,2.341],[111.255,2.419],[111.209,2.389],[111.185,2.145],[111.211,2.074],[111.096,1.774],[110.968,1.503],[110.84,1.566],[110.727,1.547],[110.366,1.716],[109.928,1.692],[109.887,1.76],[109.732,1.84],[109.655,1.937],[109.645,2.083],[109.528,1.89],[109.547,1.814],[109.647,1.762],[109.677,1.573],[109.843,1.403],[109.933,1.379],[109.976,1.288],[110.093,1.192],[110.17,1.174],[110.257,1.039],[110.423,0.909],[110.554,0.851],[110.613,0.894],[110.784,0.908],[110.853,0.997],[111.198,1.075],[111.352,1.014],[111.539,0.998],[111.655,1.031],[111.823,1.008],[111.91,1.114],[112.1,1.155],[112.184,1.369],[112.18,1.449],[112.47,1.568],[112.769,1.552],[112.855,1.583],[113.023,1.537],[112.973,1.415],[113.089,1.431],[113.324,1.351],[113.398,1.294],[113.503,1.314],[113.65,1.233],[113.808,1.34],[113.91,1.442],[114.054,1.465],[114.16,1.425],[114.356,1.502],[114.501,1.436],[114.669,1.694],[114.671,1.821],[114.832,1.903],[114.845,2.025],[114.753,2.135],[114.779,2.247],[114.92,2.296],[115.127,2.479],[115.162,2.59],[115.056,2.609],[115.067,2.828],[115.242,3.042],[115.342,2.991],[115.464,3.031],[115.517,3.157],[115.483,3.206],[115.518,3.357],[115.601,3.441],[115.549,3.605],[115.589,3.858],[115.538,3.898],[115.622,4.04],[115.647,4.169],[115.817,4.281],[115.879,4.352],[116.021,4.271],[116.126,4.379],[116.311,4.383],[116.391,4.295],[116.494,4.325],[117.165,4.333],[117.217,4.353],[117.413,4.2],[117.567,4.16]]],[[[111.412,2.387],[111.382,2.523],[111.381,2.698],[111.299,2.703],[111.308,2.452],[111.412,2.387]]],[[[100.319,5.435],[100.179,5.427],[100.195,5.272],[100.289,5.263],[100.319,5.435]]],[[[99.911,6.349],[99.851,6.466],[99.719,6.353],[99.807,6.318],[99.911,6.349]]],[[[117.246,7.356],[117.064,7.271],[117.064,7.127],[117.23,7.192],[117.283,7.309],[117.246,7.356]]]]},"properties":{"kind":"country","name":"Malaysia"}},{"type":"Feature","geometry":{"type":"Polygon","coordinates":[[[33.702,34.973],[33.781,34.976],[33.782,34.976],[33.892,34.958],[33.719,35.063],[33.702,34.973]]]},"properties":{"kind":"country","name":"Dhekelia"}},{"type":"Feature","geometry":{"type":"Polygon","coordinates":[[[33.702,34.973],[33.719,35.063],[33.892,34.958],[34.051,35.033],[33.9,35.164],[33.971,35.321],[34.059,35.324],[34.138,35.415],[34.573,35.644],[34.182,35.554],[34.036,35.471],[33.66,35.359],[33.428,35.329],[32.92,35.398],[32.929,35.233],[32.865,35.157],[32.65,35.188],[32.528,35.157],[32.45,35.059],[32.372,35.041],[32.329,34.886],[32.413,34.753],[32.666,34.652],[32.761,34.653],[32.832,34.701],[33.016,34.634],[33.072,34.687],[33.246,34.698],[33.606,34.822],[33.702,34.973]]]},"properties":{"kind":"country","name":"Cyprus"}},{"type":"Feature","geometry":{"type":"Polygon","coordinates":[[[34.481,31.583],[34.556,31.54],[34.367,31.393],[34.351,31.289],[34.248,31.211],[34.33,30.994],[34.48,30.651],[34.534,30.4],[34.599,30.345],[34.735,30.007],[34.824,29.742],[34.887,29.49],[34.956,29.559],[35.049,29.842],[35.086,30.034],[35.145,30.155],[35.16,30.348],[35.14,30.43],[35.205,30.617],[35.385,30.963],[35.438,31.104],[35.396,31.258],[35.458,31.492],[35.39,31.487],[35.223,31.381],[34.927,31.345],[34.867,31.396],[34.974,31.63],[35.149,31.737],[35.174,31.808],[35.034,31.861],[34.958,32.186],[35.064,32.463],[35.209,32.543],[35.393,32.494],[35.407,32.415],[35.561,32.385],[35.574,32.573],[35.612,32.682],[35.638,32.875],[35.621,33.05],[35.672,33.15],[35.604,33.24],[35.549,33.281],[35.48,33.087],[35.332,33.057],[35.284,33.101],[35.105,33.089],[35.08,32.906],[35.028,32.827],[34.948,32.814],[34.942,32.725],[34.838,32.281],[34.712,31.952],[34.61,31.766],[34.481,31.583]]]},"properties":{"kind":"country","name":"Israel"}},{"type":"Feature","geometry":{"type":"MultiPolygon","coordinates":[[[[34.248,31.211],[34.351,31.289],[34.367,31.393],[34.556,31.54],[34.481,31.583],[34.2,31.314],[34.248,31.211]]],[[[35.561,32.385],[35.407,32.415],[35.393,32.494],[35.209,32.543],[35.064,32.463],[34.958,32.186],[35.034,31.861],[35.174,31.808],[35.149,31.737],[34.974,31.63],[34.867,31.396],[34.927,31.345],[35.223,31.381],[35.39,31.487],[35.458,31.492],[35.48,31.641],[35.559,31.765],[35.523,32.058],[35.573,32.238],[35.561,32.385]]]]},"properties":{"kind":"country","name":"Palestine"}},{"type":"Feature","geometry":{"type":"Polygon","coordinates":[[[35.97,34.65],[35.983,34.539],[35.805,34.459],[35.627,34.201],[35.648,34.119],[35.578,33.917],[35.483,33.872],[35.477,33.804],[35.349,33.514],[35.271,33.458],[35.205,33.225],[35.105,33.089],[35.284,33.101],[35.332,33.057],[35.48,33.087],[35.549,33.281],[35.604,33.24],[35.919,33.462],[36.013,33.608],[35.922,33.64],[36.05,33.816],[36.166,33.83],[36.391,34.045],[36.488,34.089],[36.604,34.199],[36.531,34.414],[36.433,34.494],[36.324,34.679],[36.262,34.627],[35.97,34.65]]]},"properties":{"kind":"country","name":"Lebanon"}},{"type":"Feature","geometry":{"type":"Polygon","coordinates":[[[36.526,14.264],[36.437,13.991],[36.458,13.82],[36.382,13.571],[36.234,13.362],[36.114,12.934],[36.143,12.833],[36.124,12.721],[35.728,12.674],[35.617,12.575],[35.354,12.146],[35.317,12.024],[35.216,11.897],[35.088,11.838],[35.048,11.771],[35.073,11.549],[34.947,11.275],[34.98,11.155],[34.914,10.964],[34.934,10.845],[34.839,10.729],[34.751,10.744],[34.587,10.879],[34.437,10.796],[34.279,10.566],[34.325,10.269],[34.303,10.114],[34.222,10.026],[34.098,9.68],[34.071,9.455],[34.112,8.627],[34.07,8.534],[33.971,8.445],[33.696,8.373],[33.6,8.464],[33.361,8.434],[33.253,8.458],[33.174,8.404],[33.161,8.305],[33.207,8.241],[32.99,7.917],[33.051,7.801],[33.242,7.781],[33.36,7.719],[33.462,7.75],[33.572,7.685],[33.716,7.657],[33.882,7.536],[34.007,7.41],[34.031,7.255],[34.196,7.129],[34.198,7.064],[34.298,6.969],[34.504,6.89],[34.525,6.753],[34.636,6.73],[34.734,6.638],[34.845,6.249],[34.951,6.081],[34.984,5.841],[35.099,5.622],[35.262,5.512],[35.255,5.426],[35.321,5.349],[35.43,5.427],[35.598,5.369],[35.658,5.386],[35.804,5.318],[35.807,5.165],[35.756,5.063],[35.752,4.854],[35.785,4.764],[35.921,4.619],[35.934,4.522],[36.041,4.444],[36.62,4.443],[36.844,4.432],[37.016,4.371],[37.112,4.282],[37.977,3.726],[38.102,3.613],[38.39,3.597],[38.497,3.624],[38.66,3.594],[38.895,3.514],[39.068,3.527],[39.18,3.477],[39.436,3.462],[39.536,3.405],[39.575,3.498],[39.745,3.661],[39.848,3.867],[40.383,4.121],[40.701,4.244],[40.764,4.285],[40.887,4.156],[41.006,4.087],[41.115,3.962],[41.215,3.937],[41.43,3.949],[41.7,3.997],[41.836,3.949],[41.885,3.977],[41.923,4.071],[42.135,4.2],[42.297,4.202],[42.79,4.286],[42.869,4.327],[42.96,4.517],[43.119,4.648],[43.528,4.842],[43.969,4.954],[44.913,4.899],[44.942,4.911],[45.936,5.997],[46.424,6.497],[47.979,7.997],[46.979,7.997],[46.921,8.026],[45.514,8.497],[44.024,8.986],[43.622,9.337],[43.548,9.336],[43.419,9.413],[43.371,9.544],[43.235,9.692],[43.187,9.883],[43.068,9.923],[42.958,10.116],[42.836,10.208],[42.777,10.425],[42.647,10.632],[42.7,10.659],[42.819,10.873],[42.924,10.999],[42.772,10.996],[42.73,11.065],[42.616,11.09],[42.392,11.006],[42.069,10.982],[41.954,10.941],[41.799,10.971],[41.788,11.26],[41.749,11.538],[41.808,11.736],[41.936,11.827],[42.098,12.07],[42.289,12.321],[42.379,12.466],[42.137,12.773],[41.947,12.876],[41.817,13.113],[41.712,13.248],[41.531,13.394],[41.192,13.616],[41.044,13.872],[40.833,14.106],[40.704,14.173],[40.586,14.195],[40.422,14.274],[40.277,14.405],[40.105,14.466],[39.911,14.423],[39.767,14.505],[39.489,14.524],[39.208,14.44],[39.158,14.56],[39.075,14.637],[38.866,14.494],[38.607,14.436],[38.427,14.417],[38.325,14.505],[38.229,14.68],[38.007,14.724],[37.891,14.88],[37.565,14.117],[37.475,14.2],[37.394,14.35],[37.294,14.457],[37.121,14.421],[37.073,14.285],[36.748,14.332],[36.526,14.264]]]},"properties":{"kind":"country","name":"Ethiopia"}},{"type":"Feature","geometry":{"type":"Polygon","coordinates":[[[33.977,4.22],[34.381,4.62],[34.666,4.765],[35.246,4.982],[35.412,5.03],[35.396,4.926],[35.571,4.904],[35.522,4.78],[35.611,4.62],[35.7,4.589],[35.921,4.619],[35.785,4.764],[35.752,4.854],[35.756,5.063],[35.807,5.165],[35.804,5.318],[35.658,5.386],[35.598,5.369],[35.43,5.427],[35.321,5.349],[35.255,5.426],[35.262,5.512],[35.099,5.622],[34.984,5.841],[34.951,6.081],[34.845,6.249],[34.734,6.638],[34.636,6.73],[34.525,6.753],[34.504,6.89],[34.298,6.969],[34.198,7.064],[34.196,7.129],[34.031,7.255],[34.007,7.41],[33.882,7.536],[33.716,7.657],[33.572,7.685],[33.462,7.75],[33.36,7.719],[33.242,7.781],[33.051,7.801],[32.99,7.917],[33.207,8.241],[33.161,8.305],[33.174,8.404],[33.253,8.458],[33.361,8.434],[33.6,8.464],[33.696,8.373],[33.971,8.445],[34.07,8.534],[34.112,8.627],[34.071,9.455],[33.901,9.455],[33.878,9.543],[33.905,9.711],[33.969,9.838],[33.967,10.047],[33.902,10.192],[33.469,10.544],[33.371,10.651],[33.151,10.731],[33.182,10.843],[33.083,11.585],[33.132,11.686],[33.145,11.935],[33.209,12.21],[32.732,12.216],[32.747,12.003],[32.082,12],[32.345,11.709],[32.346,11.412],[32.364,11.24],[32.435,11.107],[32.414,11.051],[31.943,10.656],[31.864,10.472],[31.665,10.214],[31.235,9.792],[31.164,9.764],[30.749,9.736],[30.485,9.972],[30.013,10.27],[29.615,10.058],[29.614,9.914],[29.483,9.762],[29.252,9.711],[28.989,9.587],[28.849,9.466],[28.844,9.325],[28.045,9.331],[27.895,9.595],[27.339,9.613],[27.08,9.607],[26.694,9.477],[26.557,9.52],[26.179,9.959],[26.103,9.988],[26.017,10.115],[25.901,10.191],[25.895,10.346],[25.843,10.418],[25.48,10.344],[25.084,10.293],[25.017,10.168],[24.976,9.967],[24.793,9.798],[24.794,9.532],[24.68,9.373],[24.661,9.182],[24.565,9.015],[24.558,8.887],[24.38,8.844],[24.17,8.689],[24.244,8.57],[24.137,8.439],[24.131,8.343],[24.332,8.246],[24.431,8.271],[24.513,8.207],[24.615,8.217],[24.832,8.166],[24.918,8.087],[24.953,7.997],[25.09,7.885],[25.217,7.864],[25.279,7.659],[25.165,7.58],[25.19,7.501],[25.316,7.417],[25.36,7.336],[25.592,7.211],[25.786,7.143],[25.801,7.105],[26.026,6.997],[26.081,6.842],[26.236,6.72],[26.378,6.653],[26.277,6.477],[26.29,6.387],[26.452,6.28],[26.528,6.043],[26.705,6.01],[26.819,5.895],[26.981,5.859],[27.03,5.79],[27.17,5.72],[27.261,5.55],[27.22,5.441],[27.238,5.323],[27.301,5.205],[27.441,5.071],[27.436,5.013],[27.553,4.901],[27.641,4.891],[27.767,4.735],[27.772,4.596],[27.838,4.56],[28.014,4.55],[28.009,4.499],[28.178,4.347],[28.303,4.352],[28.404,4.278],[28.548,4.371],[28.755,4.554],[28.815,4.478],[28.986,4.496],[29.173,4.348],[29.304,4.387],[29.494,4.668],[29.619,4.642],[29.778,4.524],[29.776,4.406],[29.883,4.344],[29.923,4.258],[30.058,4.124],[30.123,4.102],[30.206,3.95],[30.338,3.928],[30.539,3.842],[30.573,3.601],[30.693,3.632],[30.838,3.563],[30.84,3.49],[30.944,3.679],[31.141,3.785],[31.295,3.774],[31.505,3.66],[31.669,3.705],[31.781,3.816],[31.916,3.68],[31.944,3.591],[32.03,3.586],[32.175,3.521],[32.188,3.619],[32.372,3.731],[32.756,3.769],[33.017,3.877],[33.195,3.757],[33.447,3.744],[33.533,3.774],[33.977,4.22]]]},"properties":{"kind":"country","name":"S. Sudan"}},{"type":"Feature","geometry":{"type":"Polygon","coordinates":[[[42.924,10.999],[42.819,10.873],[42.7,10.659],[42.647,10.632],[42.777,10.425],[42.836,10.208],[42.958,10.116],[43.068,9.923],[43.187,9.883],[43.235,9.692],[43.371,9.544],[43.419,9.413],[43.548,9.336],[43.622,9.337],[44.024,8.986],[45.514,8.497],[46.921,8.026],[46.979,7.997],[47.979,7.997],[46.424,6.497],[45.936,5.997],[44.942,4.911],[44.913,4.899],[43.969,4.954],[43.528,4.842],[43.119,4.648],[42.96,4.517],[42.869,4.327],[42.79,4.286],[42.297,4.202],[42.135,4.2],[41.923,4.071],[41.885,3.977],[41.343,3.201],[40.98,2.842],[40.968,2.497],[40.968,-0.003],[40.98,-0.871],[41.523,-1.573],[41.535,-1.696],[41.652,-1.565],[41.837,-1.262],[41.842,-1.225],[42.081,-0.863],[42.192,-0.776],[42.25,-0.686],[42.648,-0.229],[42.77,-0.129],[43.09,0.223],[43.285,0.415],[43.468,0.621],[43.782,0.922],[43.933,1.01],[44.146,1.23],[44.55,1.559],[45.001,1.866],[45.232,1.968],[45.826,2.309],[46.027,2.438],[46.237,2.668],[46.626,3.024],[46.834,3.232],[47.013,3.441],[47.489,3.936],[47.578,4.06],[47.948,4.457],[48.056,4.613],[48.202,4.909],[48.448,5.209],[48.548,5.375],[48.647,5.48],[48.696,5.587],[48.85,5.824],[49.036,6.144],[49.086,6.307],[49.075,6.415],[49.247,6.811],[49.367,7.026],[49.587,7.315],[49.819,7.74],[49.803,7.827],[49.842,7.963],[50.058,8.13],[50.156,8.321],[50.29,8.487],[50.327,8.641],[50.39,8.734],[50.422,8.857],[50.648,9.11],[50.677,9.259],[50.768,9.319],[50.84,9.456],[50.806,9.624],[50.9,10.024],[50.884,10.101],[50.927,10.328],[51.09,10.407],[51.241,10.426],[51.367,10.368],[51.395,10.479],[51.293,10.48],[51.192,10.549],[51.138,10.677],[51.115,10.993],[51.174,11.159],[51.086,11.188],[51.081,11.341],[51.121,11.505],[51.248,11.652],[51.293,11.833],[51.029,11.885],[50.798,11.989],[50.576,11.921],[50.513,11.771],[50.437,11.691],[50.268,11.589],[50.073,11.509],[49.934,11.513],[49.851,11.465],[49.577,11.46],[49.522,11.394],[49.24,11.3],[48.904,11.248],[48.655,11.331],[48.343,11.275],[48.161,11.146],[47.678,11.108],[47.523,11.187],[47.367,11.173],[47.181,11.08],[47.008,10.939],[46.881,10.893],[46.66,10.754],[46.448,10.693],[46.335,10.71],[46.207,10.796],[46.102,10.771],[45.803,10.875],[45.586,10.766],[45.487,10.685],[45.337,10.671],[45.252,10.601],[45.001,10.46],[44.962,10.416],[44.751,10.428],[44.586,10.384],[44.389,10.397],[44.274,10.457],[43.83,10.803],[43.659,10.988],[43.583,11.135],[43.488,11.239],[43.46,11.351],[43.241,11.488],[42.924,10.999]]]},"properties":{"kind":"country","name":"Somalia"}},{"type":"Feature","geometry":{"type":"Polygon","coordinates":[[[35.921,4.619],[35.7,4.589],[35.611,4.62],[35.522,4.78],[35.571,4.904],[35.396,4.926],[35.412,5.03],[35.246,4.982],[34.666,4.765],[34.381,4.62],[33.977,4.22],[34.069,4.088],[34.061,4.008],[34.279,3.71],[34.337,3.735],[34.44,3.668],[34.435,3.526],[34.382,3.466],[34.434,3.182],[34.546,3.097],[34.575,2.946],[34.641,2.86],[34.73,2.853],[34.819,2.598],[34.876,2.591],[34.924,2.477],[34.866,2.348],[34.968,2.102],[34.979,1.676],[34.779,1.389],[34.798,1.232],[34.684,1.209],[34.507,1.103],[34.388,0.816],[34.307,0.768],[34.276,0.681],[34.132,0.573],[34.088,0.367],[33.894,0.11],[33.954,-0.154],[33.895,-0.663],[33.904,-1.003],[34.053,-1.04],[37.645,-3.046],[37.7,-3.314],[37.59,-3.404],[37.599,-3.513],[37.722,-3.54],[37.771,-3.655],[39.191,-4.678],[39.264,-4.607],[39.362,-4.634],[39.551,-4.402],[39.67,-4.088],[39.786,-3.917],[39.867,-3.695],[39.849,-3.625],[39.965,-3.399],[40.129,-3.252],[40.119,-3.184],[40.225,-2.994],[40.163,-2.934],[40.175,-2.763],[40.244,-2.657],[40.39,-2.56],[40.524,-2.525],[40.616,-2.553],[40.829,-2.375],[40.838,-2.245],[40.925,-2.217],[40.904,-2.08],[41.029,-2.043],[41.199,-1.943],[41.303,-1.956],[41.535,-1.696],[41.523,-1.573],[40.98,-0.871],[40.968,-0.003],[40.968,2.497],[40.98,2.842],[41.343,3.201],[41.885,3.977],[41.836,3.949],[41.7,3.997],[41.43,3.949],[41.215,3.937],[41.115,3.962],[41.006,4.087],[40.887,4.156],[40.764,4.285],[40.701,4.244],[40.383,4.121],[39.848,3.867],[39.745,3.661],[39.575,3.498],[39.536,3.405],[39.436,3.462],[39.18,3.477],[39.068,3.527],[38.895,3.514],[38.66,3.594],[38.497,3.624],[38.39,3.597],[38.102,3.613],[37.977,3.726],[37.112,4.282],[37.016,4.371],[36.844,4.432],[36.62,4.443],[36.041,4.444],[35.934,4.522],[35.921,4.619]]]},"properties":{"kind":"country","name":"Kenya"}},{"type":"Feature","geometry":{"type":"Polygon","coordinates":[[[33.203,-14.014],[33.28,-14.061],[33.291,-14.157],[33.439,-14.381],[33.604,-14.524],[33.72,-14.49],[33.774,-14.53],[33.889,-14.488],[34.051,-14.495],[34.078,-14.455],[34.344,-14.387],[34.502,-14.576],[34.506,-14.7],[34.584,-14.984],[34.549,-15.058],[34.569,-15.271],[34.41,-15.481],[34.404,-15.647],[34.247,-15.794],[34.233,-15.89],[34.388,-16.037],[34.385,-16.186],[34.446,-16.293],[34.525,-16.301],[34.655,-16.489],[34.732,-16.529],[35.005,-16.815],[35.096,-16.817],[35.113,-16.96],[35.037,-17.036],[35.081,-17.124],[35.235,-17.135],[35.305,-17.104],[35.276,-16.955],[35.278,-16.701],[35.174,-16.625],[35.132,-16.538],[35.214,-16.484],[35.266,-16.356],[35.259,-16.272],[35.375,-16.141],[35.529,-16.141],[35.698,-16.107],[35.796,-16.005],[35.841,-15.417],[35.785,-15.195],[35.904,-14.887],[35.863,-14.877],[35.853,-14.667],[35.523,-14.263],[35.456,-14.137],[35.084,-13.704],[34.894,-13.535],[34.795,-13.499],[34.641,-13.492],[34.545,-13.326],[34.549,-13.159],[34.494,-12.687],[34.354,-12.199],[34.38,-12.104],[34.564,-11.831],[34.604,-11.733],[34.607,-11.591],[34.651,-11.57],[34.965,-11.574],[34.961,-11.499],[34.887,-11.375],[34.759,-11.337],[34.714,-11.203],[34.621,-11.12],[34.593,-11.016],[34.645,-10.913],[34.672,-10.739],[34.581,-10.54],[34.585,-10.301],[34.483,-9.946],[34.288,-9.708],[34.103,-9.53],[34.013,-9.477],[33.946,-9.55],[33.951,-9.674],[33.865,-9.67],[33.735,-9.584],[33.404,-9.605],[33.3,-9.492],[33.173,-9.511],[32.992,-9.391],[32.921,-9.408],[32.992,-9.502],[32.975,-9.601],[33.089,-9.644],[33.175,-9.602],[33.217,-9.727],[33.337,-9.824],[33.366,-9.899],[33.31,-10.013],[33.533,-10.231],[33.529,-10.319],[33.674,-10.577],[33.501,-10.769],[33.319,-10.818],[33.28,-10.913],[33.304,-11.035],[33.391,-11.165],[33.23,-11.417],[33.213,-11.564],[33.303,-11.61],[33.313,-11.899],[33.255,-12.073],[33.33,-12.298],[33.458,-12.318],[33.518,-12.372],[33.373,-12.519],[33.255,-12.532],[33.025,-12.613],[32.941,-12.77],[33.005,-12.893],[32.966,-13.117],[32.995,-13.191],[32.92,-13.295],[32.874,-13.443],[32.723,-13.573],[32.859,-13.808],[33.049,-13.997],[33.155,-13.937],[33.203,-14.014]]]},"properties":{"kind":"country","name":"Malawi"}},{"type":"Feature","geometry":{"type":"MultiPolygon","coordinates":[[[[30.752,-8.194],[30.828,-8.388],[30.96,-8.55],[31.12,-8.617],[31.261,-8.624],[31.353,-8.587],[31.539,-8.704],[31.553,-8.809],[31.673,-8.913],[31.788,-8.892],[31.937,-8.933],[31.918,-9.022],[32.134,-9.064],[32.211,-9.127],[32.383,-9.134],[32.518,-9.258],[32.713,-9.286],[32.76,-9.34],[32.921,-9.408],[32.992,-9.391],[33.173,-9.511],[33.3,-9.492],[33.404,-9.605],[33.735,-9.584],[33.865,-9.67],[33.951,-9.674],[33.946,-9.55],[34.013,-9.477],[34.103,-9.53],[34.288,-9.708],[34.483,-9.946],[34.585,-10.301],[34.581,-10.54],[34.672,-10.739],[34.645,-10.913],[34.593,-11.016],[34.621,-11.12],[34.714,-11.203],[34.759,-11.337],[34.887,-11.375],[34.961,-11.499],[34.965,-11.574],[35.655,-11.578],[35.696,-11.495],[35.826,-11.413],[35.94,-11.434],[36.168,-11.579],[36.2,-11.702],[36.495,-11.681],[36.563,-11.731],[36.747,-11.666],[36.82,-11.574],[37.044,-11.596],[37.106,-11.658],[37.227,-11.694],[37.331,-11.682],[37.428,-11.723],[37.648,-11.636],[37.784,-11.559],[37.875,-11.319],[38.071,-11.256],[38.257,-11.277],[38.348,-11.359],[38.492,-11.413],[38.654,-11.276],[38.76,-11.263],[38.896,-11.168],[39.126,-11.14],[39.287,-11.154],[39.483,-10.999],[39.76,-10.943],[40.008,-10.811],[40.437,-10.475],[40.39,-10.365],[40.232,-10.2],[39.987,-10.14],[39.914,-10.034],[39.779,-9.93],[39.794,-9.812],[39.752,-9.749],[39.651,-9.445],[39.644,-9.189],[39.584,-9.106],[39.493,-9.08],[39.492,-8.938],[39.409,-8.87],[39.439,-8.755],[39.36,-8.694],[39.362,-8.611],[39.303,-8.505],[39.28,-8.309],[39.346,-8.257],[39.454,-8.01],[39.444,-7.833],[39.296,-7.688],[39.275,-7.596],[39.304,-7.448],[39.427,-7.192],[39.548,-7.118],[39.551,-6.994],[39.465,-6.858],[39.294,-6.815],[39.213,-6.642],[39.041,-6.47],[38.965,-6.473],[38.852,-6.349],[38.857,-6.164],[38.778,-6.031],[38.833,-5.816],[38.999,-5.465],[39.074,-5.186],[39.139,-5.103],[39.13,-4.918],[39.207,-4.872],[39.191,-4.678],[37.771,-3.655],[37.722,-3.54],[37.599,-3.513],[37.59,-3.404],[37.7,-3.314],[37.645,-3.046],[34.053,-1.04],[33.904,-1.003],[30.828,-1.003],[30.777,-0.986],[30.639,-1.073],[30.472,-1.067],[30.555,-1.318],[30.738,-1.407],[30.733,-1.476],[30.831,-1.594],[30.83,-1.961],[30.888,-2.083],[30.834,-2.345],[30.675,-2.352],[30.555,-2.401],[30.416,-2.646],[30.451,-2.742],[30.416,-2.852],[30.493,-2.941],[30.547,-2.9],[30.719,-2.99],[30.832,-3.173],[30.8,-3.275],[30.641,-3.333],[30.613,-3.445],[30.469,-3.513],[30.38,-3.686],[30.209,-3.93],[30.15,-4.087],[30.003,-4.272],[29.9,-4.346],[29.8,-4.364],[29.728,-4.462],[29.404,-4.45],[29.401,-4.587],[29.321,-4.836],[29.378,-5.088],[29.456,-5.23],[29.496,-5.392],[29.594,-5.62],[29.603,-5.782],[29.476,-6.002],[29.526,-6.273],[29.739,-6.652],[30.091,-6.89],[30.235,-7.057],[30.37,-7.31],[30.442,-7.596],[30.655,-7.927],[30.752,-8.194]]],[[[39.911,-7.654],[39.797,-7.792],[39.715,-7.812],[39.622,-7.939],[39.65,-7.994],[39.823,-7.914],[39.911,-7.654]]],[[[39.547,-6.33],[39.525,-6.175],[39.458,-6.197],[39.354,-5.897],[39.356,-5.804],[39.19,-5.914],[39.213,-6.114],[39.177,-6.158],[39.264,-6.302],[39.508,-6.463],[39.57,-6.421],[39.547,-6.33]]],[[[39.644,-5.379],[39.663,-5.432],[39.796,-5.407],[39.856,-5.229],[39.806,-4.961],[39.677,-4.945],[39.736,-5.24],[39.644,-5.379]]]]},"properties":{"kind":"country","name":"Tanzania"}},{"type":"Feature","geometry":{"type":"MultiPolygon","coordinates":[[[[91.628,27.853],[91.73,27.804],[91.827,27.808],[91.865,27.73],[92.065,27.762],[92.24,27.865],[92.304,27.786],[92.404,27.854],[92.575,27.848],[92.736,27.986],[92.655,28.106],[92.779,28.196],[92.85,28.192],[92.975,28.282],[93.208,28.341],[93.186,28.432],[93.287,28.521],[93.317,28.603],[93.446,28.672],[93.626,28.672],[93.863,28.705],[93.928,28.683],[93.992,28.845],[94.25,28.933],[94.347,29.024],[94.271,29.098],[94.396,29.207],[94.529,29.231],[94.63,29.319],[94.704,29.285],[94.777,29.167],[95.048,29.141],[95.225,29.059],[95.367,29.036],[95.488,29.069],[95.515,29.209],[95.592,29.25],[95.717,29.218],[95.745,29.34],[95.863,29.324],[95.954,29.359],[96.142,29.368],[96.205,29.257],[96.316,29.172],[96.175,29.109],[96.195,28.941],[96.367,29.037],[96.458,28.995],[96.577,28.809],[96.598,28.71],[96.502,28.644],[96.336,28.48],[96.37,28.378],[96.562,28.447],[96.717,28.437],[96.934,28.337],[97.116,28.367],[97.323,28.217],[97.437,28.286],[97.445,28.383],[97.528,28.53],[97.7,28.488],[97.74,28.383],[97.898,28.355],[98.119,28.141],[98.107,27.973],[98.177,27.898],[98.204,27.727],[98.295,27.537],[98.383,27.556],[98.41,27.684],[98.564,27.604],[98.679,27.577],[98.674,27.387],[98.704,27.304],[98.673,27.176],[98.736,26.907],[98.756,26.625],[98.717,26.409],[98.658,26.312],[98.706,26.175],[98.546,26.106],[98.582,25.982],[98.692,25.879],[98.61,25.801],[98.509,25.838],[98.461,25.795],[98.333,25.567],[98.15,25.613],[98.099,25.493],[98.108,25.389],[98.045,25.312],[97.889,25.206],[97.824,25.262],[97.738,25.091],[97.703,24.96],[97.748,24.826],[97.664,24.83],[97.536,24.745],[97.52,24.431],[97.64,24.439],[97.718,24.278],[97.708,24.125],[97.516,23.943],[97.637,23.864],[97.89,24.023],[98.182,24.119],[98.331,24.099],[98.503,24.121],[98.585,24.076],[98.867,24.143],[98.856,24.084],[98.663,23.97],[98.664,23.797],[98.778,23.769],[98.857,23.604],[98.781,23.533],[98.876,23.446],[98.911,23.298],[98.859,23.179],[99.026,23.16],[99.075,23.102],[99.217,23.057],[99.351,23.119],[99.478,23.066],[99.535,22.949],[99.43,22.937],[99.414,22.857],[99.308,22.72],[99.355,22.609],[99.358,22.495],[99.283,22.412],[99.166,22.205],[99.166,22.132],[99.365,22.099],[99.439,22.124],[99.739,22.067],[99.821,22.018],[99.942,22.046],[99.966,21.963],[99.92,21.852],[99.95,21.721],[100.121,21.674],[100.09,21.529],[100.187,21.428],[100.327,21.524],[100.457,21.455],[100.622,21.469],[100.797,21.626],[101.069,21.762],[101.174,21.612],[101.159,21.553],[101.171,21.403],[101.235,21.364],[101.209,21.246],[101.275,21.174],[101.495,21.243],[101.756,21.143],[101.789,21.274],[101.723,21.304],[101.735,21.554],[101.794,21.588],[101.729,21.718],[101.752,21.806],[101.674,21.931],[101.607,21.968],[101.518,22.228],[101.606,22.285],[101.655,22.446],[101.713,22.492],[101.818,22.406],[102.015,22.446],[102.119,22.398],[102.218,22.411],[102.253,22.495],[102.377,22.616],[102.443,22.765],[102.536,22.696],[102.693,22.671],[102.845,22.585],[102.894,22.487],[102.989,22.438],[103.142,22.538],[103.142,22.607],[103.252,22.679],[103.31,22.788],[103.402,22.738],[103.473,22.592],[103.551,22.641],[103.59,22.768],[103.647,22.799],[103.867,22.575],[103.985,22.527],[104.024,22.719],[104.073,22.783],[104.213,22.825],[104.249,22.728],[104.34,22.686],[104.554,22.836],[104.728,22.839],[104.827,22.954],[104.798,23.086],[104.87,23.164],[104.945,23.16],[105.061,23.232],[105.332,23.318],[105.431,23.268],[105.517,23.168],[105.552,23.06],[105.69,23.044],[105.854,22.905],[105.999,22.975],[106.202,22.947],[106.234,22.864],[106.316,22.854],[106.488,22.925],[106.667,22.868],[106.731,22.8],[106.736,22.695],[106.68,22.579],[106.569,22.575],[106.527,22.428],[106.663,22.223],[106.672,22.093],[106.722,22.007],[107.021,21.892],[107.066,21.796],[107.172,21.715],[107.273,21.718],[107.348,21.599],[107.613,21.606],[107.745,21.658],[107.832,21.639],[107.991,21.486],[108.135,21.582],[108.253,21.595],[108.322,21.71],[108.444,21.644],[108.505,21.692],[108.463,21.863],[108.571,21.813],[108.752,21.65],[108.869,21.671],[108.97,21.606],[109.067,21.637],[109.136,21.603],[109.143,21.51],[109.215,21.417],[109.316,21.459],[109.531,21.492],[109.573,21.582],[109.709,21.483],[109.918,21.489],[109.905,21.391],[109.807,21.356],[109.773,21.215],[109.67,21.123],[109.71,21.057],[109.661,20.928],[109.689,20.835],[109.773,20.822],[109.746,20.63],[109.822,20.517],[110.015,20.418],[110.027,20.301],[110.128,20.248],[110.28,20.253],[110.4,20.301],[110.534,20.478],[110.409,20.586],[110.337,20.726],[110.386,20.826],[110.157,20.849],[110.157,20.986],[110.394,21.163],[110.363,21.288],[110.42,21.377],[110.481,21.217],[110.636,21.23],[110.676,21.31],[110.791,21.404],[110.869,21.385],[111.206,21.532],[111.301,21.499],[111.438,21.534],[111.63,21.53],[111.69,21.604],[111.992,21.764],[112.173,21.814],[112.245,21.707],[112.363,21.733],[112.443,21.828],[112.608,21.775],[112.645,21.849],[112.826,21.966],[112.879,21.875],[112.957,21.876],[113.029,21.961],[113.027,22.143],[113.157,22.025],[113.231,22.043],[113.303,22.183],[113.484,22.155],[113.588,22.238],[113.546,22.438],[113.599,22.575],[113.44,22.739],[113.368,22.881],[113.504,22.99],[113.612,22.995],[113.663,22.798],[113.744,22.761],[113.89,22.453],[113.952,22.524],[114.082,22.529],[114.23,22.556],[114.396,22.614],[114.537,22.567],[114.524,22.687],[114.717,22.791],[114.753,22.75],[114.744,22.609],[114.866,22.602],[115.065,22.796],[115.246,22.835],[115.331,22.789],[115.374,22.694],[115.524,22.742],[115.584,22.88],[115.653,22.894],[115.81,22.808],[115.958,22.805],[116.076,22.868],[116.171,22.864],[116.298,22.963],[116.495,22.939],[116.563,23.019],[116.534,23.109],[116.731,23.258],[116.749,23.326],[116.867,23.45],[116.855,23.525],[116.918,23.638],[117.023,23.659],[117.078,23.565],[117.264,23.655],[117.292,23.762],[117.463,23.788],[117.582,23.889],[117.791,24.002],[117.894,24.028],[117.959,24.203],[118.126,24.262],[118.091,24.341],[117.989,24.395],[118.045,24.576],[118.174,24.624],[118.352,24.582],[118.428,24.631],[118.571,24.569],[118.747,24.721],[118.716,24.844],[118.91,24.907],[118.98,25.012],[118.878,25.041],[118.987,25.222],[119.289,25.189],[119.344,25.242],[119.278,25.33],[119.11,25.407],[119.238,25.482],[119.305,25.605],[119.366,25.521],[119.505,25.475],[119.483,25.371],[119.603,25.346],[119.645,25.41],[119.558,25.564],[119.46,25.633],[119.593,25.693],[119.616,25.893],[119.699,25.973],[119.566,26.05],[119.441,25.964],[119.247,25.967],[119.195,26.088],[119.459,25.982],[119.674,26.281],[119.785,26.297],[119.88,26.363],[119.826,26.427],[119.747,26.328],[119.656,26.356],[119.812,26.475],[119.675,26.619],[119.646,26.753],[119.712,26.808],[119.816,26.798],[119.857,26.654],[119.946,26.797],[120.08,26.646],[120.128,26.797],[120.025,26.838],[120.126,26.927],[120.237,26.927],[120.283,27.112],[120.358,27.098],[120.499,27.197],[120.677,27.495],[120.597,27.57],[120.666,27.625],[120.807,27.835],[120.835,27.956],[120.965,27.987],[121.009,28.103],[121.119,28.219],[121.144,28.344],[121.237,28.306],[121.288,28.181],[121.351,28.147],[121.409,28.305],[121.473,28.331],[121.621,28.285],[121.656,28.339],[121.584,28.443],[121.51,28.657],[121.606,28.725],[121.67,28.825],[121.682,29.027],[121.621,29.113],[121.497,29.104],[121.471,29.191],[121.589,29.291],[121.615,29.206],[121.746,29.202],[121.841,29.161],[121.94,29.21],[121.906,29.285],[121.966,29.602],[121.916,29.641],[121.704,29.572],[121.983,29.823],[121.915,29.919],[121.678,30.001],[121.507,30.22],[121.377,30.325],[121.254,30.348],[121.15,30.326],[120.994,30.211],[120.893,30.17],[120.734,30.232],[120.652,30.359],[120.698,30.394],[120.832,30.305],[120.978,30.543],[121.131,30.6],[121.203,30.665],[121.334,30.703],[121.411,30.767],[121.631,30.837],[121.907,30.857],[121.977,30.915],[121.877,31.099],[121.725,31.282],[121.546,31.366],[121.32,31.505],[121.144,31.685],[120.895,31.763],[120.825,31.829],[120.75,31.978],[120.518,32.019],[120.23,31.909],[120.006,31.95],[119.856,32.087],[119.789,32.199],[119.69,32.235],[119.692,32.32],[119.818,32.314],[119.921,32.196],[119.908,32.139],[119.992,32.016],[120.131,31.943],[120.267,31.949],[120.491,32.082],[120.634,32.077],[120.811,32.023],[120.945,31.885],[120.978,31.814],[121.115,31.796],[121.286,31.891],[121.676,31.724],[121.817,31.691],[121.922,31.754],[121.822,31.952],[121.655,32.063],[121.443,32.114],[121.389,32.385],[121.12,32.507],[120.911,32.63],[120.861,32.72],[120.908,32.844],[120.896,33.014],[120.834,33.026],[120.807,33.138],[120.73,33.205],[120.738,33.279],[120.662,33.338],[120.628,33.478],[120.512,33.657],[120.498,33.753],[120.407,33.86],[120.371,34.036],[120.257,34.312],[120.118,34.36],[119.94,34.458],[119.826,34.47],[119.641,34.551],[119.347,34.781],[119.202,34.785],[119.207,35.048],[119.358,35.097],[119.424,35.313],[119.552,35.38],[119.648,35.584],[119.812,35.648],[119.905,35.625],[119.9,35.736],[120.003,35.728],[120.039,35.843],[120.243,35.974],[120.1,36.096],[120.105,36.201],[120.274,36.234],[120.362,36.192],[120.308,36.08],[120.354,36.041],[120.697,36.144],[120.648,36.331],[120.751,36.459],[120.95,36.459],[120.92,36.553],[121.158,36.669],[121.453,36.757],[121.594,36.768],[121.637,36.831],[122.04,36.985],[122.163,36.946],[122.2,36.843],[122.32,36.823],[122.525,36.944],[122.448,37.057],[122.448,37.147],[122.603,37.21],[122.549,37.311],[122.656,37.385],[122.457,37.418],[122.296,37.418],[122.13,37.483],[122.122,37.563],[121.978,37.472],[121.659,37.473],[121.592,37.424],[121.477,37.468],[121.382,37.566],[121.191,37.575],[121.138,37.701],[121.033,37.71],[120.926,37.819],[120.738,37.834],[120.463,37.748],[120.306,37.665],[120.298,37.598],[120.06,37.44],[119.859,37.36],[119.897,37.249],[119.771,37.152],[119.441,37.121],[119.146,37.179],[118.972,37.281],[118.945,37.378],[118.977,37.611],[119.037,37.722],[119.12,37.738],[119.218,37.675],[119.243,37.769],[118.997,37.963],[118.95,38.097],[118.84,38.153],[118.655,38.146],[118.543,38.068],[118.449,38.108],[118.216,38.145],[118.085,38.139],[117.837,38.271],[117.716,38.379],[117.566,38.613],[117.584,38.812],[117.709,38.981],[117.718,39.093],[117.886,39.201],[118.045,39.219],[118.141,39.173],[118.235,39.053],[118.344,39.031],[118.619,39.161],[118.796,39.152],[118.859,39.208],[118.94,39.139],[119.185,39.355],[119.305,39.433],[119.262,39.535],[119.34,39.716],[119.536,39.891],[119.912,39.998],[119.95,40.057],[120.436,40.194],[120.502,40.327],[120.621,40.474],[120.798,40.6],[120.825,40.674],[120.94,40.691],[120.991,40.831],[121.176,40.922],[121.299,40.9],[121.361,40.94],[121.575,40.841],[121.851,40.832],[122.049,40.746],[122.138,40.624],[122.302,40.502],[122.211,40.381],[122.106,40.31],[122.092,40.227],[121.774,39.921],[121.707,39.927],[121.536,39.862],[121.457,39.748],[121.518,39.687],[121.45,39.615],[121.306,39.598],[121.237,39.515],[121.436,39.509],[121.492,39.389],[121.549,39.362],[121.78,39.371],[121.602,39.221],[121.674,39.088],[121.09,38.899],[121.153,38.728],[121.345,38.815],[121.485,38.81],[121.655,38.858],[121.671,39.008],[121.943,39.036],[122.127,39.142],[122.115,39.201],[122.396,39.411],[122.588,39.467],[122.637,39.508],[123.009,39.68],[123.174,39.666],[123.249,39.748],[123.41,39.797],[123.446,39.737],[123.623,39.872],[123.773,39.818],[123.986,39.81],[124.202,39.879],[124.352,39.999],[124.37,40.098],[124.643,40.294],[124.712,40.31],[124.896,40.484],[125.026,40.457],[125.025,40.534],[125.419,40.667],[125.56,40.778],[125.761,40.886],[126.008,40.899],[126.147,41.092],[126.261,41.143],[126.501,41.434],[126.618,41.666],[126.789,41.696],[126.887,41.785],[127.033,41.732],[127.049,41.653],[127.305,41.495],[127.474,41.499],[127.638,41.43],[127.849,41.431],[127.944,41.471],[128.064,41.388],[128.186,41.404],[128.303,41.583],[128.159,41.712],[128.04,41.88],[128.035,41.994],[128.262,42.033],[128.502,41.996],[128.721,42.048],[128.903,42.026],[128.964,42.089],[129.12,42.149],[129.211,42.22],[129.243,42.379],[129.434,42.441],[129.535,42.37],[129.592,42.448],[129.703,42.442],[129.761,42.746],[129.88,42.996],[129.981,42.967],[130.121,42.982],[130.14,42.907],[130.239,42.902],[130.243,42.743],[130.431,42.562],[130.531,42.53],[130.572,42.622],[130.407,42.735],[130.586,42.817],[130.731,42.826],[130.77,42.866],[130.992,42.849],[131.103,42.91],[131.085,43.042],[131.169,43.108],[131.167,43.182],[131.281,43.38],[131.262,43.464],[131.167,43.521],[131.192,43.589],[131.17,43.781],[131.264,44.054],[131.066,44.682],[130.972,44.776],[131.052,44.909],[131.158,44.902],[131.329,44.968],[131.42,44.959],[131.609,45.09],[131.628,45.198],[131.723,45.215],[131.818,45.333],[131.97,45.234],[132.84,45.059],[132.953,45.024],[133.115,45.123],[133.098,45.244],[133.14,45.435],[133.202,45.511],[133.413,45.573],[133.477,45.82],[133.658,45.935],[133.719,46.079],[133.687,46.142],[133.902,46.259],[133.863,46.339],[133.921,46.41],[133.849,46.48],[133.902,46.574],[133.988,46.625],[134.045,46.772],[134.02,46.834],[134.124,47.071],[134.227,47.118],[134.154,47.258],[134.184,47.328],[134.293,47.41],[134.485,47.43],[134.683,47.588],[134.773,47.711],[134.567,47.985],[134.567,48.04],[134.683,48.136],[134.701,48.262],[134.543,48.357],[134.386,48.381],[134.057,48.327],[133.982,48.285],[133.721,48.245],[133.56,48.113],[133.464,48.09],[133.185,48.125],[133.092,48.107],[132.821,47.942],[132.675,47.951],[132.659,47.87],[132.525,47.708],[132.332,47.737],[132.162,47.69],[132.025,47.698],[131.894,47.67],[131.703,47.696],[131.577,47.669],[131.418,47.743],[131.023,47.682],[130.942,47.718],[130.907,47.884],[130.682,48.05],[130.663,48.116],[130.819,48.282],[130.716,48.499],[130.639,48.477],[130.608,48.577],[130.533,48.636],[130.628,48.796],[130.565,48.856],[130.387,48.896],[130.249,48.865],[129.913,49.04],[129.756,49.184],[129.711,49.274],[129.572,49.28],[129.502,49.411],[129.403,49.431],[129.362,49.35],[129.194,49.39],[129.088,49.352],[129.015,49.431],[128.879,49.48],[128.787,49.465],[128.797,49.572],[128.666,49.609],[128.384,49.579],[128.345,49.548],[128.092,49.542],[127.992,49.599],[127.831,49.594],[127.722,49.649],[127.644,49.767],[127.508,49.822],[127.534,49.922],[127.487,50.026],[127.57,50.13],[127.578,50.221],[127.405,50.276],[127.331,50.328],[127.305,50.451],[127.365,50.555],[127.144,50.904],[126.932,51.064],[126.905,51.164],[126.955,51.33],[126.902,51.401],[126.8,51.419],[126.807,51.534],[126.701,51.563],[126.714,51.723],[126.648,51.741],[126.446,51.983],[126.514,52.043],[126.531,52.153],[126.317,52.2],[126.344,52.391],[126.212,52.533],[125.973,52.632],[126.035,52.727],[125.867,52.849],[125.837,52.907],[125.669,52.878],[125.734,52.982],[125.621,53.062],[125.521,53.042],[125.428,53.095],[125.127,53.207],[125.019,53.211],[124.72,53.149],[124.679,53.199],[124.408,53.236],[124.233,53.382],[124.122,53.353],[123.971,53.455],[123.732,53.504],[123.614,53.563],[123.471,53.519],[123.253,53.568],[123.154,53.513],[122.86,53.474],[122.471,53.465],[122.338,53.491],[122.082,53.43],[121.889,53.431],[121.641,53.385],[121.512,53.33],[121.358,53.324],[121.203,53.277],[120.874,53.28],[120.652,53.123],[120.45,53.008],[120.28,52.866],[120.033,52.761],[120.056,52.601],[120.176,52.584],[120.43,52.636],[120.724,52.542],[120.626,52.347],[120.739,52.257],[120.779,52.118],[120.706,52.061],[120.648,51.911],[120.493,51.876],[120.154,51.664],[120.108,51.665],[119.916,51.331],[119.82,51.275],[119.748,51.083],[119.518,50.905],[119.497,50.737],[119.294,50.599],[119.244,50.446],[119.175,50.356],[119.353,50.346],[119.316,50.093],[119.209,50.015],[119.092,49.987],[118.644,49.955],[118.394,49.82],[118.169,49.671],[117.894,49.547],[117.759,49.513],[117.473,49.614],[117.253,49.622],[117.058,49.673],[116.684,49.823],[116.038,48.87],[116.028,48.767],[115.8,48.53],[115.809,48.274],[115.771,48.224],[115.515,48.122],[115.562,47.933],[115.853,47.706],[115.973,47.709],[116.084,47.807],[116.244,47.863],[116.5,47.836],[116.853,47.872],[117.07,47.81],[117.317,47.654],[117.361,47.651],[117.742,47.978],[118.182,48.028],[118.28,47.998],[118.542,47.966],[118.767,47.756],[119.083,47.662],[119.158,47.518],[119.31,47.476],[119.321,47.407],[119.7,47.16],[119.77,46.993],[119.903,46.842],[119.904,46.709],[119.68,46.592],[119.453,46.627],[119.317,46.612],[119.062,46.661],[118.967,46.74],[118.816,46.758],[118.72,46.677],[118.609,46.706],[118.435,46.691],[118.238,46.715],[117.878,46.596],[117.798,46.52],[117.696,46.512],[117.582,46.592],[117.394,46.571],[117.405,46.511],[117.302,46.35],[116.805,46.383],[116.604,46.309],[116.357,46.106],[116.213,45.908],[116.252,45.803],[116.17,45.709],[116.012,45.679],[115.638,45.444],[115.337,45.395],[114.939,45.374],[114.737,45.425],[114.534,45.386],[114.419,45.201],[114.164,45.04],[114.055,44.941],[113.889,44.908],[113.635,44.746],[113.473,44.771],[113.105,44.794],[112.748,44.865],[112.614,44.909],[112.441,45.052],[112.38,45.071],[112.108,45.067],[112.011,45.087],[111.843,45.04],[111.739,44.966],[111.551,44.693],[111.544,44.601],[111.406,44.416],[111.519,44.189],[111.634,44.066],[111.839,43.939],[111.944,43.786],[111.933,43.697],[111.754,43.663],[111.597,43.523],[111.096,43.367],[110.934,43.288],[110.68,43.058],[110.608,42.945],[110.449,42.837],[110.407,42.769],[110.14,42.683],[110.075,42.644],[109.913,42.629],[109.667,42.549],[109.485,42.449],[109.253,42.426],[108.994,42.45],[108.797,42.398],[108.536,42.435],[108.32,42.433],[108.177,42.454],[106.768,42.287],[105.869,41.993],[105.403,41.812],[105.201,41.743],[105.015,41.596],[104.892,41.645],[104.601,41.645],[104.498,41.666],[104.501,41.871],[103.721,41.756],[103.691,41.759],[103.073,42.005],[102.034,42.185],[101.886,42.278],[101.735,42.461],[101.638,42.515],[101.411,42.545],[101.219,42.53],[100.017,42.677],[99.972,42.676],[99.474,42.564],[97.193,42.787],[96.475,42.732],[96.351,42.741],[96.294,42.933],[95.908,43.215],[95.855,43.285],[95.833,43.409],[95.692,43.631],[95.589,43.869],[95.51,43.979],[95.328,44.007],[95.321,44.148],[95.379,44.287],[95.037,44.255],[94.698,44.343],[94.588,44.436],[94.43,44.504],[94.338,44.512],[94.195,44.654],[93.975,44.66],[93.875,44.714],[93.714,44.875],[93.525,44.951],[93.166,45.008],[92.945,45.006],[92.753,45.038],[92.475,44.997],[92.194,45.015],[92.009,45.076],[91.663,45.06],[91.522,45.077],[91.456,45.137],[91.249,45.13],[91.135,45.198],[90.975,45.215],[90.905,45.186],[90.797,45.293],[90.738,45.442],[90.651,45.493],[90.711,45.752],[91.002,46.022],[90.996,46.114],[90.896,46.302],[91.036,46.529],[90.996,46.595],[91.005,46.74],[90.933,46.875],[90.828,46.982],[90.712,47.015],[90.469,47.309],[90.441,47.493],[90.302,47.679],[90.083,47.756],[90.045,47.88],[89.963,47.889],[89.889,47.824],[89.751,47.824],[89.542,48.031],[89.334,48.032],[89.244,47.98],[89.046,47.993],[88.932,48.097],[88.805,48.106],[88.581,48.212],[88.565,48.343],[88.417,48.394],[88.236,48.493],[88.017,48.54],[87.943,48.599],[88.055,48.673],[87.975,48.756],[87.806,48.801],[87.757,48.92],[87.822,49.029],[87.816,49.166],[87.525,49.12],[87.4,49.071],[87.324,49.085],[87.116,49.13],[86.975,49.092],[86.887,49.107],[86.728,48.99],[86.718,48.913],[86.789,48.839],[86.745,48.704],[86.565,48.527],[86.334,48.49],[86.192,48.418],[86.006,48.43],[85.784,48.408],[85.719,48.359],[85.586,48.141],[85.515,47.92],[85.595,47.624],[85.58,47.524],[85.67,47.384],[85.66,47.207],[85.557,47.179],[85.499,47.052],[85.205,47.034],[85.167,46.993],[84.916,46.851],[84.74,46.815],[84.732,46.948],[84.664,46.984],[84.159,46.993],[84.07,46.964],[83.905,46.974],[83.524,47.067],[83.15,47.212],[83.014,47.195],[82.986,46.943],[82.839,46.732],[82.674,46.331],[82.568,46.197],[82.489,45.902],[82.372,45.734],[82.291,45.533],[82.363,45.481],[82.616,45.435],[82.634,45.339],[82.585,45.177],[82.476,45.116],[82.295,45.228],[82.192,45.222],[81.95,45.144],[81.807,45.189],[81.739,45.338],[81.665,45.348],[81.542,45.293],[81.144,45.205],[80.854,45.126],[80.697,45.144],[80.425,45.092],[80.365,45.043],[80.062,45.019],[79.858,44.904],[79.869,44.849],[79.992,44.794],[80.218,44.818],[80.476,44.735],[80.376,44.671],[80.333,44.417],[80.373,44.27],[80.345,44.103],[80.476,43.91],[80.713,43.459],[80.643,43.326],[80.735,43.289],[80.773,43.113],[80.576,43.119],[80.368,43.028],[80.476,42.864],[80.227,42.791],[80.14,42.623],[80.268,42.238],[80.21,42.19],[80.257,42.084],[80.182,42.021],[79.931,42.023],[79.843,42.002],[79.748,41.88],[79.611,41.868],[79.411,41.779],[79.304,41.788],[78.976,41.642],[78.672,41.538],[78.619,41.478],[78.51,41.454],[78.36,41.378],[78.36,41.287],[78.176,41.106],[78.075,41.04],[77.867,41.064],[77.666,41.001],[77.475,40.982],[77.333,41.021],[77.119,41.012],[77.008,41.044],[76.861,41.013],[76.767,40.945],[76.771,40.867],[76.631,40.729],[76.624,40.628],[76.449,40.416],[76.33,40.348],[76.244,40.441],[76.151,40.368],[76.076,40.392],[75.921,40.309],[75.682,40.292],[75.64,40.367],[75.667,40.45],[75.56,40.633],[75.482,40.614],[75.194,40.441],[75.039,40.441],[74.835,40.512],[74.787,40.421],[74.831,40.32],[74.706,40.331],[74.37,40.106],[74.168,40.106],[74.004,40.061],[73.823,39.806],[73.894,39.71],[73.927,39.593],[73.821,39.468],[73.633,39.448],[73.641,39.335],[73.608,39.207],[73.698,39.078],[73.816,38.994],[73.684,38.855],[73.797,38.603],[73.933,38.53],[74.14,38.669],[74.334,38.667],[74.776,38.511],[74.838,38.379],[74.771,38.292],[74.791,38.081],[74.893,37.994],[74.898,37.818],[74.965,37.767],[74.892,37.599],[75.164,37.401],[75.068,37.312],[74.892,37.231],[74.783,37.22],[74.721,37.298],[74.623,37.231],[74.487,37.226],[74.414,37.108],[74.542,37.022],[74.662,37.054],[74.91,36.963],[75.1,36.994],[75.351,36.916],[75.411,36.747],[75.493,36.721],[75.571,36.767],[75.791,36.688],[75.875,36.619],[75.981,36.445],[76.149,36.425],[76.239,36.32],[76.389,36.31],[76.429,36.24],[76.568,36.19],[76.669,36.19],[76.759,36.11],[76.779,35.91],[76.839,35.86],[77.009,35.82],[77.09,35.74],[77.209,35.71],[77.349,35.72],[77.509,35.58],[77.52,35.477],[77.661,35.458],[77.774,35.499],[77.89,35.482],[77.955,35.562],[78.115,35.545],[78.142,35.606],[78.435,35.761],[78.545,35.781],[78.665,35.853],[78.971,35.887],[79.133,35.836],[79.184,35.941],[79.364,35.975],[79.461,35.886],[79.738,35.802],[79.876,35.785],[80.005,35.839],[80.111,35.68],[80.292,35.607],[80.327,35.477],[80.284,35.446],[80.242,35.223],[80.203,35.191],[80.163,34.951],[80.078,34.837],[80.05,34.673],[79.852,34.644],[79.813,34.565],[79.714,34.535],[79.67,34.407],[79.509,34.392],[79.548,34.251],[79.495,34.106],[79.376,34.011],[79.132,34.026],[78.935,34.007],[78.888,33.946],[79.011,33.658],[78.896,33.62],[78.918,33.386],[79.098,33.288],[79.42,33.275],[79.423,33.158],[79.373,33.112],[79.414,32.972],[79.621,32.729],[79.443,32.535],[79.32,32.592],[79.287,32.533],[79.113,32.472],[79.092,32.391],[78.943,32.346],[78.771,32.462],[78.713,32.638],[78.63,32.578],[78.448,32.566],[78.381,32.528],[78.449,32.427],[78.458,32.23],[78.513,32.208],[78.649,32.036],[78.745,31.964],[78.671,31.771],[78.731,31.668],[78.819,31.607],[78.7,31.51],[78.763,31.445],[78.753,31.302],[78.887,31.284],[78.921,31.27],[79.07,31.461],[79.238,31.33],[79.302,31.163],[79.395,31.037],[79.578,30.938],[79.739,30.979],[79.834,30.962],[80.063,30.785],[80.169,30.785],[80.167,30.662],[80.253,30.565],[80.723,30.392],[80.782,30.321],[80.976,30.255],[80.996,30.197],[81.098,30.017],[81.195,30.004],[81.278,30.132],[81.357,30.174],[81.388,30.374],[81.483,30.332],[81.592,30.414],[81.779,30.358],[82.089,30.33],[82.096,30.213],[82.156,30.181],[82.145,30.069],[82.394,30.003],[82.542,29.923],[82.837,29.66],[82.976,29.664],[83.054,29.586],[83.162,29.625],[83.328,29.485],[83.517,29.192],[83.656,29.161],[83.72,29.234],[83.946,29.292],[84.099,29.247],[84.175,29.057],[84.231,29.026],[84.235,28.9],[84.354,28.861],[84.451,28.734],[84.607,28.698],[84.678,28.604],[84.799,28.547],[84.919,28.536],[85.055,28.639],[85.168,28.583],[85.078,28.436],[85.08,28.319],[85.345,28.261],[85.432,28.297],[85.612,28.251],[85.675,28.306],[85.757,28.203],[85.848,28.159],[85.98,27.885],[86.113,27.927],[86.069,28.077],[86.156,28.157],[86.203,28.003],[86.439,27.911],[86.497,27.938],[86.544,28.093],[86.662,28.107],[86.74,28.021],[86.84,28.015],[86.893,27.954],[87.031,27.938],[87.156,27.826],[87.387,27.804],[87.532,27.837],[87.727,27.808],[87.826,27.907],[88.118,27.861],[88.127,27.95],[88.379,27.983],[88.61,28.106],[88.818,27.995],[88.854,27.844],[88.806,27.655],[88.741,27.546],[88.774,27.409],[88.892,27.316],[88.997,27.331],[88.951,27.433],[89.051,27.608],[89.127,27.627],[89.225,27.808],[89.336,27.869],[89.445,28.031],[89.561,28.135],[89.756,28.184],[89.863,28.296],[90.071,28.345],[90.262,28.335],[90.588,28.233],[90.475,28.072],[90.684,28.087],[90.91,28.033],[90.975,27.982],[91.093,27.972],[91.176,28.057],[91.27,28.073],[91.419,27.995],[91.622,27.951],[91.628,27.853]]],[[[111.016,19.678],[110.935,19.995],[110.788,20.01],[110.685,20.153],[110.569,20.08],[110.58,19.98],[110.383,20.081],[110.261,20.033],[110.157,20.067],[110.09,19.978],[109.883,19.985],[109.808,19.951],[109.719,20.011],[109.527,19.951],[109.465,19.834],[109.304,19.922],[109.167,19.805],[109.157,19.65],[109.016,19.601],[108.941,19.514],[108.771,19.394],[108.694,19.38],[108.632,19.286],[108.663,19.156],[108.615,19.102],[108.654,18.921],[108.627,18.836],[108.694,18.72],[108.695,18.505],[108.796,18.487],[109.001,18.367],[109.092,18.369],[109.218,18.306],[109.44,18.289],[109.493,18.228],[109.606,18.209],[109.727,18.304],[109.746,18.396],[109.835,18.382],[109.993,18.443],[110.053,18.39],[110.103,18.539],[110.271,18.668],[110.427,18.681],[110.466,18.882],[110.563,19.056],[110.67,19.382],[110.758,19.431],[110.822,19.554],[110.876,19.54],[111.016,19.678]]],[[[112.863,21.769],[112.778,21.773],[112.712,21.703],[112.734,21.629],[112.863,21.769]]],[[[117.504,23.75],[117.373,23.767],[117.421,23.646],[117.504,23.75]]],[[[121.265,28.122],[121.231,28.22],[121.131,28.103],[121.186,28.044],[121.265,28.122]]],[[[121.442,39.463],[121.353,39.482],[121.296,39.391],[121.403,39.371],[121.442,39.463]]],[[[110.544,21.023],[110.526,21.082],[110.39,21.096],[110.246,21.028],[110.521,20.972],[110.544,21.023]]],[[[119.834,25.549],[119.777,25.652],[119.678,25.482],[119.722,25.414],[119.834,25.549]]],[[[122.327,30.011],[122.29,30.067],[122.087,30.148],[121.975,30.148],[121.972,30.068],[122.185,29.994],[122.294,29.934],[122.327,30.011]]],[[[121.919,31.578],[121.663,31.652],[121.475,31.771],[121.264,31.841],[121.176,31.784],[121.314,31.656],[121.851,31.439],[121.978,31.478],[121.919,31.578]]],[[[118.649,39.056],[118.471,38.971],[118.514,38.919],[118.649,39.056]]]]},"properties":{"kind":"country","name":"China"}},{"type":"Feature","geometry":{"type":"Polygon","coordinates":[[[35.612,32.682],[35.74,32.741],[35.896,32.713],[36.07,32.517],[36.177,32.527],[36.373,32.386],[36.819,32.317],[37.133,32.495],[38.057,32.994],[38.775,33.372],[40.69,34.331],[40.936,34.386],[40.988,34.429],[41.196,34.768],[41.192,35.182],[41.261,35.494],[41.364,35.655],[41.344,35.858],[41.241,36.043],[41.277,36.355],[41.415,36.527],[41.79,36.589],[41.844,36.618],[42.282,36.994],[42.357,37.11],[42.353,37.227],[42.179,37.306],[42.009,37.176],[41.48,37.076],[41.201,37.065],[40.896,37.123],[40.709,37.1],[40.394,36.994],[40.19,36.884],[39.765,36.742],[39.24,36.661],[39.032,36.701],[38.795,36.687],[38.664,36.72],[38.529,36.834],[38.29,36.902],[38.19,36.906],[37.82,36.761],[37.654,36.732],[37.446,36.634],[37.242,36.659],[37.015,36.642],[36.965,36.754],[36.659,36.828],[36.603,36.747],[36.535,36.494],[36.588,36.325],[36.664,36.229],[36.499,36.228],[36.36,36.182],[36.356,36.022],[36.197,35.952],[36.138,35.82],[35.911,35.918],[35.812,35.835],[35.839,35.742],[35.778,35.541],[35.909,35.426],[35.915,35.288],[35.962,35.198],[35.888,35.109],[35.867,34.924],[35.97,34.65],[36.262,34.627],[36.324,34.679],[36.433,34.494],[36.531,34.414],[36.604,34.199],[36.488,34.089],[36.391,34.045],[36.166,33.83],[36.05,33.816],[35.922,33.64],[36.013,33.608],[35.919,33.462],[35.604,33.24],[35.672,33.15],[35.621,33.05],[35.638,32.875],[35.612,32.682]]]},"properties":{"kind":"country","name":"Syria"}},{"type":"Feature","geometry":{"type":"Polygon","coordinates":[[[45.218,-12.734],[45.087,-12.76],[45.132,-12.989],[45.213,-12.852],[45.218,-12.734]]]},"properties":{"kind":"country","name":"France"}},{"type":"Feature","geometry":{"type":"MultiPolygon","coordinates":[[[[126.667,37.828],[126.687,37.774],[126.531,37.755],[126.604,37.549],[126.596,37.44],[126.733,37.306],[126.671,37.186],[126.755,37.049],[126.942,36.893],[126.86,36.87],[126.714,36.993],[126.566,36.991],[126.336,36.825],[126.23,36.873],[126.131,36.768],[126.367,36.629],[126.484,36.65],[126.499,36.42],[126.572,36.306],[126.535,36.22],[126.692,36],[126.612,35.89],[126.729,35.865],[126.597,35.714],[126.468,35.64],[126.513,35.577],[126.362,35.269],[126.414,35.12],[126.374,35.017],[126.409,34.844],[126.298,34.588],[126.466,34.541],[126.48,34.349],[126.533,34.292],[126.761,34.479],[126.885,34.421],[126.994,34.541],[127.01,34.612],[127.148,34.691],[127.291,34.721],[127.223,34.547],[127.316,34.445],[127.501,34.612],[127.385,34.76],[127.511,34.885],[127.638,34.698],[127.75,34.737],[127.775,34.829],[127.641,34.899],[127.744,34.96],[127.83,34.945],[128.019,34.999],[128.064,34.928],[128.224,34.938],[128.435,34.843],[128.463,35.072],[128.526,35.103],[128.997,35.076],[129.194,35.156],[129.269,35.317],[129.36,35.354],[129.358,35.452],[129.455,35.513],[129.443,35.636],[129.498,35.748],[129.543,36.066],[129.433,35.996],[129.382,36.202],[129.387,36.323],[129.441,36.408],[129.423,36.617],[129.471,36.772],[129.413,37.028],[129.331,37.282],[129.148,37.505],[129.064,37.679],[128.924,37.802],[128.632,38.145],[128.563,38.289],[128.365,38.624],[128.275,38.571],[128.268,38.454],[128.172,38.356],[128.04,38.304],[127.801,38.294],[127.754,38.325],[127.472,38.296],[127.377,38.319],[127.157,38.307],[127.027,38.254],[126.762,37.979],[126.666,37.938],[126.667,37.828]]],[[[126.954,33.465],[126.792,33.564],[126.485,33.521],[126.311,33.464],[126.206,33.376],[126.171,33.269],[126.286,33.2],[126.333,33.238],[126.471,33.229],[126.841,33.31],[126.954,33.465]]],[[[126.382,34.485],[126.274,34.537],[126.116,34.436],[126.21,34.359],[126.346,34.409],[126.382,34.485]]],[[[128.075,34.804],[127.962,34.807],[127.829,34.869],[127.868,34.722],[128.06,34.708],[128.075,34.804]]],[[[128.747,34.857],[128.694,34.986],[128.488,34.869],[128.618,34.726],[128.747,34.857]]],[[[126.5,37.596],[126.521,37.751],[126.425,37.824],[126.37,37.785],[126.41,37.602],[126.5,37.596]]]]},"properties":{"kind":"country","name":"Republic of Korea"}},{"type":"Feature","geometry":{"type":"Polygon","coordinates":[[[126.667,37.828],[126.666,37.938],[126.762,37.979],[127.027,38.254],[127.157,38.307],[127.377,38.319],[127.472,38.296],[127.754,38.325],[127.801,38.294],[128.04,38.304],[128.172,38.356],[128.268,38.454],[128.275,38.571],[128.365,38.624],[128.283,38.755],[128.21,38.728],[128.091,38.844],[128.015,38.858],[127.852,39.001],[127.77,39.109],[127.452,39.166],[127.372,39.24],[127.426,39.393],[127.483,39.437],[127.575,39.595],[127.512,39.649],[127.521,39.747],[127.624,39.831],[127.875,39.893],[127.891,39.961],[128.007,40.045],[128.164,40.018],[128.302,40.033],[128.365,40.097],[128.665,40.201],[128.655,40.32],[128.861,40.372],[128.976,40.46],[129.078,40.473],[129.173,40.569],[129.206,40.676],[129.506,40.792],[129.572,40.84],[129.717,40.835],[129.753,40.91],[129.712,41.123],[129.8,41.369],[129.659,41.465],[129.691,41.65],[129.775,41.759],[129.954,41.892],[130.073,42.078],[130.199,42.101],[130.202,42.174],[130.481,42.34],[130.617,42.272],[130.7,42.295],[130.531,42.53],[130.431,42.562],[130.243,42.743],[130.239,42.902],[130.14,42.907],[130.121,42.982],[129.981,42.967],[129.88,42.996],[129.761,42.746],[129.703,42.442],[129.592,42.448],[129.535,42.37],[129.434,42.441],[129.243,42.379],[129.211,42.22],[129.12,42.149],[128.964,42.089],[128.903,42.026],[128.721,42.048],[128.502,41.996],[128.262,42.033],[128.035,41.994],[128.04,41.88],[128.159,41.712],[128.303,41.583],[128.186,41.404],[128.064,41.388],[127.944,41.471],[127.849,41.431],[127.638,41.43],[127.474,41.499],[127.305,41.495],[127.049,41.653],[127.033,41.732],[126.887,41.785],[126.789,41.696],[126.618,41.666],[126.501,41.434],[126.261,41.143],[126.147,41.092],[126.008,40.899],[125.761,40.886],[125.56,40.778],[125.419,40.667],[125.025,40.534],[125.026,40.457],[124.896,40.484],[124.712,40.31],[124.643,40.294],[124.37,40.098],[124.37,39.94],[124.434,39.831],[124.555,39.817],[124.645,39.669],[124.716,39.647],[124.76,39.748],[124.866,39.714],[125.048,39.604],[125.225,39.591],[125.346,39.46],[125.432,39.301],[125.287,39.152],[125.199,38.986],[125.137,38.804],[125.26,38.67],[125.058,38.568],[124.985,38.451],[124.884,38.355],[124.872,38.258],[124.794,38.098],[124.905,38.125],[125.014,38.062],[125.141,38.098],[125.013,37.906],[125.158,37.868],[125.24,37.93],[125.327,37.813],[125.504,37.779],[125.609,37.806],[125.719,37.953],[125.799,37.993],[125.896,37.865],[126.063,37.802],[126.398,37.892],[126.576,37.778],[126.667,37.828]]]},"properties":{"kind":"country","name":"Dem. Rep. Korea"}},{"type":"Feature","geometry":{"type":"Polygon","coordinates":[[[27.441,5.071],[27.116,5.2],[26.962,5.151],[26.867,5.038],[26.761,5.088],[26.463,5.06],[26.391,5.149],[26.292,5.151],[26.13,5.259],[26.027,5.19],[25.733,5.259],[25.581,5.375],[25.364,5.311],[25.308,5.185],[25.349,5.142],[25.308,5.032],[25.129,5.019],[25.085,4.954],[24.958,4.991],[24.789,4.92],[24.664,4.924],[24.61,5.017],[24.46,5.107],[24.361,5.063],[24.163,4.908],[24.09,4.92],[23.948,4.818],[23.817,4.821],[23.567,4.724],[23.388,4.587],[23.265,4.635],[23.169,4.738],[23.017,4.751],[22.986,4.826],[22.898,4.824],[22.854,4.711],[22.786,4.725],[22.689,4.492],[22.587,4.449],[22.609,4.363],[22.493,4.174],[22.423,4.135],[22.207,4.15],[22.009,4.242],[21.868,4.242],[21.723,4.295],[21.538,4.245],[21.358,4.286],[21.299,4.33],[21.158,4.31],[21.084,4.388],[20.872,4.453],[20.603,4.41],[20.452,4.529],[20.463,4.601],[20.339,4.772],[20,4.975],[20,-7.002],[20.294,-7.002],[20.331,-6.917],[20.611,-6.916],[20.524,-7.143],[20.521,-7.286],[21.785,-7.283],[21.842,-7.37],[21.854,-7.586],[21.77,-7.807],[21.758,-8.015],[21.851,-8.143],[21.936,-8.413],[21.885,-8.782],[21.86,-8.846],[21.841,-9.276],[21.793,-9.394],[21.854,-9.618],[21.998,-9.809],[22.16,-9.931],[22.203,-10.131],[22.313,-10.369],[22.274,-10.503],[22.306,-10.551],[22.322,-10.742],[22.165,-10.852],[22.282,-11.237],[22.469,-11.122],[22.538,-11.037],[22.728,-11.097],[22.829,-11.052],[23.014,-11.102],[23.197,-11.072],[23.373,-10.975],[23.495,-10.964],[23.834,-11.028],[23.967,-10.872],[24.114,-10.919],[24.124,-11.043],[24.294,-11.05],[24.382,-11.121],[24.392,-11.279],[24.31,-11.407],[24.446,-11.464],[24.565,-11.445],[24.674,-11.342],[24.943,-11.269],[25.124,-11.259],[25.279,-11.2],[25.325,-11.284],[25.279,-11.396],[25.352,-11.646],[25.481,-11.715],[25.515,-11.776],[25.621,-11.729],[25.726,-11.801],[25.851,-11.794],[25.994,-11.905],[26.167,-11.902],[26.298,-11.941],[26.415,-11.912],[26.489,-11.961],[26.644,-11.986],[26.874,-11.964],[26.967,-11.87],[27.01,-11.61],[27.18,-11.57],[27.234,-11.809],[27.421,-11.922],[27.52,-12.18],[27.638,-12.294],[27.934,-12.303],[27.959,-12.368],[28.088,-12.378],[28.131,-12.429],[28.34,-12.451],[28.423,-12.521],[28.512,-12.694],[28.474,-12.736],[28.584,-12.889],[28.668,-12.849],[28.801,-13.002],[28.854,-13.137],[28.903,-13.162],[28.934,-13.31],[28.994,-13.396],[29.122,-13.384],[29.169,-13.434],[29.574,-13.225],[29.668,-13.292],[29.602,-13.374],[29.703,-13.458],[29.798,-13.424],[29.8,-12.159],[29.632,-12.216],[29.568,-12.192],[29.474,-12.243],[29.447,-12.335],[29.5,-12.453],[29.296,-12.401],[29.255,-12.366],[29.03,-12.376],[28.945,-12.206],[28.835,-12.092],[28.497,-11.857],[28.453,-11.781],[28.357,-11.447],[28.44,-11.348],[28.477,-11.078],[28.564,-10.812],[28.7,-10.643],[28.635,-10.519],[28.629,-10.296],[28.57,-10.22],[28.62,-10.142],[28.624,-9.951],[28.668,-9.822],[28.624,-9.649],[28.516,-9.378],[28.369,-9.309],[28.372,-9.235],[28.599,-9.096],[28.765,-8.934],[28.93,-8.68],[28.915,-8.473],[30.752,-8.194],[30.655,-7.927],[30.442,-7.596],[30.37,-7.31],[30.235,-7.057],[30.091,-6.89],[29.739,-6.652],[29.526,-6.273],[29.476,-6.002],[29.603,-5.782],[29.594,-5.62],[29.496,-5.392],[29.456,-5.23],[29.378,-5.088],[29.321,-4.836],[29.401,-4.587],[29.404,-4.45],[29.339,-4.093],[29.215,-3.9],[29.225,-3.589],[29.207,-3.335],[29.235,-3.047],[29.09,-2.926],[29.015,-2.721],[28.891,-2.653],[28.859,-2.418],[28.983,-2.287],[29.11,-2.237],[29.151,-2.15],[29.128,-1.916],[29.149,-1.799],[29.245,-1.641],[29.358,-1.51],[29.435,-1.507],[29.578,-1.388],[29.581,-1.235],[29.556,-0.919],[29.611,-0.864],[29.602,-0.744],[29.629,-0.442],[29.712,0.1],[29.801,0.172],[29.833,0.337],[29.94,0.498],[29.928,0.785],[30.038,0.879],[30.145,0.903],[30.221,1.017],[30.239,1.136],[30.478,1.239],[30.682,1.5],[31.026,1.778],[31.243,2.051],[31.267,2.173],[31.19,2.222],[31.178,2.303],[31.055,2.29],[30.985,2.395],[30.872,2.332],[30.795,2.44],[30.725,2.441],[30.739,2.603],[30.855,2.893],[30.745,3.036],[30.804,3.246],[30.91,3.393],[30.84,3.49],[30.838,3.563],[30.693,3.632],[30.573,3.601],[30.539,3.842],[30.338,3.928],[30.206,3.95],[30.123,4.102],[30.058,4.124],[29.923,4.258],[29.883,4.344],[29.776,4.406],[29.778,4.524],[29.619,4.642],[29.494,4.668],[29.304,4.387],[29.173,4.348],[28.986,4.496],[28.815,4.478],[28.755,4.554],[28.548,4.371],[28.404,4.278],[28.303,4.352],[28.178,4.347],[28.009,4.499],[28.014,4.55],[27.838,4.56],[27.772,4.596],[27.767,4.735],[27.641,4.891],[27.553,4.901],[27.436,5.013],[27.441,5.071]]]},"properties":{"kind":"country","name":"Democratic Republic of the Congo"}},{"type":"Feature","geometry":{"type":"Polygon","coordinates":[[[91.628,27.853],[91.622,27.951],[91.419,27.995],[91.27,28.073],[91.176,28.057],[91.093,27.972],[90.975,27.982],[90.91,28.033],[90.684,28.087],[90.475,28.072],[90.588,28.233],[90.262,28.335],[90.071,28.345],[89.863,28.296],[89.756,28.184],[89.561,28.135],[89.445,28.031],[89.336,27.869],[89.225,27.808],[89.127,27.627],[89.051,27.608],[88.951,27.433],[88.997,27.331],[88.892,27.316],[88.776,27.241],[88.733,27.149],[88.828,27.098],[88.955,26.913],[89.185,26.811],[89.342,26.854],[89.685,26.725],[89.859,26.722],[90.089,26.742],[90.177,26.832],[90.383,26.892],[90.588,26.78],[90.717,26.767],[91.198,26.802],[91.276,26.774],[91.406,26.87],[91.521,26.798],[91.702,26.803],[91.795,26.854],[92.036,26.855],[92.08,26.922],[91.996,27.158],[92.085,27.304],[92.024,27.447],[91.975,27.472],[91.78,27.456],[91.657,27.479],[91.595,27.546],[91.58,27.658],[91.627,27.716],[91.628,27.853]]]},"properties":{"kind":"country","name":"Bhutan"}},{"type":"Feature","geometry":{"type":"Polygon","coordinates":[[[38.217,47.103],[38.201,47.291],[38.258,47.393],[38.26,47.493],[38.353,47.607],[38.562,47.627],[38.735,47.677],[38.771,47.781],[38.877,47.861],[39.093,47.832],[39.32,47.846],[39.392,47.823],[39.759,47.833],[39.843,48.12],[39.991,48.254],[39.816,48.308],[39.924,48.376],[39.809,48.584],[39.632,48.587],[39.703,48.747],[39.897,48.88],[39.759,48.895],[39.681,49.02],[39.919,49.048],[39.952,49.125],[40.134,49.236],[40.16,49.334],[40.041,49.455],[40.116,49.591],[39.974,49.603],[39.802,49.542],[39.623,49.613],[39.57,49.713],[39.444,49.75],[39.328,49.726],[39.238,49.765],[39.183,49.859],[38.937,49.803],[38.852,49.866],[38.687,49.914],[38.664,49.963],[38.498,49.948],[38.344,49.992],[38.3,50.061],[38.174,50.06],[38.166,49.941],[37.995,49.921],[37.916,50.003],[37.728,50.079],[37.589,50.215],[37.599,50.291],[37.48,50.34],[37.435,50.425],[37.285,50.415],[37.197,50.362],[36.914,50.339],[36.683,50.261],[36.594,50.204],[36.536,50.268],[36.388,50.306],[36.269,50.281],[36.106,50.421],[35.837,50.423],[35.697,50.345],[35.57,50.376],[35.523,50.46],[35.446,50.476],[35.378,50.622],[35.445,50.688],[35.294,50.938],[35.309,51.047],[35.173,51.041],[35.099,51.183],[34.962,51.215],[34.748,51.165],[34.622,51.225],[34.409,51.253],[34.282,51.226],[34.28,51.361],[34.196,51.386],[34.224,51.515],[34.128,51.681],[34.376,51.709],[34.386,51.818],[34.231,51.895],[34.068,52.031],[34.056,52.17],[33.804,52.355],[33.688,52.356],[33.532,52.289],[33.481,52.358],[33.197,52.369],[32.927,52.247],[32.725,52.252],[32.528,52.316],[32.394,52.327],[32.34,52.287],[32.307,52.141],[32.233,52.081],[32.096,52.041],[31.892,52.036],[31.764,52.101],[31.475,52.118],[31.304,52.097],[31.252,52.044],[31.135,52.077],[30.959,52.075],[30.941,52.02],[30.803,51.939],[30.662,51.819],[30.631,51.716],[30.515,51.604],[30.584,51.542],[30.638,51.336],[30.54,51.235],[30.355,51.305],[30.329,51.389],[30.149,51.484],[29.886,51.465],[29.829,51.43],[29.618,51.486],[29.466,51.385],[29.297,51.374],[29.227,51.519],[29.124,51.625],[29.044,51.626],[28.955,51.563],[28.864,51.559],[28.664,51.434],[28.604,51.554],[28.488,51.572],[28.347,51.525],[28.21,51.652],[28.071,51.558],[27.813,51.602],[27.705,51.568],[27.477,51.624],[27.254,51.595],[27.178,51.747],[27.022,51.765],[26.855,51.749],[26.666,51.801],[26.446,51.806],[26.408,51.851],[26.175,51.857],[26.081,51.901],[25.768,51.929],[25.352,51.921],[25.183,51.95],[25.003,51.91],[24.722,51.882],[24.391,51.88],[24.244,51.718],[23.981,51.586],[23.75,51.644],[23.594,51.605],[23.606,51.517],[23.689,51.416],[23.634,51.339],[23.743,51.216],[23.864,51.148],[23.912,51.007],[23.979,50.938],[23.974,50.776],[24.075,50.69],[24.106,50.539],[24.011,50.493],[23.981,50.405],[23.748,50.389],[23.565,50.258],[23.436,50.193],[23.101,49.957],[22.827,49.697],[22.777,49.68],[22.641,49.529],[22.724,49.367],[22.706,49.169],[22.853,49.085],[22.755,49.045],[22.54,49.072],[22.449,48.971],[22.322,48.7],[22.154,48.586],[22.133,48.405],[22.272,48.403],[22.357,48.243],[22.481,48.243],[22.6,48.101],[22.746,48.116],[22.831,48.072],[22.878,47.947],[22.939,48.006],[23.02,47.985],[23.119,48.092],[23.231,48.08],[23.36,47.993],[23.461,47.971],[23.563,48.006],[23.78,47.988],[23.877,47.934],[23.977,47.962],[24.231,47.897],[24.429,47.953],[24.562,47.941],[24.661,47.854],[24.794,47.804],[24.897,47.71],[25.122,47.77],[25.262,47.899],[25.753,47.935],[26.173,47.993],[26.287,48.125],[26.303,48.212],[26.618,48.259],[26.843,48.394],[26.943,48.351],[27.026,48.397],[27.176,48.362],[27.342,48.436],[27.42,48.417],[27.504,48.472],[27.752,48.452],[27.926,48.339],[28.056,48.321],[28.2,48.212],[28.368,48.231],[28.447,48.083],[28.574,48.155],[28.799,48.112],[28.833,48.025],[28.95,47.935],[29.124,47.976],[29.233,47.857],[29.187,47.783],[29.182,47.613],[29.117,47.533],[29.164,47.439],[29.233,47.446],[29.41,47.28],[29.481,47.338],[29.579,47.284],[29.54,47.213],[29.551,47.09],[29.603,47.046],[29.559,46.946],[29.844,46.854],[29.931,46.803],[29.953,46.725],[29.916,46.519],[29.995,46.499],[30.081,46.374],[29.919,46.374],[29.848,46.341],[29.727,46.456],[29.599,46.363],[29.475,46.432],[29.201,46.357],[29.207,46.503],[29.163,46.538],[28.946,46.455],[28.934,46.259],[29.015,46.183],[28.946,46.105],[28.932,45.993],[28.758,45.961],[28.738,45.838],[28.577,45.762],[28.504,45.694],[28.523,45.593],[28.481,45.502],[28.271,45.522],[28.199,45.462],[28.267,45.44],[28.33,45.323],[28.71,45.227],[28.816,45.326],[28.966,45.32],[29.322,45.444],[29.57,45.395],[29.65,45.346],[29.659,45.216],[29.756,45.321],[29.724,45.468],[29.641,45.442],[29.59,45.559],[29.603,45.691],[29.685,45.704],[29.746,45.623],[29.86,45.669],[29.991,45.847],[30.138,45.82],[30.261,45.895],[30.494,46.08],[30.772,46.396],[30.755,46.516],[30.991,46.601],[31.187,46.629],[31.338,46.601],[31.491,46.663],[31.579,46.617],[31.674,46.653],[31.858,46.629],[31.909,46.663],[31.865,46.78],[31.899,46.843],[32.023,46.629],[32.17,46.581],[32.254,46.605],[32.409,46.569],[32.427,46.499],[32.276,46.471],[32.112,46.512],[32.008,46.449],[31.968,46.351],[32.115,46.215],[32.239,46.195],[32.262,46.128],[32.503,46.076],[32.79,46.134],[32.913,46.115],[33.225,46.154],[33.486,46.053],[33.613,46.145],[33.657,45.957],[33.62,45.882],[33.482,45.854],[33.265,45.754],[32.937,45.663],[32.525,45.458],[32.513,45.341],[32.663,45.32],[32.75,45.363],[32.899,45.354],[33.079,45.272],[33.26,45.156],[33.413,45.185],[33.563,45.094],[33.62,44.931],[33.546,44.837],[33.547,44.71],[33.477,44.607],[33.518,44.491],[33.578,44.497],[33.721,44.4],[33.958,44.383],[34.147,44.45],[34.341,44.558],[34.469,44.73],[34.757,44.821],[35.006,44.835],[35.081,44.794],[35.154,44.901],[35.389,45.002],[35.417,45.071],[35.547,45.12],[35.771,45.066],[35.848,44.992],[35.993,44.998],[36.048,45.049],[36.225,45.008],[36.278,45.046],[36.44,45.067],[36.418,45.23],[36.583,45.427],[36.412,45.436],[36.3,45.473],[36.137,45.462],[36.022,45.368],[35.947,45.372],[35.804,45.449],[35.695,45.33],[35.481,45.298],[35.332,45.371],[35.044,45.67],[34.874,45.926],[34.811,46.166],[34.839,46.208],[35.075,46.271],[35.214,46.412],[35.291,46.293],[35.511,46.457],[35.629,46.498],[35.771,46.601],[35.902,46.653],[36.189,46.669],[36.284,46.636],[36.371,46.708],[36.524,46.759],[36.696,46.78],[36.83,46.732],[36.886,46.804],[37.208,46.934],[37.335,46.882],[37.483,47.036],[37.581,47.09],[37.753,47.075],[37.861,47.102],[38.13,47.075],[38.217,47.103]]]},"properties":{"kind":"country","name":"Ukraine"}},{"type":"Feature","geometry":{"type":"Polygon","coordinates":[[[23.486,53.939],[23.591,53.611],[23.783,53.271],[23.894,53.152],[23.922,52.743],[23.869,52.67],[23.736,52.615],[23.569,52.586],[23.392,52.51],[23.166,52.289],[23.212,52.232],[23.45,52.186],[23.512,52.124],[23.637,52.084],[23.648,51.974],[23.532,51.659],[23.606,51.517],[23.594,51.605],[23.75,51.644],[23.981,51.586],[24.244,51.718],[24.391,51.88],[24.722,51.882],[25.003,51.91],[25.183,51.95],[25.352,51.921],[25.768,51.929],[26.081,51.901],[26.175,51.857],[26.408,51.851],[26.446,51.806],[26.666,51.801],[26.855,51.749],[27.022,51.765],[27.178,51.747],[27.254,51.595],[27.477,51.624],[27.705,51.568],[27.813,51.602],[28.071,51.558],[28.21,51.652],[28.347,51.525],[28.488,51.572],[28.604,51.554],[28.664,51.434],[28.864,51.559],[28.955,51.563],[29.044,51.626],[29.124,51.625],[29.227,51.519],[29.297,51.374],[29.466,51.385],[29.618,51.486],[29.829,51.43],[29.886,51.465],[30.149,51.484],[30.329,51.389],[30.355,51.305],[30.54,51.235],[30.638,51.336],[30.584,51.542],[30.515,51.604],[30.631,51.716],[30.662,51.819],[30.803,51.939],[30.941,52.02],[30.959,52.075],[31.135,52.077],[31.252,52.044],[31.304,52.097],[31.475,52.118],[31.764,52.101],[31.683,52.257],[31.567,52.311],[31.608,52.372],[31.536,52.63],[31.57,52.725],[31.505,52.849],[31.388,52.888],[31.247,53.014],[31.367,53.099],[31.416,53.2],[31.739,53.193],[31.796,53.112],[32.083,53.082],[32.206,53.1],[32.406,53.193],[32.58,53.324],[32.698,53.326],[32.72,53.439],[32.636,53.493],[32.453,53.546],[32.372,53.714],[32.29,53.761],[32.084,53.81],[31.873,53.777],[31.754,53.82],[31.847,53.992],[31.748,54.086],[31.506,54.144],[31.325,54.229],[31.285,54.347],[31.209,54.448],[31.065,54.492],[31.168,54.622],[31.105,54.668],[30.771,54.786],[30.914,55],[26.178,55],[26.103,54.957],[25.908,54.948],[25.783,54.87],[25.71,54.676],[25.74,54.569],[25.646,54.52],[25.564,54.303],[25.696,54.321],[25.787,54.232],[25.74,54.146],[25.543,54.137],[25.472,54.297],[25.37,54.248],[25.194,54.244],[25.072,54.132],[24.856,54.147],[24.782,54.093],[24.789,53.97],[24.678,53.992],[24.529,53.958],[24.378,53.887],[24.257,53.894],[24.201,53.952],[24.045,53.931],[23.92,53.948],[23.643,53.899],[23.486,53.939]]]},"properties":{"kind":"country","name":"Belarus"}},{"type":"Feature","geometry":{"type":"Polygon","coordinates":[[[23.382,-17.641],[22.481,-17.811],[21.406,-18.009],[21.217,-17.931],[21.093,-17.938],[20.806,-18.031],[20.737,-17.993],[20.565,-17.985],[20.336,-17.855],[20.243,-17.883],[20,-17.886],[20,-20],[20.978,-20],[20.975,-18.319],[21.476,-18.3],[22.981,-18.02],[23.311,-18.01],[23.36,-18.119],[23.502,-18.237],[23.579,-18.468],[23.645,-18.466],[24.057,-18.119],[24.183,-18.029],[24.296,-18.026],[24.422,-17.956],[24.506,-18.06],[24.578,-18.044],[24.725,-17.896],[24.958,-17.801],[25.057,-17.828],[25.154,-17.782],[25.26,-17.794],[24.958,-17.552],[24.684,-17.492],[24.591,-17.528],[24.407,-17.475],[24.22,-17.479],[23.382,-17.641]]]},"properties":{"kind":"country","name":"Namibia"}},{"type":"Feature","geometry":{"type":"MultiPolygon","coordinates":[[[[56.279,25.627],[56.288,25.742],[56.364,25.807],[56.4,25.99],[56.383,26.097],[56.469,26.206],[56.399,26.269],[56.308,26.233],[56.182,26.246],[56.077,26.061],[56.183,26.015],[56.145,25.671],[56.279,25.627]]],[[[53.09,16.642],[53.339,16.735],[53.583,16.75],[53.753,16.868],[53.981,16.909],[54.023,16.985],[54.39,17.039],[54.592,17.038],[54.808,16.951],[55.027,17.011],[55.255,17.229],[55.301,17.417],[55.225,17.515],[55.263,17.608],[55.356,17.682],[55.445,17.841],[55.653,17.895],[55.909,17.907],[56.188,17.957],[56.345,17.938],[56.463,18.084],[56.561,18.149],[56.66,18.595],[56.785,18.729],[56.915,18.81],[57.208,18.91],[57.501,18.954],[57.71,18.944],[57.84,19.015],[57.812,19.157],[57.751,19.268],[57.774,19.41],[57.704,19.549],[57.699,19.754],[57.762,19.843],[57.848,20.112],[57.856,20.261],[57.967,20.33],[57.956,20.4],[58.076,20.48],[58.104,20.575],[58.264,20.588],[58.203,20.405],[58.467,20.37],[58.519,20.417],[58.68,20.828],[58.793,20.927],[58.919,21.144],[59.166,21.363],[59.336,21.438],[59.449,21.625],[59.498,21.756],[59.645,21.926],[59.688,22.083],[59.792,22.198],[59.845,22.445],[59.776,22.541],[59.535,22.583],[59.411,22.671],[59.298,22.793],[59.208,22.97],[59.084,23.055],[58.915,23.336],[58.808,23.421],[58.786,23.512],[58.491,23.657],[58.412,23.616],[58.282,23.631],[58.227,23.679],[58.043,23.725],[57.913,23.718],[57.796,23.782],[57.645,23.79],[57.326,23.884],[57.152,23.954],[56.939,24.116],[56.801,24.303],[56.611,24.496],[56.494,24.7],[56.383,24.978],[56.118,24.735],[56.032,24.754],[56.006,24.956],[55.935,24.978],[55.789,24.855],[55.818,24.643],[55.76,24.559],[55.807,24.341],[55.754,24.245],[55.933,24.221],[55.998,24.081],[55.807,24.007],[55.647,24.025],[55.5,23.971],[55.538,23.77],[55.445,23.552],[55.375,23.469],[55.321,23.275],[55.226,23.121],[55.191,22.995],[55.187,22.704],[55.627,22.024],[55.638,21.979],[54.978,19.995],[51.979,18.996],[52.73,17.3],[52.802,17.267],[53.09,16.642]]],[[[58.908,20.605],[58.853,20.613],[58.751,20.44],[58.643,20.356],[58.637,20.218],[58.724,20.215],[58.789,20.287],[58.844,20.437],[58.954,20.52],[58.908,20.605]]]]},"properties":{"kind":"country","name":"Oman"}},{"type":"Feature","geometry":{"type":"MultiPolygon","coordinates":[[[[67.781,37.189],[67.821,37.303],[67.797,37.424],[67.829,37.528],[68.08,37.806],[68.122,37.908],[68.249,37.949],[68.361,38.174],[68.332,38.243],[68.184,38.335],[68.055,38.536],[68.038,38.692],[68.067,38.788],[68.173,38.845],[68.086,38.994],[67.845,38.974],[67.691,38.99],[67.679,39.106],[67.62,39.151],[67.378,39.199],[67.436,39.486],[67.507,39.553],[67.765,39.623],[68.106,39.554],[68.338,39.528],[68.517,39.548],[68.606,39.667],[68.616,39.828],[68.788,39.896],[68.789,39.994],[68.931,40.147],[68.687,40.11],[68.698,40.195],[69.019,40.232],[69.198,40.183],[69.285,40.219],[69.306,40.365],[69.198,40.546],[69.313,40.609],[69.314,40.729],[69.436,40.803],[69.509,40.775],[69.66,40.639],[69.825,40.714],[70.01,40.758],[70.28,40.878],[70.364,41.032],[70.446,41.026],[70.697,40.816],[70.756,40.695],[70.354,40.456],[70.442,40.343],[70.551,40.31],[70.582,40.222],[70.707,40.2],[70.959,40.238],[71.053,40.274],[71.201,40.264],[71.24,40.321],[71.365,40.294],[71.477,40.221],[71.673,40.148],[71.76,40.168],[71.836,40.249],[72.099,40.426],[72.254,40.458],[72.37,40.386],[72.448,40.56],[72.586,40.509],[72.664,40.578],[72.748,40.575],[72.784,40.67],[73.118,40.783],[73.003,40.87],[72.883,40.82],[72.83,40.872],[72.619,40.88],[72.477,41.012],[72.186,41.041],[72.17,41.169],[72.034,41.157],[71.872,41.194],[71.863,41.312],[71.684,41.534],[71.586,41.324],[71.524,41.297],[71.413,41.335],[71.421,41.162],[71.23,41.187],[71.123,41.158],[70.77,41.239],[70.76,41.373],[70.634,41.467],[70.477,41.405],[70.344,41.494],[70.203,41.506],[70.169,41.578],[70.454,41.712],[70.55,41.824],[70.68,41.901],[70.825,41.936],[70.845,42.03],[70.977,42.044],[71.218,42.206],[71.078,42.281],[70.948,42.248],[70.805,42.188],[70.734,42.197],[70.61,42.027],[70.534,42.025],[70.455,42.094],[70.315,42.035],[70.136,41.848],[69.871,41.7],[69.625,41.668],[69.394,41.545],[69.391,41.47],[69.217,41.46],[69.044,41.379],[69.039,41.22],[68.746,41.064],[68.689,40.965],[68.6,40.93],[68.55,40.835],[68.593,40.599],[68.462,40.585],[68.226,40.679],[68.068,40.788],[68.131,41.03],[68.021,41.059],[67.937,41.2],[67.835,41.157],[67.748,41.184],[66.815,41.142],[66.688,41.199],[66.539,41.741],[66.504,41.993],[66.017,41.998],[66.014,42.403],[66.053,42.441],[66.101,42.99],[65.795,42.877],[65.517,43.297],[65.271,43.417],[64.957,43.697],[64.855,43.713],[64.427,43.547],[63.208,43.627],[62.478,43.541],[62.026,43.481],[61.986,43.493],[61.386,43.993],[61.162,44.168],[61.036,44.383],[58.582,45.549],[58.531,45.559],[57.478,45.337],[55.976,44.994],[55.978,41.322],[56.793,41.288],[57.01,41.254],[57.154,41.372],[57.02,41.466],[56.96,41.647],[56.95,41.866],[57.116,41.952],[57.208,42.071],[57.382,42.164],[57.62,42.148],[57.85,42.191],[57.936,42.37],[57.909,42.43],[57.998,42.493],[58.226,42.467],[58.306,42.529],[58.146,42.593],[58.283,42.689],[58.493,42.645],[58.612,42.781],[58.894,42.548],[59.039,42.52],[59.122,42.538],[59.21,42.478],[59.245,42.365],[59.478,42.286],[59.69,42.31],[59.866,42.304],[60.028,42.2],[59.974,42.099],[59.984,41.949],[60.089,41.919],[60.241,41.808],[60.102,41.795],[60.049,41.753],[60.156,41.603],[60.072,41.514],[60.094,41.39],[60.3,41.31],[60.415,41.235],[60.538,41.213],[60.659,41.244],[60.86,41.253],[60.978,41.203],[61.1,41.224],[61.281,41.157],[61.47,41.297],[61.654,41.249],[61.878,41.125],[61.971,41.015],[61.983,40.886],[62.045,40.715],[62.192,40.499],[62.353,40.43],[62.44,40.173],[62.453,40.009],[62.593,39.89],[63.478,39.403],[63.709,39.191],[64.121,38.962],[64.337,38.971],[64.424,38.883],[64.635,38.744],[64.978,38.612],[65.205,38.45],[65.604,38.237],[65.74,38.224],[65.877,38.273],[66.231,38.149],[66.307,38.08],[66.554,38.027],[66.646,37.946],[66.519,37.783],[66.493,37.522],[66.547,37.451],[66.52,37.364],[66.735,37.363],[67.006,37.384],[67.237,37.192],[67.391,37.22],[67.482,37.277],[67.633,37.254],[67.781,37.189]]],[[[71.182,40.043],[71.031,40.147],[70.953,40.079],[71.114,39.874],[71.195,39.885],[71.182,40.043]]]]},"properties":{"kind":"country","name":"Uzbekistan"}},{"type":"Feature","geometry":{"type":"Polygon","coordinates":[[[80.21,42.19],[80.268,42.238],[80.14,42.623],[80.227,42.791],[80.476,42.864],[80.368,43.028],[80.576,43.119],[80.773,43.113],[80.735,43.289],[80.643,43.326],[80.713,43.459],[80.476,43.91],[80.345,44.103],[80.373,44.27],[80.333,44.417],[80.376,44.671],[80.476,44.735],[80.218,44.818],[79.992,44.794],[79.869,44.849],[79.858,44.904],[80.062,45.019],[80.365,45.043],[80.425,45.092],[80.697,45.144],[80.854,45.126],[81.144,45.205],[81.542,45.293],[81.665,45.348],[81.739,45.338],[81.807,45.189],[81.95,45.144],[82.192,45.222],[82.295,45.228],[82.476,45.116],[82.585,45.177],[82.634,45.339],[82.616,45.435],[82.363,45.481],[82.291,45.533],[82.372,45.734],[82.489,45.902],[82.568,46.197],[82.674,46.331],[82.839,46.732],[82.986,46.943],[83.014,47.195],[83.15,47.212],[83.524,47.067],[83.905,46.974],[84.07,46.964],[84.159,46.993],[84.664,46.984],[84.732,46.948],[84.74,46.815],[84.916,46.851],[85.167,46.993],[85.205,47.034],[85.499,47.052],[85.557,47.179],[85.66,47.207],[85.67,47.384],[85.58,47.524],[85.595,47.624],[85.515,47.92],[85.586,48.141],[85.719,48.359],[85.784,48.408],[86.006,48.43],[86.192,48.418],[86.334,48.49],[86.565,48.527],[86.745,48.704],[86.789,48.839],[86.718,48.913],[86.728,48.99],[86.887,49.107],[86.975,49.092],[87.116,49.13],[87.324,49.085],[87.288,49.184],[87.218,49.23],[87.076,49.237],[86.905,49.352],[86.829,49.433],[86.824,49.509],[86.592,49.587],[86.736,49.672],[86.748,49.783],[86.61,49.796],[86.392,49.625],[86.272,49.584],[86.177,49.463],[86.112,49.52],[85.931,49.493],[85.673,49.56],[85.597,49.619],[85.513,49.585],[85.384,49.616],[85.263,49.582],[85.185,49.705],[85.033,49.885],[84.955,49.907],[84.976,50.075],[84.839,50.081],[84.773,50.138],[84.505,50.205],[84.369,50.212],[84.24,50.278],[84.177,50.439],[84.198,50.493],[84.102,50.629],[83.976,50.686],[83.951,50.78],[83.82,50.868],[83.434,50.993],[83.108,50.993],[82.976,50.882],[82.765,50.907],[82.698,50.811],[82.476,50.714],[82.408,50.748],[82.073,50.716],[81.99,50.76],[81.763,50.784],[81.674,50.736],[81.46,50.73],[81.466,50.834],[81.401,50.959],[81.058,50.947],[81.147,51.136],[80.683,51.302],[80.599,51.209],[80.476,51.21],[80.411,51.105],[80.439,50.958],[80.181,50.876],[80.049,50.852],[79.99,50.788],[79.47,51.493],[79.043,51.993],[78.476,52.638],[77.976,53.169],[77.867,53.272],[77.613,53.443],[76.526,53.961],[76.374,54.148],[76.476,54.164],[76.665,54.134],[76.838,54.297],[76.805,54.41],[76.652,54.422],[76.641,54.367],[76.433,54.317],[76.234,54.347],[76.184,54.252],[75.64,54.099],[75.5,54.102],[75.361,54.06],[75.434,53.987],[75.028,53.808],[74.772,53.831],[74.616,53.681],[74.453,53.685],[74.457,53.57],[74.409,53.478],[74.27,53.515],[74.214,53.597],[74.063,53.573],[74.044,53.63],[73.873,53.632],[73.641,53.563],[73.424,53.433],[73.391,53.52],[73.231,53.572],[73.23,53.662],[73.307,53.686],[73.331,53.775],[73.432,53.865],[73.634,53.857],[73.697,53.901],[73.741,54.058],[73.589,54.066],[73.518,53.956],[73.36,53.938],[73.063,53.979],[72.957,54.118],[72.624,54.135],[72.656,54.043],[72.456,53.905],[72.419,54.016],[72.299,54.178],[72.333,54.224],[72.152,54.368],[72.067,54.222],[71.762,54.248],[71.709,54.132],[71.477,54.11],[71.444,54.185],[71.321,54.201],[71.182,54.102],[71.082,54.174],[70.98,54.325],[71.191,54.318],[71.147,54.476],[71.148,54.591],[71.265,54.639],[71.18,54.727],[71.006,54.774],[70.946,54.888],[70.967,55],[68.215,55],[68.166,54.956],[68.01,54.943],[67.913,54.969],[67.623,54.854],[67.284,54.853],[67.213,54.797],[66.977,54.764],[66.782,54.758],[66.7,54.719],[66.447,54.711],[65.977,54.612],[65.933,54.703],[65.713,54.597],[65.477,54.633],[65.428,54.553],[65.214,54.528],[65.181,54.449],[65.213,54.343],[65.085,54.309],[64.911,54.403],[64.72,54.334],[64.579,54.386],[64.433,54.352],[64.294,54.353],[64.06,54.304],[64.008,54.229],[63.856,54.202],[63.709,54.25],[63.332,54.163],[63.124,54.174],[63.085,54.086],[62.812,54.095],[62.67,54.078],[62.499,53.878],[62.39,53.942],[62.413,54.027],[62.003,54.017],[62.004,53.932],[61.836,53.951],[61.777,54],[61.479,54.003],[61.418,54.056],[61.312,54.06],[61.225,53.96],[61.017,53.949],[61.065,53.878],[61.202,53.82],[61.008,53.636],[61.14,53.563],[61.316,53.545],[61.503,53.589],[61.555,53.506],[61.412,53.436],[61.288,53.503],[61.218,53.493],[61.137,53.373],[61.203,53.276],[61.345,53.27],[61.478,53.215],[61.643,53.243],[61.764,53.169],[62.051,53.125],[62.094,52.992],[61.923,52.938],[61.82,52.978],[61.574,52.956],[61.478,53.012],[61.349,52.985],[61.19,53.013],[60.829,52.772],[60.696,52.735],[60.712,52.632],[60.803,52.628],[60.831,52.513],[60.945,52.479],[61.04,52.335],[60.781,52.221],[60.672,52.144],[60.507,52.152],[60.348,52.09],[60.203,51.993],[60.003,51.993],[60.04,51.871],[60.138,51.889],[60.274,51.833],[60.452,51.805],[60.437,51.728],[60.515,51.618],[60.937,51.611],[61.023,51.486],[61.474,51.426],[61.611,51.249],[61.534,51.206],[61.442,50.875],[61.372,50.782],[60.818,50.663],[60.718,50.653],[60.3,50.685],[60.177,50.742],[60.136,50.844],[60.021,50.854],[59.92,50.763],[59.92,50.691],[59.775,50.534],[59.622,50.524],[59.523,50.475],[59.438,50.631],[59.291,50.615],[59.197,50.663],[58.926,50.678],[58.664,50.79],[58.554,50.925],[58.595,51.023],[58.398,51.064],[58.308,51.15],[58.141,51.057],[58.077,51.098],[57.96,51.077],[57.769,51.12],[57.737,50.938],[57.689,50.897],[57.533,50.91],[57.491,50.867],[57.353,50.886],[57.168,51.094],[56.865,51.052],[56.695,51.063],[56.688,50.969],[56.597,50.984],[56.508,51.066],[56.336,50.896],[56.175,50.909],[56.079,50.725],[55.66,50.53],[55.491,50.646],[55.305,50.665],[55.084,50.797],[55.048,50.884],[54.894,50.912],[54.812,50.972],[54.638,51.028],[54.553,51.01],[54.526,50.916],[54.638,50.886],[54.639,50.707],[54.676,50.603],[54.499,50.523],[54.384,50.6],[54.422,50.769],[54.479,50.853],[54.3,50.895],[54.145,50.993],[54.112,51.096],[53.936,51.186],[53.674,51.22],[53.594,51.289],[53.61,51.388],[53.407,51.484],[53.153,51.513],[52.944,51.453],[52.78,51.508],[52.664,51.463],[52.506,51.479],[52.378,51.66],[52.335,51.764],[52.148,51.716],[52.092,51.659],[51.869,51.673],[51.765,51.593],[51.782,51.493],[51.647,51.451],[51.56,51.535],[51.462,51.475],[51.304,51.472],[51.373,51.572],[51.234,51.685],[50.925,51.68],[50.858,51.735],[50.747,51.709],[50.694,51.611],[50.582,51.635],[50.525,51.566],[50.518,51.46],[50.38,51.421],[50.325,51.303],[49.987,51.23],[49.779,51.102],[49.423,51.102],[49.347,50.964],[49.424,50.882],[49.369,50.827],[49.144,50.782],[49.013,50.683],[48.83,50.596],[48.673,50.58],[48.701,50.335],[48.886,50.02],[48.785,49.933],[48.418,49.812],[48.239,49.865],[48.142,49.964],[48.096,50.079],[47.993,50.182],[47.625,50.441],[47.557,50.453],[47.295,50.275],[47.265,50.186],[47.309,50.045],[47.177,49.947],[46.959,49.884],[46.9,49.82],[46.775,49.333],[47.029,49.201],[47.021,49.097],[46.93,49.004],[46.754,48.914],[46.479,48.41],[47.078,48.275],[47.104,48.101],[47.178,48.052],[47.051,47.975],[47.155,47.877],[47.174,47.771],[47.36,47.683],[47.435,47.834],[47.65,47.766],[48.044,47.77],[48.174,47.713],[48.361,47.493],[48.525,47.41],[48.697,47.101],[49.006,46.769],[48.917,46.703],[48.764,46.683],[48.677,46.758],[48.557,46.762],[48.53,46.638],[48.573,46.558],[48.705,46.55],[48.82,46.479],[48.897,46.482],[49.227,46.328],[49.304,46.466],[49.638,46.577],[49.703,46.519],[49.817,46.54],[50.034,46.635],[50.169,46.749],[50.251,46.742],[50.384,46.818],[50.416,46.882],[50.607,46.868],[50.651,46.928],[50.857,47.04],[51.103,47.08],[51.187,47.117],[51.503,47.061],[51.592,46.987],[51.764,46.916],[52,46.891],[52.113,46.813],[52.239,46.807],[52.456,47.001],[52.615,46.95],[52.92,46.957],[53.084,46.853],[53.106,46.737],[53.201,46.643],[53.1,46.605],[53.063,46.506],[53.157,46.342],[53.157,46.272],[53.087,46.02],[52.92,45.796],[52.746,45.639],[52.755,45.517],[53.218,45.341],[53.108,45.3],[52.91,45.313],[52.567,45.401],[52.403,45.409],[51.958,45.372],[51.792,45.405],[51.593,45.345],[51.397,45.333],[51.309,45.257],[51.197,45.066],[50.982,44.989],[50.971,44.847],[51.201,44.741],[51.319,44.596],[51.225,44.5],[51.115,44.488],[51.007,44.529],[50.895,44.621],[50.498,44.626],[50.299,44.655],[50.225,44.568],[50.23,44.391],[50.345,44.311],[50.696,44.264],[50.847,44.189],[50.853,44.039],[50.983,43.919],[51.023,43.801],[51.142,43.634],[51.273,43.559],[51.32,43.443],[51.313,43.311],[51.266,43.188],[51.368,43.154],[51.651,43.191],[51.854,42.894],[51.933,42.835],[52.169,42.887],[52.273,42.799],[52.372,42.832],[52.574,42.799],[52.713,42.731],[52.745,42.657],[52.599,42.345],[52.402,42.093],[52.485,41.942],[52.438,41.749],[52.765,41.994],[52.979,42.127],[53.412,42.258],[54.047,42.345],[54.195,42.318],[54.738,42.048],[54.907,41.932],[54.951,41.796],[55.1,41.644],[55.228,41.473],[55.357,41.389],[55.43,41.291],[55.635,41.264],[55.877,41.325],[55.978,41.322],[55.976,44.994],[57.478,45.337],[58.531,45.559],[58.582,45.549],[61.036,44.383],[61.162,44.168],[61.386,43.993],[61.986,43.493],[62.026,43.481],[62.478,43.541],[63.208,43.627],[64.427,43.547],[64.855,43.713],[64.957,43.697],[65.271,43.417],[65.517,43.297],[65.795,42.877],[66.101,42.99],[66.053,42.441],[66.014,42.403],[66.017,41.998],[66.504,41.993],[66.539,41.741],[66.688,41.199],[66.815,41.142],[67.748,41.184],[67.835,41.157],[67.937,41.2],[68.021,41.059],[68.131,41.03],[68.068,40.788],[68.226,40.679],[68.462,40.585],[68.593,40.599],[68.55,40.835],[68.6,40.93],[68.689,40.965],[68.746,41.064],[69.039,41.22],[69.044,41.379],[69.217,41.46],[69.391,41.47],[69.394,41.545],[69.625,41.668],[69.871,41.7],[70.136,41.848],[70.315,42.035],[70.455,42.094],[70.534,42.025],[70.61,42.027],[70.734,42.197],[70.805,42.188],[70.948,42.248],[70.858,42.291],[70.94,42.388],[71.041,42.581],[71.127,42.591],[71.149,42.678],[71.263,42.754],[71.405,42.795],[71.584,42.76],[71.694,42.812],[71.848,42.834],[72.105,42.75],[72.292,42.761],[72.477,42.683],[72.726,42.653],[72.841,42.556],[72.942,42.536],[73.115,42.551],[73.317,42.494],[73.326,42.429],[73.506,42.421],[73.41,42.59],[73.504,42.794],[73.493,42.895],[73.56,43.017],[73.634,43.062],[73.902,43.131],[73.965,43.217],[74.04,43.182],[74.259,43.216],[74.558,43.115],[74.714,43],[74.863,42.976],[75.179,42.85],[75.646,42.806],[75.771,42.926],[75.859,42.94],[76.254,42.921],[76.432,42.89],[76.689,42.91],[76.833,42.972],[76.957,42.989],[77.164,42.922],[77.328,42.898],[77.403,42.92],[77.558,42.888],[77.627,42.907],[77.907,42.891],[78.031,42.855],[78.496,42.876],[78.687,42.805],[79.031,42.756],[79.148,42.791],[79.242,42.63],[79.353,42.577],[79.476,42.454],[79.696,42.46],[79.918,42.424],[80.21,42.19]]]},"properties":{"kind":"country","name":"Kazakhstan"}},{"type":"Feature","geometry":{"type":"Polygon","coordinates":[[[73.633,39.448],[73.512,39.467],[73.368,39.444],[73.326,39.391],[73.168,39.355],[72.835,39.356],[72.65,39.394],[72.559,39.36],[72.316,39.329],[72.203,39.241],[72.095,39.275],[72.05,39.369],[71.77,39.27],[71.713,39.342],[71.74,39.448],[71.513,39.459],[71.525,39.569],[71.46,39.612],[71.237,39.514],[71.063,39.496],[71.009,39.408],[70.903,39.421],[70.74,39.386],[70.622,39.564],[70.46,39.6],[70.206,39.524],[70.02,39.569],[69.83,39.536],[69.669,39.578],[69.496,39.533],[69.286,39.54],[69.291,39.659],[69.226,39.751],[69.314,39.987],[69.405,39.896],[69.502,39.922],[69.47,40.051],[69.575,40.104],[69.97,40.212],[70.147,40.137],[70.627,39.994],[70.639,40.085],[70.959,40.238],[70.707,40.2],[70.582,40.222],[70.551,40.31],[70.442,40.343],[70.354,40.456],[70.756,40.695],[70.697,40.816],[70.446,41.026],[70.364,41.032],[70.28,40.878],[70.01,40.758],[69.825,40.714],[69.66,40.639],[69.509,40.775],[69.436,40.803],[69.314,40.729],[69.313,40.609],[69.198,40.546],[69.306,40.365],[69.285,40.219],[69.198,40.183],[69.019,40.232],[68.698,40.195],[68.687,40.11],[68.931,40.147],[68.789,39.994],[68.788,39.896],[68.616,39.828],[68.606,39.667],[68.517,39.548],[68.338,39.528],[68.106,39.554],[67.765,39.623],[67.507,39.553],[67.436,39.486],[67.378,39.199],[67.62,39.151],[67.679,39.106],[67.691,38.99],[67.845,38.974],[68.086,38.994],[68.173,38.845],[68.067,38.788],[68.038,38.692],[68.055,38.536],[68.184,38.335],[68.332,38.243],[68.361,38.174],[68.249,37.949],[68.122,37.908],[68.08,37.806],[67.829,37.528],[67.797,37.424],[67.821,37.303],[67.781,37.189],[67.785,37.097],[67.878,37.064],[68.011,36.931],[68.186,37.018],[68.278,37.01],[68.307,37.114],[68.627,37.206],[68.669,37.278],[68.965,37.329],[69.124,37.169],[69.246,37.104],[69.408,37.177],[69.378,37.437],[69.529,37.586],[69.802,37.582],[69.895,37.618],[70.017,37.546],[70.158,37.541],[70.283,37.705],[70.24,37.828],[70.165,37.89],[70.483,38.137],[70.596,38.338],[70.761,38.444],[70.974,38.474],[71.218,38.326],[71.334,38.281],[71.365,38.207],[71.256,37.95],[71.341,37.893],[71.501,37.946],[71.598,37.898],[71.59,37.816],[71.497,37.567],[71.487,37.267],[71.431,37.067],[71.463,36.948],[71.611,36.705],[71.749,36.679],[71.837,36.699],[72.26,36.967],[72.406,37.008],[72.658,37.029],[72.761,37.187],[72.996,37.309],[73.068,37.315],[73.276,37.459],[73.485,37.481],[73.675,37.431],[73.72,37.218],[74.163,37.33],[74.224,37.403],[74.53,37.376],[74.66,37.394],[74.789,37.331],[74.892,37.231],[75.068,37.312],[75.164,37.401],[74.892,37.599],[74.965,37.767],[74.898,37.818],[74.893,37.994],[74.791,38.081],[74.771,38.292],[74.838,38.379],[74.776,38.511],[74.334,38.667],[74.14,38.669],[73.933,38.53],[73.797,38.603],[73.684,38.855],[73.816,38.994],[73.698,39.078],[73.608,39.207],[73.641,39.335],[73.633,39.448]]]},"properties":{"kind":"country","name":"Tajikistan"}},{"type":"Feature","geometry":{"type":"Polygon","coordinates":[[[23.486,53.939],[23.643,53.899],[23.92,53.948],[24.045,53.931],[24.201,53.952],[24.257,53.894],[24.378,53.887],[24.529,53.958],[24.678,53.992],[24.789,53.97],[24.782,54.093],[24.856,54.147],[25.072,54.132],[25.194,54.244],[25.37,54.248],[25.472,54.297],[25.543,54.137],[25.74,54.146],[25.787,54.232],[25.696,54.321],[25.564,54.303],[25.646,54.52],[25.74,54.569],[25.71,54.676],[25.783,54.87],[25.908,54.948],[26.103,54.957],[26.178,55],[22.606,55],[22.809,54.894],[22.833,54.779],[22.725,54.723],[22.682,54.57],[22.68,54.453],[22.767,54.356],[22.859,54.399],[23.316,54.236],[23.433,54.169],[23.496,54.022],[23.486,53.939]]]},"properties":{"kind":"country","name":"Lithuania"}},{"type":"Feature","geometry":{"type":"Polygon","coordinates":[[[87.816,49.166],[87.822,49.029],[87.757,48.92],[87.806,48.801],[87.975,48.756],[88.055,48.673],[87.943,48.599],[88.017,48.54],[88.236,48.493],[88.417,48.394],[88.565,48.343],[88.581,48.212],[88.805,48.106],[88.932,48.097],[89.046,47.993],[89.244,47.98],[89.334,48.032],[89.542,48.031],[89.751,47.824],[89.889,47.824],[89.963,47.889],[90.045,47.88],[90.083,47.756],[90.302,47.679],[90.441,47.493],[90.469,47.309],[90.712,47.015],[90.828,46.982],[90.933,46.875],[91.005,46.74],[90.996,46.595],[91.036,46.529],[90.896,46.302],[90.996,46.114],[91.002,46.022],[90.711,45.752],[90.651,45.493],[90.738,45.442],[90.797,45.293],[90.905,45.186],[90.975,45.215],[91.135,45.198],[91.249,45.13],[91.456,45.137],[91.522,45.077],[91.663,45.06],[92.009,45.076],[92.194,45.015],[92.475,44.997],[92.753,45.038],[92.945,45.006],[93.166,45.008],[93.525,44.951],[93.714,44.875],[93.875,44.714],[93.975,44.66],[94.195,44.654],[94.338,44.512],[94.43,44.504],[94.588,44.436],[94.698,44.343],[95.037,44.255],[95.379,44.287],[95.321,44.148],[95.328,44.007],[95.51,43.979],[95.589,43.869],[95.692,43.631],[95.833,43.409],[95.855,43.285],[95.908,43.215],[96.294,42.933],[96.351,42.741],[96.475,42.732],[97.193,42.787],[99.474,42.564],[99.972,42.676],[100.017,42.677],[101.219,42.53],[101.411,42.545],[101.638,42.515],[101.735,42.461],[101.886,42.278],[102.034,42.185],[103.073,42.005],[103.691,41.759],[103.721,41.756],[104.501,41.871],[104.498,41.666],[104.601,41.645],[104.892,41.645],[105.015,41.596],[105.201,41.743],[105.403,41.812],[105.869,41.993],[106.768,42.287],[108.177,42.454],[108.32,42.433],[108.536,42.435],[108.797,42.398],[108.994,42.45],[109.253,42.426],[109.485,42.449],[109.667,42.549],[109.913,42.629],[110.075,42.644],[110.14,42.683],[110.407,42.769],[110.449,42.837],[110.608,42.945],[110.68,43.058],[110.934,43.288],[111.096,43.367],[111.597,43.523],[111.754,43.663],[111.933,43.697],[111.944,43.786],[111.839,43.939],[111.634,44.066],[111.519,44.189],[111.406,44.416],[111.544,44.601],[111.551,44.693],[111.739,44.966],[111.843,45.04],[112.011,45.087],[112.108,45.067],[112.38,45.071],[112.441,45.052],[112.614,44.909],[112.748,44.865],[113.105,44.794],[113.473,44.771],[113.635,44.746],[113.889,44.908],[114.055,44.941],[114.164,45.04],[114.419,45.201],[114.534,45.386],[114.737,45.425],[114.939,45.374],[115.337,45.395],[115.638,45.444],[116.012,45.679],[116.17,45.709],[116.252,45.803],[116.213,45.908],[116.357,46.106],[116.604,46.309],[116.805,46.383],[117.302,46.35],[117.405,46.511],[117.394,46.571],[117.582,46.592],[117.696,46.512],[117.798,46.52],[117.878,46.596],[118.238,46.715],[118.435,46.691],[118.609,46.706],[118.72,46.677],[118.816,46.758],[118.967,46.74],[119.062,46.661],[119.317,46.612],[119.453,46.627],[119.68,46.592],[119.904,46.709],[119.903,46.842],[119.77,46.993],[119.7,47.16],[119.321,47.407],[119.31,47.476],[119.158,47.518],[119.083,47.662],[118.767,47.756],[118.542,47.966],[118.28,47.998],[118.182,48.028],[117.742,47.978],[117.361,47.651],[117.317,47.654],[117.07,47.81],[116.853,47.872],[116.5,47.836],[116.244,47.863],[116.084,47.807],[115.973,47.709],[115.853,47.706],[115.562,47.933],[115.515,48.122],[115.771,48.224],[115.809,48.274],[115.8,48.53],[116.028,48.767],[116.038,48.87],[116.684,49.823],[116.575,49.922],[116.218,50.014],[116.054,49.998],[115.751,49.885],[115.369,49.895],[115.21,49.972],[114.997,50.144],[114.754,50.236],[114.473,50.234],[114.286,50.277],[113.973,50.161],[113.85,50.081],[113.752,50.079],[113.58,50.02],[113.212,49.822],[113.077,49.669],[113.044,49.589],[112.947,49.576],[112.734,49.493],[112.432,49.529],[112.03,49.412],[111.661,49.396],[111.504,49.347],[111.338,49.365],[110.966,49.207],[110.731,49.138],[110.604,49.145],[110.371,49.242],[110.181,49.162],[109.818,49.228],[109.729,49.266],[109.516,49.256],[109.462,49.3],[109.161,49.347],[108.93,49.349],[108.538,49.327],[108.335,49.436],[108.251,49.522],[108.033,49.589],[107.956,49.746],[107.947,49.933],[107.729,49.972],[107.364,49.976],[107.225,49.997],[107.07,50.066],[106.974,50.196],[106.788,50.292],[106.657,50.327],[106.44,50.328],[106.245,50.29],[106.056,50.334],[105.985,50.4],[105.779,50.429],[105.639,50.422],[105.329,50.476],[105.131,50.398],[104.934,50.393],[104.61,50.314],[104.406,50.301],[104.122,50.148],[103.974,50.149],[103.785,50.186],[103.668,50.131],[103.407,50.197],[103.253,50.215],[103.202,50.297],[102.974,50.296],[102.763,50.375],[102.587,50.415],[102.472,50.525],[102.328,50.546],[102.276,50.65],[102.329,50.719],[102.217,50.799],[102.23,50.979],[102.147,51.098],[102.135,51.24],[102.184,51.324],[102.051,51.384],[101.742,51.445],[101.482,51.473],[101.388,51.451],[101.242,51.515],[101.069,51.553],[100.511,51.727],[100.006,51.732],[99.918,51.749],[99.679,51.889],[99.324,51.934],[99.233,51.994],[98.995,52.058],[98.886,52.129],[98.711,51.845],[98.619,51.781],[98.332,51.718],[98.228,51.583],[98.22,51.475],[98.051,51.466],[97.916,51.301],[97.929,51.215],[97.806,51.001],[97.836,50.941],[97.99,50.836],[97.944,50.774],[98.023,50.642],[98.136,50.571],[98.293,50.519],[98.262,50.284],[98.106,50.064],[97.83,49.923],[97.734,49.958],[97.567,49.917],[97.543,49.823],[97.302,49.726],[97.153,49.75],[96.969,49.887],[96.702,49.914],[96.568,49.862],[96.475,49.922],[96.373,49.886],[96.236,49.949],[96.041,49.998],[95.946,49.939],[95.867,50.015],[95.481,49.892],[95.355,49.948],[95.076,49.946],[94.922,50.046],[94.625,50.015],[94.492,50.152],[94.344,50.249],[94.328,50.404],[94.238,50.565],[93.536,50.585],[93.422,50.609],[93.105,50.599],[93.011,50.623],[92.962,50.778],[92.796,50.788],[92.65,50.674],[92.443,50.786],[92.361,50.868],[92.302,50.843],[92.243,50.72],[92.159,50.689],[91.9,50.707],[91.75,50.684],[91.576,50.562],[91.475,50.536],[91.416,50.461],[91.26,50.467],[91.012,50.425],[90.84,50.321],[90.718,50.281],[90.684,50.216],[90.475,50.215],[90.223,50.114],[90.051,50.084],[89.969,49.967],[89.721,49.94],[89.615,49.842],[89.682,49.708],[89.442,49.644],[89.372,49.582],[89.252,49.629],[89.161,49.503],[88.871,49.436],[88.696,49.447],[88.634,49.491],[88.539,49.467],[88.379,49.476],[88.2,49.454],[88.116,49.357],[88.144,49.271],[87.957,49.169],[87.816,49.166]]]},"properties":{"kind":"country","name":"Mongolia"}},{"type":"Feature","geometry":{"type":"MultiPolygon","coordinates":[[[[87.324,49.085],[87.4,49.071],[87.525,49.12],[87.816,49.166],[87.957,49.169],[88.144,49.271],[88.116,49.357],[88.2,49.454],[88.379,49.476],[88.539,49.467],[88.634,49.491],[88.696,49.447],[88.871,49.436],[89.161,49.503],[89.252,49.629],[89.372,49.582],[89.442,49.644],[89.682,49.708],[89.615,49.842],[89.721,49.94],[89.969,49.967],[90.051,50.084],[90.223,50.114],[90.475,50.215],[90.684,50.216],[90.718,50.281],[90.84,50.321],[91.012,50.425],[91.26,50.467],[91.416,50.461],[91.475,50.536],[91.576,50.562],[91.75,50.684],[91.9,50.707],[92.159,50.689],[92.243,50.72],[92.302,50.843],[92.361,50.868],[92.443,50.786],[92.65,50.674],[92.796,50.788],[92.962,50.778],[93.011,50.623],[93.105,50.599],[93.422,50.609],[93.536,50.585],[94.238,50.565],[94.328,50.404],[94.344,50.249],[94.492,50.152],[94.625,50.015],[94.922,50.046],[95.076,49.946],[95.355,49.948],[95.481,49.892],[95.867,50.015],[95.946,49.939],[96.041,49.998],[96.236,49.949],[96.373,49.886],[96.475,49.922],[96.568,49.862],[96.702,49.914],[96.969,49.887],[97.153,49.75],[97.302,49.726],[97.543,49.823],[97.567,49.917],[97.734,49.958],[97.83,49.923],[98.106,50.064],[98.262,50.284],[98.293,50.519],[98.136,50.571],[98.023,50.642],[97.944,50.774],[97.99,50.836],[97.836,50.941],[97.806,51.001],[97.929,51.215],[97.916,51.301],[98.051,51.466],[98.22,51.475],[98.228,51.583],[98.332,51.718],[98.619,51.781],[98.711,51.845],[98.886,52.129],[98.995,52.058],[99.233,51.994],[99.324,51.934],[99.679,51.889],[99.918,51.749],[100.006,51.732],[100.511,51.727],[101.069,51.553],[101.242,51.515],[101.388,51.451],[101.482,51.473],[101.742,51.445],[102.051,51.384],[102.184,51.324],[102.135,51.24],[102.147,51.098],[102.23,50.979],[102.217,50.799],[102.329,50.719],[102.276,50.65],[102.328,50.546],[102.472,50.525],[102.587,50.415],[102.763,50.375],[102.974,50.296],[103.202,50.297],[103.253,50.215],[103.407,50.197],[103.668,50.131],[103.785,50.186],[103.974,50.149],[104.122,50.148],[104.406,50.301],[104.61,50.314],[104.934,50.393],[105.131,50.398],[105.329,50.476],[105.639,50.422],[105.779,50.429],[105.985,50.4],[106.056,50.334],[106.245,50.29],[106.44,50.328],[106.657,50.327],[106.788,50.292],[106.974,50.196],[107.07,50.066],[107.225,49.997],[107.364,49.976],[107.729,49.972],[107.947,49.933],[107.956,49.746],[108.033,49.589],[108.251,49.522],[108.335,49.436],[108.538,49.327],[108.93,49.349],[109.161,49.347],[109.462,49.3],[109.516,49.256],[109.729,49.266],[109.818,49.228],[110.181,49.162],[110.371,49.242],[110.604,49.145],[110.731,49.138],[110.966,49.207],[111.338,49.365],[111.504,49.347],[111.661,49.396],[112.03,49.412],[112.432,49.529],[112.734,49.493],[112.947,49.576],[113.044,49.589],[113.077,49.669],[113.212,49.822],[113.58,50.02],[113.752,50.079],[113.85,50.081],[113.973,50.161],[114.286,50.277],[114.473,50.234],[114.754,50.236],[114.997,50.144],[115.21,49.972],[115.369,49.895],[115.751,49.885],[116.054,49.998],[116.218,50.014],[116.575,49.922],[116.684,49.823],[117.058,49.673],[117.253,49.622],[117.473,49.614],[117.759,49.513],[117.894,49.547],[118.169,49.671],[118.394,49.82],[118.644,49.955],[119.092,49.987],[119.209,50.015],[119.316,50.093],[119.353,50.346],[119.175,50.356],[119.244,50.446],[119.294,50.599],[119.497,50.737],[119.518,50.905],[119.748,51.083],[119.82,51.275],[119.916,51.331],[120.108,51.665],[120.154,51.664],[120.493,51.876],[120.648,51.911],[120.706,52.061],[120.779,52.118],[120.739,52.257],[120.626,52.347],[120.724,52.542],[120.43,52.636],[120.176,52.584],[120.056,52.601],[120.033,52.761],[120.28,52.866],[120.45,53.008],[120.652,53.123],[120.874,53.28],[121.203,53.277],[121.358,53.324],[121.512,53.33],[121.641,53.385],[121.889,53.431],[122.082,53.43],[122.338,53.491],[122.471,53.465],[122.86,53.474],[123.154,53.513],[123.253,53.568],[123.471,53.519],[123.614,53.563],[123.732,53.504],[123.971,53.455],[124.122,53.353],[124.233,53.382],[124.408,53.236],[124.679,53.199],[124.72,53.149],[125.019,53.211],[125.127,53.207],[125.428,53.095],[125.521,53.042],[125.621,53.062],[125.734,52.982],[125.669,52.878],[125.837,52.907],[125.867,52.849],[126.035,52.727],[125.973,52.632],[126.212,52.533],[126.344,52.391],[126.317,52.2],[126.531,52.153],[126.514,52.043],[126.446,51.983],[126.648,51.741],[126.714,51.723],[126.701,51.563],[126.807,51.534],[126.8,51.419],[126.902,51.401],[126.955,51.33],[126.905,51.164],[126.932,51.064],[127.144,50.904],[127.365,50.555],[127.305,50.451],[127.331,50.328],[127.405,50.276],[127.578,50.221],[127.57,50.13],[127.487,50.026],[127.534,49.922],[127.508,49.822],[127.644,49.767],[127.722,49.649],[127.831,49.594],[127.992,49.599],[128.092,49.542],[128.345,49.548],[128.384,49.579],[128.666,49.609],[128.797,49.572],[128.787,49.465],[128.879,49.48],[129.015,49.431],[129.088,49.352],[129.194,49.39],[129.362,49.35],[129.403,49.431],[129.502,49.411],[129.572,49.28],[129.711,49.274],[129.756,49.184],[129.913,49.04],[130.249,48.865],[130.387,48.896],[130.565,48.856],[130.628,48.796],[130.533,48.636],[130.608,48.577],[130.639,48.477],[130.716,48.499],[130.819,48.282],[130.663,48.116],[130.682,48.05],[130.907,47.884],[130.942,47.718],[131.023,47.682],[131.418,47.743],[131.577,47.669],[131.703,47.696],[131.894,47.67],[132.025,47.698],[132.162,47.69],[132.332,47.737],[132.525,47.708],[132.659,47.87],[132.675,47.951],[132.821,47.942],[133.092,48.107],[133.185,48.125],[133.464,48.09],[133.56,48.113],[133.721,48.245],[133.982,48.285],[134.057,48.327],[134.386,48.381],[134.543,48.357],[134.701,48.262],[134.683,48.136],[134.567,48.04],[134.567,47.985],[134.773,47.711],[134.683,47.588],[134.485,47.43],[134.293,47.41],[134.184,47.328],[134.154,47.258],[134.227,47.118],[134.124,47.071],[134.02,46.834],[134.045,46.772],[133.988,46.625],[133.902,46.574],[133.849,46.48],[133.921,46.41],[133.863,46.339],[133.902,46.259],[133.687,46.142],[133.719,46.079],[133.658,45.935],[133.477,45.82],[133.413,45.573],[133.202,45.511],[133.14,45.435],[133.098,45.244],[133.115,45.123],[132.953,45.024],[132.84,45.059],[131.97,45.234],[131.818,45.333],[131.723,45.215],[131.628,45.198],[131.609,45.09],[131.42,44.959],[131.329,44.968],[131.158,44.902],[131.052,44.909],[130.972,44.776],[131.066,44.682],[131.264,44.054],[131.17,43.781],[131.192,43.589],[131.167,43.521],[131.262,43.464],[131.281,43.38],[131.167,43.182],[131.169,43.108],[131.085,43.042],[131.103,42.91],[130.992,42.849],[130.77,42.866],[130.731,42.826],[130.586,42.817],[130.407,42.735],[130.572,42.622],[130.531,42.53],[130.7,42.295],[130.787,42.462],[130.858,42.525],[130.657,42.664],[130.825,42.699],[130.848,42.661],[131.209,42.636],[131.273,42.777],[131.352,42.774],[131.394,42.945],[131.518,43.009],[131.731,43.174],[131.764,43.292],[131.957,43.306],[131.992,43.273],[131.85,43.1],[131.952,43.072],[132.096,43.181],[132.227,43.23],[132.329,43.175],[132.289,42.883],[132.404,42.942],[132.503,42.924],[132.578,42.84],[132.774,42.875],[132.816,42.756],[132.912,42.819],[133.043,42.78],[133.038,42.691],[133.158,42.688],[133.299,42.763],[133.444,42.779],[133.605,42.846],[133.73,42.845],[133.84,42.898],[133.927,42.883],[134.108,42.996],[134.194,43.08],[134.338,43.12],[134.587,43.229],[134.975,43.46],[135.14,43.508],[135.223,43.733],[135.355,43.719],[135.488,43.833],[135.541,44.004],[135.624,44.038],[135.656,44.169],[135.786,44.258],[135.889,44.402],[136.123,44.476],[136.228,44.57],[136.227,44.631],[136.334,44.714],[136.365,44.793],[136.553,44.895],[136.657,45.033],[136.761,45.088],[136.826,45.204],[137.145,45.375],[137.397,45.624],[137.671,45.795],[137.782,45.946],[138.1,46.228],[138.202,46.454],[138.345,46.549],[138.349,46.664],[138.484,46.858],[138.535,46.987],[138.891,47.305],[138.959,47.313],[139.053,47.479],[139.206,47.664],[139.262,47.788],[139.39,47.904],[139.496,47.954],[139.684,48.096],[139.734,48.163],[140,48.322],[140,54.124],[139.816,54.215],[139.797,54.297],[139.372,54.196],[139.162,54.205],[138.934,54.253],[138.739,54.316],[138.732,54.174],[138.761,53.975],[138.682,53.875],[138.656,53.732],[138.502,53.544],[138.406,53.511],[138.345,53.607],[138.379,53.684],[138.537,53.786],[138.589,53.879],[138.559,53.99],[138.396,53.928],[138.298,53.756],[138.15,53.673],[137.918,53.587],[137.678,53.55],[137.335,53.529],[137.212,53.588],[137.315,53.653],[137.477,53.666],[137.554,53.714],[137.597,53.824],[137.771,53.944],[137.546,53.972],[137.438,54.037],[137.485,54.112],[137.685,54.277],[137.451,54.318],[137.3,54.272],[137.061,54.146],[137.157,54.044],[137.28,54.023],[137.186,53.851],[137.108,53.808],[136.958,53.858],[136.775,53.773],[136.685,53.808],[136.659,53.926],[136.689,54.012],[136.78,54.064],[136.806,54.174],[136.762,54.273],[136.821,54.316],[136.739,54.414],[136.818,54.473],[136.883,54.591],[136.794,54.653],[136.681,54.615],[136.638,54.668],[136.535,54.596],[136.249,54.62],[135.98,54.581],[135.75,54.571],[135.654,54.666],[135.265,54.722],[135.173,54.821],[135.22,54.894],[135.382,55],[70.967,55],[70.946,54.888],[71.006,54.774],[71.18,54.727],[71.265,54.639],[71.148,54.591],[71.147,54.476],[71.191,54.318],[70.98,54.325],[71.082,54.174],[71.182,54.102],[71.321,54.201],[71.444,54.185],[71.477,54.11],[71.709,54.132],[71.762,54.248],[72.067,54.222],[72.152,54.368],[72.333,54.224],[72.299,54.178],[72.419,54.016],[72.456,53.905],[72.656,54.043],[72.624,54.135],[72.957,54.118],[73.063,53.979],[73.36,53.938],[73.518,53.956],[73.589,54.066],[73.741,54.058],[73.697,53.901],[73.634,53.857],[73.432,53.865],[73.331,53.775],[73.307,53.686],[73.23,53.662],[73.231,53.572],[73.391,53.52],[73.424,53.433],[73.641,53.563],[73.873,53.632],[74.044,53.63],[74.063,53.573],[74.214,53.597],[74.27,53.515],[74.409,53.478],[74.457,53.57],[74.453,53.685],[74.616,53.681],[74.772,53.831],[75.028,53.808],[75.434,53.987],[75.361,54.06],[75.5,54.102],[75.64,54.099],[76.184,54.252],[76.234,54.347],[76.433,54.317],[76.641,54.367],[76.652,54.422],[76.805,54.41],[76.838,54.297],[76.665,54.134],[76.476,54.164],[76.374,54.148],[76.526,53.961],[77.613,53.443],[77.867,53.272],[77.976,53.169],[78.476,52.638],[79.043,51.993],[79.47,51.493],[79.99,50.788],[80.049,50.852],[80.181,50.876],[80.439,50.958],[80.411,51.105],[80.476,51.21],[80.599,51.209],[80.683,51.302],[81.147,51.136],[81.058,50.947],[81.401,50.959],[81.466,50.834],[81.46,50.73],[81.674,50.736],[81.763,50.784],[81.99,50.76],[82.073,50.716],[82.408,50.748],[82.476,50.714],[82.698,50.811],[82.765,50.907],[82.976,50.882],[83.108,50.993],[83.434,50.993],[83.82,50.868],[83.951,50.78],[83.976,50.686],[84.102,50.629],[84.198,50.493],[84.177,50.439],[84.24,50.278],[84.369,50.212],[84.505,50.205],[84.773,50.138],[84.839,50.081],[84.976,50.075],[84.955,49.907],[85.033,49.885],[85.185,49.705],[85.263,49.582],[85.384,49.616],[85.513,49.585],[85.597,49.619],[85.673,49.56],[85.931,49.493],[86.112,49.52],[86.177,49.463],[86.272,49.584],[86.392,49.625],[86.61,49.796],[86.748,49.783],[86.736,49.672],[86.592,49.587],[86.824,49.509],[86.829,49.433],[86.905,49.352],[87.076,49.237],[87.218,49.23],[87.288,49.184],[87.324,49.085]]],[[[49.227,46.328],[48.897,46.482],[48.82,46.479],[48.705,46.55],[48.573,46.558],[48.53,46.638],[48.557,46.762],[48.677,46.758],[48.764,46.683],[48.917,46.703],[49.006,46.769],[48.697,47.101],[48.525,47.41],[48.361,47.493],[48.174,47.713],[48.044,47.77],[47.65,47.766],[47.435,47.834],[47.36,47.683],[47.174,47.771],[47.155,47.877],[47.051,47.975],[47.178,48.052],[47.104,48.101],[47.078,48.275],[46.479,48.41],[46.754,48.914],[46.93,49.004],[47.021,49.097],[47.029,49.201],[46.775,49.333],[46.9,49.82],[46.959,49.884],[47.177,49.947],[47.309,50.045],[47.265,50.186],[47.295,50.275],[47.557,50.453],[47.625,50.441],[47.993,50.182],[48.096,50.079],[48.142,49.964],[48.239,49.865],[48.418,49.812],[48.785,49.933],[48.886,50.02],[48.701,50.335],[48.673,50.58],[48.83,50.596],[49.013,50.683],[49.144,50.782],[49.369,50.827],[49.424,50.882],[49.347,50.964],[49.423,51.102],[49.779,51.102],[49.987,51.23],[50.325,51.303],[50.38,51.421],[50.518,51.46],[50.525,51.566],[50.582,51.635],[50.694,51.611],[50.747,51.709],[50.858,51.735],[50.925,51.68],[51.234,51.685],[51.373,51.572],[51.304,51.472],[51.462,51.475],[51.56,51.535],[51.647,51.451],[51.782,51.493],[51.765,51.593],[51.869,51.673],[52.092,51.659],[52.148,51.716],[52.335,51.764],[52.378,51.66],[52.506,51.479],[52.664,51.463],[52.78,51.508],[52.944,51.453],[53.153,51.513],[53.407,51.484],[53.61,51.388],[53.594,51.289],[53.674,51.22],[53.936,51.186],[54.112,51.096],[54.145,50.993],[54.3,50.895],[54.479,50.853],[54.422,50.769],[54.384,50.6],[54.499,50.523],[54.676,50.603],[54.639,50.707],[54.638,50.886],[54.526,50.916],[54.553,51.01],[54.638,51.028],[54.812,50.972],[54.894,50.912],[55.048,50.884],[55.084,50.797],[55.305,50.665],[55.491,50.646],[55.66,50.53],[56.079,50.725],[56.175,50.909],[56.336,50.896],[56.508,51.066],[56.597,50.984],[56.688,50.969],[56.695,51.063],[56.865,51.052],[57.168,51.094],[57.353,50.886],[57.491,50.867],[57.533,50.91],[57.689,50.897],[57.737,50.938],[57.769,51.12],[57.96,51.077],[58.077,51.098],[58.141,51.057],[58.308,51.15],[58.398,51.064],[58.595,51.023],[58.554,50.925],[58.664,50.79],[58.926,50.678],[59.197,50.663],[59.291,50.615],[59.438,50.631],[59.523,50.475],[59.622,50.524],[59.775,50.534],[59.92,50.691],[59.92,50.763],[60.021,50.854],[60.136,50.844],[60.177,50.742],[60.3,50.685],[60.718,50.653],[60.818,50.663],[61.372,50.782],[61.442,50.875],[61.534,51.206],[61.611,51.249],[61.474,51.426],[61.023,51.486],[60.937,51.611],[60.515,51.618],[60.437,51.728],[60.452,51.805],[60.274,51.833],[60.138,51.889],[60.04,51.871],[60.003,51.993],[60.203,51.993],[60.348,52.09],[60.507,52.152],[60.672,52.144],[60.781,52.221],[61.04,52.335],[60.945,52.479],[60.831,52.513],[60.803,52.628],[60.712,52.632],[60.696,52.735],[60.829,52.772],[61.19,53.013],[61.349,52.985],[61.478,53.012],[61.574,52.956],[61.82,52.978],[61.923,52.938],[62.094,52.992],[62.051,53.125],[61.764,53.169],[61.643,53.243],[61.478,53.215],[61.345,53.27],[61.203,53.276],[61.137,53.373],[61.218,53.493],[61.288,53.503],[61.412,53.436],[61.555,53.506],[61.503,53.589],[61.316,53.545],[61.14,53.563],[61.008,53.636],[61.202,53.82],[61.065,53.878],[61.017,53.949],[61.225,53.96],[61.312,54.06],[61.418,54.056],[61.479,54.003],[61.777,54],[61.836,53.951],[62.004,53.932],[62.003,54.017],[62.413,54.027],[62.39,53.942],[62.499,53.878],[62.67,54.078],[62.812,54.095],[63.085,54.086],[63.124,54.174],[63.332,54.163],[63.709,54.25],[63.856,54.202],[64.008,54.229],[64.06,54.304],[64.294,54.353],[64.433,54.352],[64.579,54.386],[64.72,54.334],[64.911,54.403],[65.085,54.309],[65.213,54.343],[65.181,54.449],[65.214,54.528],[65.428,54.553],[65.477,54.633],[65.713,54.597],[65.933,54.703],[65.977,54.612],[66.447,54.711],[66.7,54.719],[66.782,54.758],[66.977,54.764],[67.213,54.797],[67.284,54.853],[67.623,54.854],[67.913,54.969],[68.01,54.943],[68.166,54.956],[68.215,55],[30.914,55],[30.771,54.786],[31.105,54.668],[31.168,54.622],[31.065,54.492],[31.209,54.448],[31.285,54.347],[31.325,54.229],[31.506,54.144],[31.748,54.086],[31.847,53.992],[31.754,53.82],[31.873,53.777],[32.084,53.81],[32.29,53.761],[32.372,53.714],[32.453,53.546],[32.636,53.493],[32.72,53.439],[32.698,53.326],[32.58,53.324],[32.406,53.193],[32.206,53.1],[32.083,53.082],[31.796,53.112],[31.739,53.193],[31.416,53.2],[31.367,53.099],[31.247,53.014],[31.388,52.888],[31.505,52.849],[31.57,52.725],[31.536,52.63],[31.608,52.372],[31.567,52.311],[31.683,52.257],[31.764,52.101],[31.892,52.036],[32.096,52.041],[32.233,52.081],[32.307,52.141],[32.34,52.287],[32.394,52.327],[32.528,52.316],[32.725,52.252],[32.927,52.247],[33.197,52.369],[33.481,52.358],[33.532,52.289],[33.688,52.356],[33.804,52.355],[34.056,52.17],[34.068,52.031],[34.231,51.895],[34.386,51.818],[34.376,51.709],[34.128,51.681],[34.224,51.515],[34.196,51.386],[34.28,51.361],[34.282,51.226],[34.409,51.253],[34.622,51.225],[34.748,51.165],[34.962,51.215],[35.099,51.183],[35.173,51.041],[35.309,51.047],[35.294,50.938],[35.445,50.688],[35.378,50.622],[35.446,50.476],[35.523,50.46],[35.57,50.376],[35.697,50.345],[35.837,50.423],[36.106,50.421],[36.269,50.281],[36.388,50.306],[36.536,50.268],[36.594,50.204],[36.683,50.261],[36.914,50.339],[37.197,50.362],[37.285,50.415],[37.435,50.425],[37.48,50.34],[37.599,50.291],[37.589,50.215],[37.728,50.079],[37.916,50.003],[37.995,49.921],[38.166,49.941],[38.174,50.06],[38.3,50.061],[38.344,49.992],[38.498,49.948],[38.664,49.963],[38.687,49.914],[38.852,49.866],[38.937,49.803],[39.183,49.859],[39.238,49.765],[39.328,49.726],[39.444,49.75],[39.57,49.713],[39.623,49.613],[39.802,49.542],[39.974,49.603],[40.116,49.591],[40.041,49.455],[40.16,49.334],[40.134,49.236],[39.952,49.125],[39.919,49.048],[39.681,49.02],[39.759,48.895],[39.897,48.88],[39.703,48.747],[39.632,48.587],[39.809,48.584],[39.924,48.376],[39.816,48.308],[39.991,48.254],[39.843,48.12],[39.759,47.833],[39.392,47.823],[39.32,47.846],[39.093,47.832],[38.877,47.861],[38.771,47.781],[38.735,47.677],[38.562,47.627],[38.353,47.607],[38.26,47.493],[38.258,47.393],[38.201,47.291],[38.217,47.103],[38.428,47.134],[38.625,47.136],[38.932,47.185],[38.945,47.253],[39.088,47.286],[39.264,47.261],[39.262,47.009],[39.075,47.033],[38.804,46.894],[38.403,46.821],[38.389,46.732],[38.104,46.676],[38.037,46.629],[37.852,46.623],[37.738,46.676],[37.827,46.477],[37.991,46.402],[38.123,46.378],[38.271,46.274],[38.3,46.219],[38.557,46.115],[38.56,46.033],[38.446,46.034],[38.249,46.142],[38.072,46.014],[37.94,46.02],[37.829,45.753],[37.608,45.663],[37.594,45.477],[37.687,45.494],[37.748,45.394],[37.706,45.337],[37.505,45.361],[37.431,45.322],[37.159,45.326],[36.833,45.443],[36.705,45.391],[36.83,45.231],[36.593,45.165],[36.702,45.104],[36.84,45.109],[37.192,44.991],[37.287,44.928],[37.351,44.779],[37.478,44.677],[37.769,44.632],[37.875,44.689],[37.923,44.614],[38.108,44.497],[38.178,44.406],[38.31,44.366],[38.595,44.332],[38.776,44.261],[38.874,44.173],[38.978,44.148],[39.116,44.024],[39.329,43.896],[39.458,43.771],[39.718,43.568],[39.847,43.51],[39.986,43.389],[40.059,43.535],[40.233,43.576],[40.48,43.509],[40.652,43.539],[40.875,43.456],[41.012,43.375],[41.181,43.375],[41.381,43.335],[41.551,43.226],[42.075,43.185],[42.185,43.225],[42.423,43.229],[42.596,43.14],[42.752,43.177],[43,43.099],[42.99,43.053],[43.194,42.927],[43.517,42.86],[43.663,42.78],[43.801,42.746],[43.726,42.654],[43.751,42.599],[43.94,42.552],[44.055,42.615],[44.197,42.629],[44.272,42.702],[44.558,42.753],[44.679,42.724],[44.761,42.619],[44.859,42.76],[45.048,42.686],[45.184,42.675],[45.356,42.52],[45.479,42.542],[45.699,42.508],[45.736,42.448],[45.621,42.224],[45.948,42.023],[46.13,41.984],[46.224,41.993],[46.431,41.89],[46.526,41.882],[46.587,41.787],[46.741,41.851],[46.769,41.776],[46.907,41.707],[47.027,41.557],[47.107,41.57],[47.231,41.428],[47.268,41.303],[47.376,41.259],[47.622,41.229],[47.744,41.193],[47.871,41.208],[47.943,41.347],[48.054,41.461],[48.202,41.493],[48.37,41.58],[48.455,41.714],[48.579,41.845],[48.416,41.915],[48.304,42.103],[48.222,42.175],[48.096,42.35],[48.024,42.393],[47.868,42.585],[47.716,42.697],[47.698,42.867],[47.462,43.021],[47.491,43.463],[47.602,43.766],[47.702,43.874],[47.555,43.878],[47.448,43.518],[47.38,43.56],[47.459,43.754],[47.503,43.781],[47.358,44.021],[47.29,44.093],[47.246,44.212],[47.167,44.203],[47.078,44.264],[47.044,44.346],[46.701,44.446],[46.68,44.528],[46.722,44.655],[46.831,44.696],[47.01,44.83],[47.071,44.785],[47.201,44.97],[47.297,45.187],[47.379,45.282],[47.609,45.639],[47.626,45.709],[47.765,45.682],[47.897,45.694],[48.064,45.746],[48.134,45.724],[48.27,45.779],[48.466,45.94],[48.573,45.971],[48.693,45.881],[48.741,45.923],[48.714,46.13],[48.86,46.074],[48.887,46.122],[49.112,46.221],[49.076,46.286],[49.227,46.328]]],[[[20,54.427],[22.698,54.343],[22.767,54.356],[22.68,54.453],[22.682,54.57],[22.725,54.723],[22.833,54.779],[22.809,54.894],[22.606,55],[21.226,55],[21.23,54.939],[21.079,54.9],[20.86,54.911],[20.764,54.948],[20.577,54.939],[20.482,54.976],[20.366,54.946],[20,54.965],[20,54.427]]],[[[137.072,54.98],[136.78,55],[136.749,54.931],[137.072,54.98]]],[[[138.048,54.941],[138.107,55],[137.382,55],[137.275,54.898],[137.293,54.796],[137.485,54.879],[137.646,54.661],[137.706,54.625],[137.986,54.797],[138.048,54.941]]]]},"properties":{"kind":"country","name":"Russia"}},{"type":"Feature","geometry":{"type":"MultiPolygon","coordinates":[[[[102.119,22.398],[102.226,22.228],[102.389,22.117],[102.483,22.021],[102.478,21.958],[102.591,21.901],[102.651,21.658],[102.787,21.74],[102.948,21.737],[102.974,21.575],[102.895,21.495],[102.888,21.227],[102.952,21.069],[103.015,21.041],[103.115,20.868],[103.364,20.788],[103.427,20.821],[103.665,20.658],[103.759,20.75],[103.776,20.835],[104.057,20.959],[104.295,20.88],[104.389,20.771],[104.601,20.661],[104.543,20.536],[104.445,20.535],[104.432,20.411],[104.576,20.414],[104.681,20.341],[104.657,20.213],[104.819,20.221],[104.908,20.175],[104.957,20.092],[104.936,19.984],[104.781,19.908],[104.805,19.791],[104.655,19.698],[104.623,19.618],[104.506,19.603],[104.38,19.685],[104.295,19.655],[104.229,19.706],[104.089,19.652],[104.09,19.484],[104.039,19.413],[103.857,19.317],[103.973,19.225],[104.148,19.183],[104.481,18.978],[104.544,18.907],[104.722,18.792],[104.873,18.778],[104.937,18.731],[105.113,18.698],[105.169,18.631],[105.1,18.551],[105.08,18.454],[105.157,18.32],[105.368,18.15],[105.476,18.127],[105.606,17.964],[105.594,17.888],[105.735,17.664],[105.846,17.598],[106.019,17.394],[106.185,17.257],[106.26,17.289],[106.42,16.989],[106.533,16.973],[106.535,16.684],[106.64,16.587],[106.655,16.471],[106.753,16.429],[106.823,16.531],[106.888,16.391],[106.967,16.3],[107.117,16.255],[107.154,16.166],[107.299,16.064],[107.436,16.069],[107.391,15.936],[107.175,15.849],[107.16,15.759],[107.369,15.496],[107.448,15.508],[107.494,15.42],[107.573,15.411],[107.658,15.282],[107.657,15.206],[107.578,15.047],[107.446,15.025],[107.555,14.876],[107.491,14.804],[107.52,14.705],[107.505,14.541],[107.456,14.434],[107.387,14.422],[107.32,14.12],[107.343,14.021],[107.431,13.984],[107.443,13.783],[107.597,13.535],[107.607,13.37],[107.46,13.022],[107.536,12.8],[107.565,12.606],[107.514,12.344],[107.416,12.254],[107.32,12.329],[107.153,12.277],[106.978,12.097],[106.749,12.052],[106.702,11.971],[106.394,11.97],[106.439,11.864],[106.399,11.746],[106.287,11.675],[106.155,11.746],[106.015,11.77],[105.853,11.547],[105.871,11.413],[105.843,11.304],[106.063,11.093],[106.16,11.054],[106.131,10.969],[106.155,10.785],[106.018,10.82],[105.931,10.896],[105.861,10.839],[105.753,11.016],[105.474,10.941],[105.41,10.963],[105.328,10.848],[105.253,10.884],[105.029,10.914],[105.066,10.746],[104.854,10.531],[104.554,10.518],[104.451,10.42],[104.589,10.261],[104.616,10.146],[104.707,10.222],[104.805,10.207],[104.901,10.097],[105.003,10.092],[105.088,9.997],[104.97,9.854],[104.893,9.851],[104.836,9.556],[104.807,9.046],[104.775,8.818],[104.853,8.729],[104.856,8.566],[105.101,8.634],[105.184,8.741],[105.334,8.84],[105.444,9.041],[105.539,9.129],[106.018,9.315],[106.193,9.369],[106.197,9.541],[106.073,9.748],[106.398,9.542],[106.485,9.547],[106.576,9.649],[106.528,9.762],[106.395,9.974],[106.611,9.817],[106.614,9.939],[106.669,10.032],[106.791,10.11],[106.721,10.2],[106.776,10.275],[106.788,10.393],[106.733,10.522],[106.772,10.604],[106.882,10.652],[106.964,10.501],[107.176,10.477],[107.272,10.378],[107.326,10.442],[107.531,10.513],[107.581,10.57],[107.882,10.717],[107.998,10.699],[108.106,10.918],[108.345,10.954],[108.472,11.053],[108.577,11.179],[108.729,11.182],[108.821,11.324],[108.933,11.311],[109.018,11.356],[109.028,11.517],[109.136,11.57],[109.243,11.736],[109.126,11.864],[109.199,11.948],[109.214,12.068],[109.207,12.387],[109.337,12.41],[109.205,12.55],[109.205,12.646],[109.465,12.913],[109.307,13.133],[109.309,13.341],[109.232,13.393],[109.296,13.578],[109.226,13.744],[109.304,13.759],[109.181,14.305],[109.074,14.579],[109.081,14.729],[108.943,14.98],[108.898,15.154],[108.924,15.256],[108.883,15.336],[108.704,15.445],[108.619,15.529],[108.455,15.747],[108.415,15.867],[108.306,15.955],[108.259,16.071],[108.143,16.119],[108.151,16.217],[107.945,16.357],[107.896,16.278],[107.812,16.313],[107.759,16.463],[107.673,16.497],[107.605,16.596],[107.216,16.908],[107.112,17.088],[106.764,17.336],[106.635,17.47],[106.47,17.748],[106.447,17.872],[106.525,17.95],[106.403,18.106],[106.271,18.204],[106.098,18.29],[105.977,18.402],[105.826,18.594],[105.783,18.747],[105.648,18.893],[105.613,18.986],[105.644,19.065],[105.737,19.108],[105.746,19.237],[105.809,19.28],[105.783,19.394],[105.811,19.6],[105.923,19.767],[105.956,19.925],[106.025,19.999],[106.161,19.984],[106.395,20.205],[106.57,20.232],[106.594,20.448],[106.568,20.525],[106.627,20.617],[106.789,20.731],[106.749,20.804],[106.755,20.939],[106.868,20.883],[106.947,20.954],[107.161,20.932],[107.224,20.998],[107.334,21.006],[107.392,21.28],[107.599,21.299],[107.65,21.377],[107.749,21.411],[107.78,21.503],[107.882,21.534],[107.991,21.486],[107.832,21.639],[107.745,21.658],[107.613,21.606],[107.348,21.599],[107.273,21.718],[107.172,21.715],[107.066,21.796],[107.021,21.892],[106.722,22.007],[106.672,22.093],[106.663,22.223],[106.527,22.428],[106.569,22.575],[106.68,22.579],[106.736,22.695],[106.731,22.8],[106.667,22.868],[106.488,22.925],[106.316,22.854],[106.234,22.864],[106.202,22.947],[105.999,22.975],[105.854,22.905],[105.69,23.044],[105.552,23.06],[105.517,23.168],[105.431,23.268],[105.332,23.318],[105.061,23.232],[104.945,23.16],[104.87,23.164],[104.798,23.086],[104.827,22.954],[104.728,22.839],[104.554,22.836],[104.34,22.686],[104.249,22.728],[104.213,22.825],[104.073,22.783],[104.024,22.719],[103.985,22.527],[103.867,22.575],[103.647,22.799],[103.59,22.768],[103.551,22.641],[103.473,22.592],[103.402,22.738],[103.31,22.788],[103.252,22.679],[103.142,22.607],[103.142,22.538],[102.989,22.438],[102.894,22.487],[102.845,22.585],[102.693,22.671],[102.536,22.696],[102.443,22.765],[102.377,22.616],[102.253,22.495],[102.218,22.411],[102.119,22.398]]],[[[104.085,10.354],[104.005,10.451],[103.857,10.321],[103.937,10.266],[104.011,10.03],[104.085,10.248],[104.085,10.354]]],[[[107.085,20.797],[107.023,20.862],[106.91,20.819],[107.005,20.732],[107.085,20.797]]],[[[107.603,21.219],[107.418,21.197],[107.471,21.096],[107.603,21.219]]]]},"properties":{"kind":"country","name":"Vietnam"}},{"type":"Feature","geometry":{"type":"Polygon","coordinates":[[[104.451,10.42],[104.554,10.518],[104.854,10.531],[105.066,10.746],[105.029,10.914],[105.253,10.884],[105.328,10.848],[105.41,10.963],[105.474,10.941],[105.753,11.016],[105.861,10.839],[105.931,10.896],[106.018,10.82],[106.155,10.785],[106.131,10.969],[106.16,11.054],[106.063,11.093],[105.843,11.304],[105.871,11.413],[105.853,11.547],[106.015,11.77],[106.155,11.746],[106.287,11.675],[106.399,11.746],[106.439,11.864],[106.394,11.97],[106.702,11.971],[106.749,12.052],[106.978,12.097],[107.153,12.277],[107.32,12.329],[107.416,12.254],[107.514,12.344],[107.565,12.606],[107.536,12.8],[107.46,13.022],[107.607,13.37],[107.597,13.535],[107.443,13.783],[107.431,13.984],[107.343,14.021],[107.32,14.12],[107.387,14.422],[107.456,14.434],[107.505,14.541],[107.52,14.705],[107.415,14.543],[107.287,14.599],[107.211,14.493],[107.079,14.401],[107.03,14.436],[106.946,14.324],[106.793,14.323],[106.707,14.429],[106.605,14.467],[106.512,14.59],[106.419,14.466],[106.32,14.444],[106.236,14.484],[106.154,14.368],[105.969,14.332],[106.012,14.226],[106.145,14.072],[106.049,13.915],[105.873,13.937],[105.744,14.087],[105.617,14.103],[105.533,14.164],[105.348,14.106],[105.257,14.182],[105.184,14.346],[105.101,14.231],[104.976,14.301],[104.974,14.381],[104.772,14.44],[104.595,14.41],[104.462,14.357],[104.247,14.401],[104.001,14.345],[103.87,14.343],[103.55,14.422],[103.457,14.374],[103.274,14.351],[103.085,14.296],[102.919,14.185],[102.87,14.021],[102.773,13.936],[102.699,13.762],[102.574,13.694],[102.513,13.567],[102.332,13.565],[102.328,13.275],[102.382,13.137],[102.473,13.006],[102.504,12.8],[102.486,12.661],[102.559,12.631],[102.765,12.416],[102.715,12.342],[102.7,12.139],[102.914,11.766],[102.914,11.646],[102.989,11.673],[103.03,11.543],[103.115,11.458],[103.079,11.274],[103.114,11.161],[103.096,10.934],[103.181,10.864],[103.277,10.933],[103.402,10.884],[103.474,11.134],[103.533,11.163],[103.66,11.03],[103.722,10.895],[103.672,10.758],[103.567,10.727],[103.507,10.635],[103.624,10.501],[103.747,10.509],[103.854,10.586],[104.286,10.54],[104.451,10.42]]]},"properties":{"kind":"country","name":"Cambodia"}},{"type":"Feature","geometry":{"type":"MultiPolygon","coordinates":[[[[56.383,24.978],[56.362,25.057],[56.382,25.327],[56.37,25.526],[56.279,25.627],[56.145,25.671],[56.183,26.015],[56.077,26.061],[56.014,25.879],[55.842,25.714],[55.657,25.598],[55.626,25.536],[55.525,25.543],[55.473,25.413],[55.359,25.349],[55.082,25.017],[54.707,24.804],[54.582,24.508],[54.499,24.488],[54.486,24.388],[54.383,24.255],[54.323,24.271],[54.123,24.145],[53.854,24.062],[53.581,24.049],[53.437,24.12],[53.254,24.099],[52.947,24.138],[52.67,24.145],[52.634,24.19],[52.341,24.008],[52.067,23.963],[51.809,24.001],[51.782,24.24],[51.634,24.227],[51.569,24.256],[51.594,24.078],[52.538,22.955],[52.583,22.931],[55.105,22.621],[55.187,22.704],[55.191,22.995],[55.226,23.121],[55.321,23.275],[55.375,23.469],[55.445,23.552],[55.538,23.77],[55.5,23.971],[55.647,24.025],[55.807,24.007],[55.998,24.081],[55.933,24.221],[55.754,24.245],[55.807,24.341],[55.76,24.559],[55.818,24.643],[55.789,24.855],[55.935,24.978],[56.006,24.956],[56.032,24.754],[56.118,24.735],[56.383,24.978]]],[[[53.639,24.16],[53.741,24.133],[53.92,24.14],[53.955,24.201],[53.84,24.264],[53.723,24.23],[53.639,24.16]]],[[[53.309,24.279],[53.44,24.341],[53.399,24.401],[53.309,24.279]]]]},"properties":{"kind":"country","name":"United Arab Emirates"}},{"type":"Feature","geometry":{"type":"Polygon","coordinates":[[[39.986,43.389],[40.219,43.319],[40.335,43.141],[40.398,43.162],[40.58,43.089],[40.856,43.063],[40.934,42.983],[41.023,42.99],[41.15,42.796],[41.383,42.757],[41.5,42.641],[41.555,42.39],[41.596,42.349],[41.664,42.114],[41.756,42.006],[41.774,41.822],[41.676,41.662],[41.521,41.514],[41.695,41.489],[41.801,41.426],[41.948,41.506],[42.158,41.5],[42.438,41.431],[42.565,41.567],[42.801,41.579],[42.83,41.473],[42.958,41.437],[43.124,41.313],[43.231,41.173],[43.323,41.192],[43.44,41.107],[43.567,41.124],[43.73,41.107],[43.863,41.159],[44.125,41.178],[44.191,41.23],[44.552,41.177],[44.613,41.223],[44.822,41.206],[44.821,41.273],[45.002,41.29],[45.25,41.445],[45.465,41.43],[45.512,41.395],[45.721,41.342],[45.71,41.268],[45.969,41.168],[46.211,41.2],[46.332,41.116],[46.497,41.045],[46.621,41.115],[46.688,41.284],[46.623,41.35],[46.297,41.51],[46.208,41.756],[46.298,41.751],[46.431,41.89],[46.224,41.993],[46.13,41.984],[45.948,42.023],[45.621,42.224],[45.736,42.448],[45.699,42.508],[45.479,42.542],[45.356,42.52],[45.184,42.675],[45.048,42.686],[44.859,42.76],[44.761,42.619],[44.679,42.724],[44.558,42.753],[44.272,42.702],[44.197,42.629],[44.055,42.615],[43.94,42.552],[43.751,42.599],[43.726,42.654],[43.801,42.746],[43.663,42.78],[43.517,42.86],[43.194,42.927],[42.99,43.053],[43,43.099],[42.752,43.177],[42.596,43.14],[42.423,43.229],[42.185,43.225],[42.075,43.185],[41.551,43.226],[41.381,43.335],[41.181,43.375],[41.012,43.375],[40.875,43.456],[40.652,43.539],[40.48,43.509],[40.233,43.576],[40.059,43.535],[39.986,43.389]]]},"properties":{"kind":"country","name":"Georgia"}},{"type":"Feature","geometry":{"type":"Polygon","coordinates":[[[22.345,42.313],[22.233,42.349],[22.096,42.306],[21.942,42.333],[21.817,42.305],[21.677,42.235],[21.562,42.247],[21.354,42.216],[21.238,42.097],[21.098,42.196],[21.004,42.142],[20.765,42.064],[20.75,41.907],[20.681,41.844],[20.567,41.873],[20.5,41.734],[20.535,41.594],[20.445,41.508],[20.54,41.401],[20.478,41.32],[20.577,41.094],[20.664,41.059],[20.703,40.936],[20.94,40.907],[20.965,40.849],[21.295,40.861],[21.381,40.901],[21.582,40.866],[21.737,40.919],[21.909,41.097],[22.183,41.16],[22.422,41.115],[22.705,41.14],[22.781,41.335],[22.917,41.336],[22.946,41.453],[22.934,41.585],[23.01,41.716],[22.881,41.873],[22.844,42.014],[22.725,42.042],[22.531,42.129],[22.345,42.313]]]},"properties":{"kind":"country","name":"North Macedonia"}},{"type":"Feature","geometry":{"type":"Polygon","coordinates":[[[20.965,40.849],[20.94,40.907],[20.703,40.936],[20.664,41.059],[20.577,41.094],[20.478,41.32],[20.54,41.401],[20.445,41.508],[20.535,41.594],[20.5,41.734],[20.567,41.873],[20.599,41.948],[20.501,42.211],[20.333,42.318],[20.25,42.319],[20.136,42.51],[20.065,42.547],[20,42.529],[20,39.694],[20.2,39.64],[20.283,39.704],[20.318,39.918],[20.433,40.064],[20.64,40.09],[20.707,40.288],[20.827,40.465],[20.912,40.46],[21.019,40.559],[21.037,40.64],[20.964,40.736],[20.965,40.849]]]},"properties":{"kind":"country","name":"Albania"}},{"type":"Feature","geometry":{"type":"MultiPolygon","coordinates":[[[[46.431,41.89],[46.298,41.751],[46.208,41.756],[46.297,41.51],[46.623,41.35],[46.688,41.284],[46.621,41.115],[46.497,41.045],[46.332,41.116],[46.211,41.2],[45.969,41.168],[45.71,41.268],[45.721,41.342],[45.512,41.395],[45.465,41.43],[45.25,41.445],[45.002,41.29],[45.052,41.192],[45.134,41.188],[45.222,41.014],[45.416,40.961],[45.538,40.876],[45.556,40.777],[45.374,40.675],[45.526,40.441],[45.585,40.399],[45.979,40.224],[45.951,40.117],[45.874,40.01],[45.64,40.025],[45.611,39.959],[45.764,39.922],[45.862,39.805],[45.979,39.768],[46.045,39.688],[46.206,39.588],[46.344,39.619],[46.527,39.538],[46.375,39.379],[46.495,39.324],[46.598,39.225],[46.479,39.115],[46.476,38.976],[46.514,38.882],[46.745,39.04],[46.866,39.165],[47.02,39.19],[47.102,39.308],[47.291,39.38],[47.374,39.456],[47.554,39.522],[47.847,39.685],[47.957,39.707],[48.052,39.65],[48.339,39.379],[48.125,39.298],[48.142,39.181],[48.271,39.108],[48.243,38.974],[48.059,38.948],[48.013,38.822],[48.21,38.73],[48.31,38.6],[48.434,38.57],[48.608,38.396],[48.778,38.445],[48.874,38.434],[48.863,38.757],[48.839,38.804],[48.922,38.935],[48.968,39.184],[49.059,39.173],[49.194,39.016],[49.238,39.17],[49.237,39.279],[49.389,39.411],[49.285,39.522],[49.337,39.646],[49.424,39.71],[49.395,39.782],[49.484,39.989],[49.443,40.078],[49.577,40.217],[49.778,40.276],[49.893,40.369],[50.23,40.343],[50.371,40.283],[50.336,40.406],[50.238,40.496],[50.13,40.518],[50.052,40.584],[49.859,40.567],[49.724,40.581],[49.539,40.654],[49.539,40.788],[49.382,40.867],[49.195,41.057],[49.136,41.275],[49.042,41.414],[48.655,41.801],[48.579,41.845],[48.455,41.714],[48.37,41.58],[48.202,41.493],[48.054,41.461],[47.943,41.347],[47.871,41.208],[47.744,41.193],[47.622,41.229],[47.376,41.259],[47.268,41.303],[47.231,41.428],[47.107,41.57],[47.027,41.557],[46.907,41.707],[46.769,41.776],[46.741,41.851],[46.587,41.787],[46.526,41.882],[46.431,41.89]]],[[[44.807,39.64],[44.886,39.606],[44.957,39.434],[45.052,39.387],[45.179,39.22],[45.348,39.164],[45.439,39.004],[45.531,38.969],[45.717,38.955],[46.136,38.864],[45.958,39.152],[45.959,39.272],[45.767,39.354],[45.803,39.448],[45.788,39.549],[45.715,39.569],[45.457,39.489],[45.313,39.534],[45.26,39.6],[45.168,39.566],[45.141,39.684],[45.034,39.77],[44.775,39.703],[44.807,39.64]]]]},"properties":{"kind":"country","name":"Azerbaijan"}},{"type":"Feature","geometry":{"type":"Polygon","coordinates":[[[20,43.058],[20.117,42.977],[20.337,42.907],[20.345,42.827],[20.076,42.773],[20.104,42.653],[20.065,42.547],[20.136,42.51],[20.25,42.319],[20.333,42.318],[20.501,42.211],[20.599,41.948],[20.567,41.873],[20.681,41.844],[20.75,41.907],[20.765,42.064],[21.004,42.142],[21.098,42.196],[21.238,42.097],[21.354,42.216],[21.562,42.247],[21.677,42.235],[21.817,42.305],[21.942,42.333],[22.096,42.306],[22.233,42.349],[22.345,42.313],[22.424,42.326],[22.509,42.405],[22.525,42.508],[22.43,42.571],[22.481,42.74],[22.427,42.814],[22.506,42.87],[22.727,42.887],[22.776,42.98],[22.935,43.086],[22.916,43.212],[22.805,43.329],[22.519,43.474],[22.473,43.636],[22.349,43.808],[22.4,43.993],[22.593,44.064],[22.609,44.176],[22.692,44.228],[22.682,44.305],[22.583,44.328],[22.505,44.404],[22.484,44.5],[22.621,44.569],[22.621,44.637],[22.484,44.724],[22.32,44.685],[22.185,44.515],[22.104,44.51],[22.004,44.652],[21.855,44.698],[21.656,44.688],[21.558,44.782],[21.412,44.785],[21.369,44.865],[21.493,45.145],[21.406,45.2],[21.206,45.246],[20.981,45.333],[20.816,45.463],[20.713,45.733],[20.572,45.888],[20.339,45.993],[20.243,46.108],[20.188,46.14],[20,46.157],[20,43.058]]]},"properties":{"kind":"country","name":"Serbia"}},{"type":"Feature","geometry":{"type":"MultiPolygon","coordinates":[[[[44.775,39.703],[44.464,39.972],[44.255,40.043],[44.032,40.009],[43.912,40.024],[43.665,40.11],[43.712,40.156],[43.676,40.266],[43.594,40.345],[43.653,40.529],[43.729,40.677],[43.711,40.782],[43.605,40.963],[43.46,41.023],[43.44,41.107],[43.323,41.192],[43.231,41.173],[43.124,41.313],[42.958,41.437],[42.83,41.473],[42.801,41.579],[42.565,41.567],[42.438,41.431],[42.158,41.5],[41.948,41.506],[41.801,41.426],[41.695,41.489],[41.521,41.514],[41.39,41.379],[41.121,41.286],[41.02,41.224],[40.827,41.198],[40.698,41.098],[40.557,41.042],[40.465,41.05],[40.301,40.968],[40.143,40.923],[39.999,40.982],[39.859,40.964],[39.73,41.017],[39.592,41.025],[39.43,41.112],[39.273,41.05],[39.157,41.078],[38.928,41.043],[38.718,40.955],[38.637,40.976],[38.539,40.927],[38.331,40.918],[37.982,40.99],[37.896,40.982],[37.655,41.118],[37.608,41.05],[37.505,41.043],[37.263,41.148],[37.04,41.182],[36.985,41.295],[36.837,41.351],[36.62,41.375],[36.571,41.298],[36.451,41.24],[36.237,41.359],[36.134,41.462],[36.12,41.628],[36.045,41.701],[35.894,41.707],[35.62,41.633],[35.53,41.634],[35.298,41.715],[35.126,41.875],[35.105,42.022],[35.003,42.085],[34.799,41.962],[34.694,41.946],[34.483,41.975],[34.331,41.948],[34.004,41.983],[33.874,41.974],[33.541,42.011],[33.324,42.019],[32.926,41.882],[32.613,41.84],[32.352,41.729],[32.263,41.72],[32.134,41.599],[31.872,41.505],[31.659,41.398],[31.493,41.348],[31.415,41.286],[31.401,41.202],[31.249,41.106],[30.833,41.08],[30.699,41.122],[30.271,41.211],[30.137,41.144],[29.885,41.149],[29.619,41.179],[29.232,41.241],[29.13,41.212],[29.028,40.982],[29.264,40.87],[29.357,40.762],[29.666,40.784],[29.56,40.691],[29.501,40.729],[29.282,40.666],[28.986,40.645],[28.793,40.553],[28.917,40.471],[29.112,40.466],[29.066,40.376],[28.957,40.363],[28.772,40.403],[28.638,40.365],[28.348,40.404],[28.112,40.396],[27.945,40.366],[28.014,40.491],[27.76,40.537],[27.684,40.502],[27.867,40.369],[27.79,40.32],[27.452,40.322],[27.338,40.37],[27.303,40.458],[27.096,40.452],[27.013,40.392],[26.736,40.404],[26.501,40.213],[26.408,40.194],[26.393,40.108],[26.311,40.019],[26.198,40.009],[26.153,39.943],[26.148,39.626],[26.07,39.496],[26.153,39.459],[26.362,39.481],[26.457,39.521],[26.893,39.584],[26.926,39.486],[26.709,39.337],[26.738,39.197],[26.883,39.072],[26.806,39.034],[26.806,38.95],[26.925,38.94],[27.013,38.871],[26.719,38.721],[26.753,38.618],[26.849,38.597],[26.939,38.434],[26.925,38.378],[26.767,38.364],[26.506,38.653],[26.414,38.679],[26.349,38.621],[26.476,38.367],[26.265,38.287],[26.442,38.212],[26.607,38.108],[26.636,38.204],[26.76,38.217],[26.865,38.04],[26.949,38.067],[27.116,37.994],[27.239,37.988],[27.25,37.744],[27.049,37.65],[27.209,37.597],[27.246,37.336],[27.33,37.352],[27.543,37.25],[27.555,37.13],[27.475,37.093],[27.387,37.13],[27.229,37.062],[27.263,36.963],[27.438,37.028],[27.562,36.973],[27.78,36.994],[27.987,37.035],[28.093,37.021],[28.305,37.051],[28.142,36.929],[28.042,36.939],[28.031,36.792],[27.645,36.806],[27.555,36.685],[27.671,36.658],[27.736,36.761],[27.918,36.74],[28.084,36.754],[28.058,36.677],[28.112,36.604],[28.253,36.728],[28.237,36.813],[28.396,36.789],[28.425,36.829],[28.576,36.82],[28.604,36.734],[28.805,36.655],[28.939,36.751],[29.096,36.665],[29.124,36.418],[29.175,36.34],[29.322,36.247],[29.406,36.26],[29.602,36.207],[29.668,36.144],[29.795,36.145],[29.912,36.217],[30.145,36.254],[30.255,36.308],[30.441,36.239],[30.52,36.342],[30.475,36.402],[30.57,36.528],[30.57,36.781],[30.687,36.891],[30.776,36.85],[30.94,36.857],[31.341,36.809],[31.408,36.763],[31.737,36.642],[31.769,36.61],[32.026,36.543],[32.102,36.486],[32.283,36.251],[32.365,36.178],[32.671,36.047],[32.804,36.027],[32.941,36.104],[33.088,36.083],[33.134,36.132],[33.544,36.144],[33.799,36.231],[33.871,36.315],[33.931,36.29],[34.078,36.329],[34.077,36.414],[34.178,36.473],[34.276,36.587],[34.555,36.768],[34.771,36.816],[34.93,36.727],[35.042,36.695],[35.348,36.544],[35.513,36.613],[35.631,36.607],[35.607,36.74],[35.805,36.775],[36.02,36.926],[36.189,36.802],[36.216,36.658],[36.189,36.604],[35.919,36.448],[35.789,36.32],[35.948,36.088],[35.975,36.019],[35.911,35.918],[36.138,35.82],[36.197,35.952],[36.356,36.022],[36.36,36.182],[36.499,36.228],[36.664,36.229],[36.588,36.325],[36.535,36.494],[36.603,36.747],[36.659,36.828],[36.965,36.754],[37.015,36.642],[37.242,36.659],[37.446,36.634],[37.654,36.732],[37.82,36.761],[38.19,36.906],[38.29,36.902],[38.529,36.834],[38.664,36.72],[38.795,36.687],[39.032,36.701],[39.24,36.661],[39.765,36.742],[40.19,36.884],[40.394,36.994],[40.709,37.1],[40.896,37.123],[41.201,37.065],[41.48,37.076],[42.009,37.176],[42.179,37.306],[42.353,37.227],[42.357,37.11],[42.561,37.147],[42.702,37.325],[42.772,37.375],[42.937,37.32],[43.084,37.369],[43.263,37.311],[43.336,37.32],[43.48,37.243],[43.894,37.225],[43.99,37.313],[44.088,37.311],[44.223,37.254],[44.24,37.158],[44.18,37.088],[44.234,36.984],[44.428,37.065],[44.578,37.166],[44.766,37.142],[44.802,37.293],[44.586,37.425],[44.596,37.716],[44.45,37.767],[44.378,37.854],[44.22,37.875],[44.221,37.969],[44.334,38.101],[44.425,38.377],[44.29,38.382],[44.297,38.622],[44.249,38.722],[44.275,38.844],[44.192,38.891],[44.139,38.994],[44.187,39.145],[44.078,39.2],[44.026,39.386],[44.2,39.409],[44.27,39.383],[44.405,39.434],[44.459,39.698],[44.566,39.766],[44.807,39.64],[44.775,39.703]]],[[[26.044,40.738],[26.077,40.612],[26.303,40.601],[26.79,40.661],[26.829,40.602],[26.67,40.511],[26.596,40.51],[26.219,40.331],[26.267,40.258],[26.215,40.146],[26.231,40.065],[26.376,40.154],[26.445,40.242],[26.617,40.36],[26.683,40.455],[27.048,40.612],[27.178,40.633],[27.425,40.831],[27.524,40.989],[27.738,41.013],[27.941,40.971],[28.013,41.041],[28.237,41.085],[28.576,41.024],[28.625,40.968],[28.822,40.962],[29.052,41.082],[29.094,41.246],[28.908,41.267],[28.384,41.447],[28.233,41.519],[28.113,41.612],[27.972,41.822],[28.017,41.973],[27.808,41.993],[27.609,41.953],[27.533,41.908],[27.273,42.092],[27.174,42.057],[27.023,42.074],[26.939,41.996],[26.737,41.959],[26.624,41.969],[26.526,41.824],[26.376,41.817],[26.333,41.713],[26.598,41.573],[26.637,41.378],[26.54,41.352],[26.321,41.188],[26.336,40.982],[26.135,40.767],[26.044,40.738]]],[[[26.012,40.146],[25.913,40.241],[25.759,40.207],[25.766,40.097],[26.012,40.146]]]]},"properties":{"kind":"country","name":"Turkey"}},{"type":"Feature","geometry":{"type":"Polygon","coordinates":[[[107.52,14.705],[107.491,14.804],[107.555,14.876],[107.446,15.025],[107.578,15.047],[107.657,15.206],[107.658,15.282],[107.573,15.411],[107.494,15.42],[107.448,15.508],[107.369,15.496],[107.16,15.759],[107.175,15.849],[107.391,15.936],[107.436,16.069],[107.299,16.064],[107.154,16.166],[107.117,16.255],[106.967,16.3],[106.888,16.391],[106.823,16.531],[106.753,16.429],[106.655,16.471],[106.64,16.587],[106.535,16.684],[106.533,16.973],[106.42,16.989],[106.26,17.289],[106.185,17.257],[106.019,17.394],[105.846,17.598],[105.735,17.664],[105.594,17.888],[105.606,17.964],[105.476,18.127],[105.368,18.15],[105.157,18.32],[105.08,18.454],[105.1,18.551],[105.169,18.631],[105.113,18.698],[104.937,18.731],[104.873,18.778],[104.722,18.792],[104.544,18.907],[104.481,18.978],[104.148,19.183],[103.973,19.225],[103.857,19.317],[104.039,19.413],[104.09,19.484],[104.089,19.652],[104.229,19.706],[104.295,19.655],[104.38,19.685],[104.506,19.603],[104.623,19.618],[104.655,19.698],[104.805,19.791],[104.781,19.908],[104.936,19.984],[104.957,20.092],[104.908,20.175],[104.819,20.221],[104.657,20.213],[104.681,20.341],[104.576,20.414],[104.432,20.411],[104.445,20.535],[104.543,20.536],[104.601,20.661],[104.389,20.771],[104.295,20.88],[104.057,20.959],[103.776,20.835],[103.759,20.75],[103.665,20.658],[103.427,20.821],[103.364,20.788],[103.115,20.868],[103.015,21.041],[102.952,21.069],[102.888,21.227],[102.895,21.495],[102.974,21.575],[102.948,21.737],[102.787,21.74],[102.651,21.658],[102.591,21.901],[102.478,21.958],[102.483,22.021],[102.389,22.117],[102.226,22.228],[102.119,22.398],[102.015,22.446],[101.818,22.406],[101.713,22.492],[101.655,22.446],[101.606,22.285],[101.518,22.228],[101.607,21.968],[101.674,21.931],[101.752,21.806],[101.729,21.718],[101.794,21.588],[101.735,21.554],[101.723,21.304],[101.789,21.274],[101.756,21.143],[101.495,21.243],[101.275,21.174],[101.209,21.246],[101.235,21.364],[101.171,21.403],[101.159,21.553],[101.003,21.406],[100.792,21.297],[100.725,21.312],[100.638,21.07],[100.543,21.027],[100.516,20.886],[100.537,20.808],[100.384,20.832],[100.211,20.697],[100.149,20.548],[100.099,20.318],[100.117,20.248],[100.307,20.4],[100.364,20.369],[100.543,20.067],[100.474,19.865],[100.384,19.764],[100.462,19.537],[100.607,19.541],[100.746,19.485],[100.875,19.613],[100.974,19.613],[101.125,19.565],[101.246,19.57],[101.193,19.453],[101.229,19.144],[101.318,19.05],[101.233,18.893],[101.211,18.712],[101.24,18.674],[101.03,18.428],[101.146,18.336],[101.128,18.246],[101.165,18.053],[101.008,17.895],[100.902,17.562],[101.132,17.462],[101.247,17.592],[101.456,17.75],[101.556,17.792],[101.578,17.868],[101.729,17.912],[101.79,18.074],[101.904,18.037],[102.079,18.214],[102.154,18.21],[102.307,18.051],[102.412,17.994],[102.568,17.971],[102.596,17.85],[102.722,17.882],[102.939,18.009],[103.038,17.991],[103.08,18.135],[103.139,18.167],[103.261,18.4],[103.397,18.441],[103.607,18.4],[103.832,18.321],[104,18.318],[104.111,18.115],[104.211,18.009],[104.288,17.857],[104.353,17.819],[104.481,17.64],[104.715,17.515],[104.816,17.373],[104.81,17.172],[104.745,17.025],[104.778,16.716],[104.755,16.529],[104.869,16.438],[104.908,16.353],[105.015,16.277],[105.042,16.141],[105.237,16.051],[105.405,16.019],[105.373,15.882],[105.448,15.765],[105.613,15.721],[105.651,15.635],[105.588,15.424],[105.486,15.375],[105.564,15.273],[105.444,15.134],[105.584,14.978],[105.534,14.934],[105.489,14.786],[105.51,14.594],[105.416,14.428],[105.184,14.346],[105.257,14.182],[105.348,14.106],[105.533,14.164],[105.617,14.103],[105.744,14.087],[105.873,13.937],[106.049,13.915],[106.145,14.072],[106.012,14.226],[105.969,14.332],[106.154,14.368],[106.236,14.484],[106.32,14.444],[106.419,14.466],[106.512,14.59],[106.605,14.467],[106.707,14.429],[106.793,14.323],[106.946,14.324],[107.03,14.436],[107.079,14.401],[107.211,14.493],[107.287,14.599],[107.415,14.543],[107.52,14.705]]]},"properties":{"kind":"country","name":"Laos"}},{"type":"Feature","geometry":{"type":"Polygon","coordinates":[[[73.633,39.448],[73.821,39.468],[73.927,39.593],[73.894,39.71],[73.823,39.806],[74.004,40.061],[74.168,40.106],[74.37,40.106],[74.706,40.331],[74.831,40.32],[74.787,40.421],[74.835,40.512],[75.039,40.441],[75.194,40.441],[75.482,40.614],[75.56,40.633],[75.667,40.45],[75.64,40.367],[75.682,40.292],[75.921,40.309],[76.076,40.392],[76.151,40.368],[76.244,40.441],[76.33,40.348],[76.449,40.416],[76.624,40.628],[76.631,40.729],[76.771,40.867],[76.767,40.945],[76.861,41.013],[77.008,41.044],[77.119,41.012],[77.333,41.021],[77.475,40.982],[77.666,41.001],[77.867,41.064],[78.075,41.04],[78.176,41.106],[78.36,41.287],[78.36,41.378],[78.51,41.454],[78.619,41.478],[78.672,41.538],[78.976,41.642],[79.304,41.788],[79.411,41.779],[79.611,41.868],[79.748,41.88],[79.843,42.002],[79.931,42.023],[80.182,42.021],[80.257,42.084],[80.21,42.19],[79.918,42.424],[79.696,42.46],[79.476,42.454],[79.353,42.577],[79.242,42.63],[79.148,42.791],[79.031,42.756],[78.687,42.805],[78.496,42.876],[78.031,42.855],[77.907,42.891],[77.627,42.907],[77.558,42.888],[77.403,42.92],[77.328,42.898],[77.164,42.922],[76.957,42.989],[76.833,42.972],[76.689,42.91],[76.432,42.89],[76.254,42.921],[75.859,42.94],[75.771,42.926],[75.646,42.806],[75.179,42.85],[74.863,42.976],[74.714,43],[74.558,43.115],[74.259,43.216],[74.04,43.182],[73.965,43.217],[73.902,43.131],[73.634,43.062],[73.56,43.017],[73.493,42.895],[73.504,42.794],[73.41,42.59],[73.506,42.421],[73.326,42.429],[73.317,42.494],[73.115,42.551],[72.942,42.536],[72.841,42.556],[72.726,42.653],[72.477,42.683],[72.292,42.761],[72.105,42.75],[71.848,42.834],[71.694,42.812],[71.584,42.76],[71.405,42.795],[71.263,42.754],[71.149,42.678],[71.127,42.591],[71.041,42.581],[70.94,42.388],[70.858,42.291],[70.948,42.248],[71.078,42.281],[71.218,42.206],[70.977,42.044],[70.845,42.03],[70.825,41.936],[70.68,41.901],[70.55,41.824],[70.454,41.712],[70.169,41.578],[70.203,41.506],[70.344,41.494],[70.477,41.405],[70.634,41.467],[70.76,41.373],[70.77,41.239],[71.123,41.158],[71.23,41.187],[71.421,41.162],[71.413,41.335],[71.524,41.297],[71.586,41.324],[71.684,41.534],[71.863,41.312],[71.872,41.194],[72.034,41.157],[72.17,41.169],[72.186,41.041],[72.477,41.012],[72.619,40.88],[72.83,40.872],[72.883,40.82],[73.003,40.87],[73.118,40.783],[72.784,40.67],[72.748,40.575],[72.664,40.578],[72.586,40.509],[72.448,40.56],[72.37,40.386],[72.254,40.458],[72.099,40.426],[71.836,40.249],[71.76,40.168],[71.673,40.148],[71.477,40.221],[71.365,40.294],[71.24,40.321],[71.201,40.264],[71.053,40.274],[70.959,40.238],[70.639,40.085],[70.627,39.994],[70.147,40.137],[69.97,40.212],[69.575,40.104],[69.47,40.051],[69.502,39.922],[69.405,39.896],[69.314,39.987],[69.226,39.751],[69.291,39.659],[69.286,39.54],[69.496,39.533],[69.669,39.578],[69.83,39.536],[70.02,39.569],[70.206,39.524],[70.46,39.6],[70.622,39.564],[70.74,39.386],[70.903,39.421],[71.009,39.408],[71.063,39.496],[71.237,39.514],[71.46,39.612],[71.525,39.569],[71.513,39.459],[71.74,39.448],[71.713,39.342],[71.77,39.27],[72.05,39.369],[72.095,39.275],[72.203,39.241],[72.316,39.329],[72.559,39.36],[72.65,39.394],[72.835,39.356],[73.168,39.355],[73.326,39.391],[73.368,39.444],[73.512,39.467],[73.633,39.448]],[[71.182,40.043],[71.195,39.885],[71.114,39.874],[70.953,40.079],[71.031,40.147],[71.182,40.043]]]},"properties":{"kind":"country","name":"Kyrgyzstan"}},{"type":"Feature","geometry":{"type":"Polygon","coordinates":[[[46.514,38.882],[46.476,38.976],[46.479,39.115],[46.598,39.225],[46.495,39.324],[46.375,39.379],[46.527,39.538],[46.344,39.619],[46.206,39.588],[46.045,39.688],[45.979,39.768],[45.862,39.805],[45.764,39.922],[45.611,39.959],[45.64,40.025],[45.874,40.01],[45.951,40.117],[45.979,40.224],[45.585,40.399],[45.526,40.441],[45.374,40.675],[45.556,40.777],[45.538,40.876],[45.416,40.961],[45.222,41.014],[45.134,41.188],[45.052,41.192],[45.002,41.29],[44.821,41.273],[44.822,41.206],[44.613,41.223],[44.552,41.177],[44.191,41.23],[44.125,41.178],[43.863,41.159],[43.73,41.107],[43.567,41.124],[43.44,41.107],[43.46,41.023],[43.605,40.963],[43.711,40.782],[43.729,40.677],[43.653,40.529],[43.594,40.345],[43.676,40.266],[43.712,40.156],[43.665,40.11],[43.912,40.024],[44.032,40.009],[44.255,40.043],[44.464,39.972],[44.775,39.703],[45.034,39.77],[45.141,39.684],[45.168,39.566],[45.26,39.6],[45.313,39.534],[45.457,39.489],[45.715,39.569],[45.788,39.549],[45.803,39.448],[45.767,39.354],[45.959,39.272],[45.958,39.152],[46.136,38.864],[46.392,38.922],[46.514,38.882]]]},"properties":{"kind":"country","name":"Armenia"}},{"type":"Feature","geometry":{"type":"Polygon","coordinates":[[[25.151,31.656],[25.022,31.855],[24.982,31.968],[24.67,32.032],[24.546,31.991],[24.091,32.006],[23.999,32.094],[23.67,32.183],[23.405,32.191],[23.244,32.221],[23.195,32.292],[23.096,32.324],[23.149,32.478],[23.086,32.646],[22.813,32.725],[22.514,32.791],[22.379,32.87],[22.096,32.923],[21.877,32.903],[21.716,32.95],[21.609,32.931],[21.455,32.813],[21.287,32.771],[21.097,32.781],[20.934,32.723],[20.797,32.643],[20.563,32.558],[20.262,32.34],[20.072,32.176],[20,32.06],[20,31.45],[20.147,31.217],[20.147,31.046],[20.036,30.819],[20,30.791],[20,21.462],[23.981,19.496],[23.981,19.995],[24.968,19.995],[24.981,20.002],[24.981,21.995],[24.981,29.181],[24.957,29.293],[24.874,29.468],[24.871,29.638],[24.805,29.755],[24.812,29.891],[24.688,30.144],[24.772,30.331],[24.908,30.499],[24.995,30.785],[24.89,31.019],[24.859,31.146],[24.861,31.38],[25.024,31.494],[25.151,31.656]]]},"properties":{"kind":"country","name":"Libya"}},{"type":"Feature","geometry":{"type":"Polygon","coordinates":[[[26.618,48.259],[26.303,48.212],[26.287,48.125],[26.173,47.993],[25.753,47.935],[25.262,47.899],[25.122,47.77],[24.897,47.71],[24.794,47.804],[24.661,47.854],[24.562,47.941],[24.429,47.953],[24.231,47.897],[23.977,47.962],[23.877,47.934],[23.78,47.988],[23.563,48.006],[23.461,47.971],[23.36,47.993],[23.231,48.08],[23.119,48.092],[23.02,47.985],[22.939,48.006],[22.878,47.947],[22.746,47.825],[22.563,47.757],[22.454,47.787],[22.407,47.743],[22.262,47.716],[22.149,47.579],[21.989,47.493],[22.002,47.394],[21.862,47.297],[21.826,47.185],[21.633,47.023],[21.649,46.943],[21.503,46.805],[21.484,46.685],[21.316,46.617],[21.135,46.279],[21.051,46.236],[20.82,46.272],[20.664,46.138],[20.469,46.174],[20.283,46.144],[20.243,46.108],[20.339,45.993],[20.572,45.888],[20.713,45.733],[20.816,45.463],[20.981,45.333],[21.206,45.246],[21.406,45.2],[21.493,45.145],[21.369,44.865],[21.412,44.785],[21.558,44.782],[21.656,44.688],[21.855,44.698],[22.004,44.652],[22.104,44.51],[22.185,44.515],[22.32,44.685],[22.484,44.724],[22.621,44.637],[22.621,44.569],[22.484,44.5],[22.505,44.404],[22.583,44.328],[22.682,44.305],[22.692,44.228],[22.906,44.123],[23.031,44.093],[23.023,44.032],[22.886,43.995],[22.851,43.897],[22.92,43.834],[23.132,43.848],[23.325,43.887],[23.485,43.881],[23.593,43.837],[23.8,43.818],[24.159,43.753],[24.358,43.76],[24.5,43.799],[24.706,43.744],[24.964,43.75],[25.252,43.705],[25.36,43.654],[25.557,43.67],[25.781,43.732],[25.934,43.87],[26.151,44.012],[26.311,44.053],[26.789,44.116],[27.027,44.177],[27.251,44.122],[27.384,44.015],[27.656,44.024],[27.722,43.949],[27.912,43.993],[27.981,43.849],[28.221,43.762],[28.435,43.735],[28.578,43.741],[28.671,44.003],[28.631,44.154],[28.665,44.199],[28.641,44.329],[28.797,44.468],[28.789,44.706],[28.924,44.758],[28.952,44.827],[28.866,44.883],[28.88,44.955],[29.045,45.005],[29.044,44.866],[29.098,44.775],[29.511,44.821],[29.611,44.849],[29.677,45.145],[29.659,45.216],[29.65,45.346],[29.57,45.395],[29.322,45.444],[28.966,45.32],[28.816,45.326],[28.71,45.227],[28.33,45.323],[28.267,45.44],[28.199,45.462],[28.141,45.56],[28.168,45.632],[28.125,45.918],[28.086,46.001],[28.178,46.287],[28.247,46.436],[28.219,46.504],[28.234,46.662],[28.122,46.834],[28.037,47.016],[27.807,47.145],[27.723,47.283],[27.572,47.375],[27.563,47.468],[27.473,47.492],[27.428,47.581],[27.272,47.715],[27.048,48.122],[26.938,48.205],[26.805,48.258],[26.618,48.259]]]},"properties":{"kind":"country","name":"Romania"}},{"type":"Feature","geometry":{"type":"Polygon","coordinates":[[[20.243,46.108],[20.283,46.144],[20.469,46.174],[20.664,46.138],[20.82,46.272],[21.051,46.236],[21.135,46.279],[21.316,46.617],[21.484,46.685],[21.503,46.805],[21.649,46.943],[21.633,47.023],[21.826,47.185],[21.862,47.297],[22.002,47.394],[21.989,47.493],[22.149,47.579],[22.262,47.716],[22.407,47.743],[22.454,47.787],[22.563,47.757],[22.746,47.825],[22.878,47.947],[22.831,48.072],[22.746,48.116],[22.6,48.101],[22.481,48.243],[22.357,48.243],[22.272,48.403],[22.133,48.405],[21.728,48.341],[21.613,48.44],[21.425,48.561],[21.109,48.489],[20.784,48.569],[20.482,48.526],[20.324,48.28],[20.135,48.247],[20,48.169],[20,46.157],[20.188,46.14],[20.243,46.108]]]},"properties":{"kind":"country","name":"Hungary"}},{"type":"Feature","geometry":{"type":"Polygon","coordinates":[[[22.133,48.405],[22.154,48.586],[22.322,48.7],[22.449,48.971],[22.54,49.072],[22.39,49.093],[22.198,49.172],[22.012,49.211],[21.993,49.278],[21.82,49.377],[21.758,49.349],[21.601,49.426],[21.428,49.41],[21.274,49.447],[21.173,49.398],[21.054,49.414],[20.942,49.296],[20.778,49.331],[20.69,49.401],[20.522,49.374],[20.33,49.392],[20.284,49.339],[20.13,49.304],[20.07,49.183],[20,49.195],[20,48.169],[20.135,48.247],[20.324,48.28],[20.482,48.526],[20.784,48.569],[21.109,48.489],[21.425,48.561],[21.613,48.44],[21.728,48.341],[22.133,48.405]]]},"properties":{"kind":"country","name":"Slovakia"}},{"type":"Feature","geometry":{"type":"Polygon","coordinates":[[[22.767,54.356],[22.698,54.343],[20,54.427],[20,49.195],[20.07,49.183],[20.13,49.304],[20.284,49.339],[20.33,49.392],[20.522,49.374],[20.69,49.401],[20.778,49.331],[20.942,49.296],[21.054,49.414],[21.173,49.398],[21.274,49.447],[21.428,49.41],[21.601,49.426],[21.758,49.349],[21.82,49.377],[21.993,49.278],[22.012,49.211],[22.198,49.172],[22.39,49.093],[22.54,49.072],[22.755,49.045],[22.853,49.085],[22.706,49.169],[22.724,49.367],[22.641,49.529],[22.777,49.68],[22.827,49.697],[23.101,49.957],[23.436,50.193],[23.565,50.258],[23.748,50.389],[23.981,50.405],[24.011,50.493],[24.106,50.539],[24.075,50.69],[23.974,50.776],[23.979,50.938],[23.912,51.007],[23.864,51.148],[23.743,51.216],[23.634,51.339],[23.689,51.416],[23.606,51.517],[23.532,51.659],[23.648,51.974],[23.637,52.084],[23.512,52.124],[23.45,52.186],[23.212,52.232],[23.166,52.289],[23.392,52.51],[23.569,52.586],[23.736,52.615],[23.869,52.67],[23.922,52.743],[23.894,53.152],[23.783,53.271],[23.591,53.611],[23.486,53.939],[23.496,54.022],[23.433,54.169],[23.316,54.236],[22.859,54.399],[22.767,54.356]]]},"properties":{"kind":"country","name":"Poland"}},{"type":"Feature","geometry":{"type":"MultiPolygon","coordinates":[[[[22.917,41.336],[22.781,41.335],[22.705,41.14],[22.422,41.115],[22.183,41.16],[21.909,41.097],[21.737,40.919],[21.582,40.866],[21.381,40.901],[21.295,40.861],[20.965,40.849],[20.964,40.736],[21.037,40.64],[21.019,40.559],[20.912,40.46],[20.827,40.465],[20.707,40.288],[20.64,40.09],[20.433,40.064],[20.318,39.918],[20.283,39.704],[20.2,39.64],[20,39.694],[20.182,39.624],[20.15,39.534],[20.293,39.333],[20.448,39.289],[20.488,39.217],[20.687,39.072],[20.931,39.065],[21.003,39.015],[21.085,39.063],[21.16,38.998],[21.085,38.864],[20.975,38.947],[20.764,38.892],[20.773,38.761],[20.86,38.804],[20.907,38.699],[21.025,38.608],[21.122,38.41],[21.232,38.329],[21.37,38.408],[21.524,38.296],[21.6,38.351],[21.763,38.328],[21.988,38.411],[22.368,38.342],[22.463,38.426],[22.576,38.29],[22.691,38.322],[22.895,38.241],[23.11,38.21],[23.217,38.103],[23.069,38.059],[22.943,38.083],[22.867,37.94],[22.68,38.067],[22.331,38.179],[22.227,38.186],[21.956,38.337],[21.849,38.341],[21.764,38.296],[21.675,38.18],[21.603,38.152],[21.385,38.211],[21.326,38.021],[21.208,37.946],[21.134,37.946],[21.122,37.837],[21.295,37.772],[21.299,37.673],[21.402,37.655],[21.55,37.561],[21.675,37.396],[21.682,37.284],[21.568,37.156],[21.599,37.046],[21.703,36.957],[21.707,36.818],[21.945,36.79],[21.937,36.98],[22.048,37.035],[22.153,37.021],[22.138,36.917],[22.222,36.898],[22.371,36.674],[22.355,36.512],[22.47,36.452],[22.533,36.707],[22.623,36.803],[22.765,36.804],[22.972,36.52],[23.081,36.579],[23.026,36.716],[23.099,36.787],[23.022,36.926],[23,37.033],[22.895,37.134],[22.912,37.183],[22.758,37.398],[22.723,37.542],[22.964,37.522],[23.011,37.469],[23.132,37.449],[23.073,37.355],[23.204,37.303],[23.23,37.385],[23.447,37.415],[23.526,37.46],[23.374,37.556],[23.323,37.537],[23.169,37.614],[23.182,37.809],[23.094,37.911],[23.227,37.974],[23.409,37.974],[23.45,38.021],[23.581,38.046],[23.553,37.98],[23.628,37.933],[23.68,37.946],[23.764,37.816],[23.903,37.782],[23.95,37.677],[24.033,37.652],[24.087,37.785],[24.016,37.937],[23.989,38.123],[24.069,38.205],[23.951,38.291],[23.782,38.344],[23.71,38.337],[23.625,38.414],[23.601,38.474],[23.418,38.504],[23.293,38.579],[23.321,38.643],[23.205,38.683],[23.091,38.649],[23.059,38.728],[22.915,38.776],[22.77,38.785],[22.847,38.926],[22.985,38.954],[23.042,39.04],[22.89,39.184],[22.843,39.288],[23.021,39.318],[23.151,39.285],[23.214,39.168],[23.342,39.193],[23.271,39.323],[23.102,39.497],[22.925,39.6],[22.859,39.773],[22.741,39.875],[22.71,39.957],[22.571,40.054],[22.553,40.167],[22.661,40.369],[22.603,40.481],[22.711,40.512],[22.91,40.645],[22.983,40.553],[22.844,40.509],[22.898,40.402],[23.029,40.326],[23.299,40.235],[23.306,40.104],[23.378,40.011],[23.616,39.923],[23.67,39.986],[23.499,40.042],[23.338,40.208],[23.398,40.278],[23.675,40.218],[23.793,40.094],[23.827,40.009],[23.973,39.962],[24.019,40.016],[23.991,40.119],[23.779,40.203],[23.7,40.326],[23.923,40.369],[24.048,40.301],[24.169,40.275],[24.3,40.128],[24.383,40.179],[24.187,40.347],[23.868,40.414],[23.827,40.461],[23.878,40.56],[23.799,40.587],[23.692,40.695],[23.809,40.78],[23.986,40.732],[24.11,40.728],[24.315,40.832],[24.392,40.936],[24.567,40.952],[24.629,40.859],[24.802,40.853],[24.99,40.942],[25.057,41.009],[25.259,40.932],[25.3,40.952],[25.538,40.87],[25.919,40.853],[26.012,40.824],[26.044,40.738],[26.135,40.767],[26.336,40.982],[26.321,41.188],[26.54,41.352],[26.637,41.378],[26.598,41.573],[26.333,41.713],[26.234,41.746],[26.048,41.689],[26.164,41.518],[26.121,41.358],[25.882,41.304],[25.811,41.341],[25.691,41.298],[25.551,41.316],[25.286,41.239],[24.886,41.401],[24.719,41.396],[24.596,41.43],[24.51,41.562],[24.287,41.518],[24.251,41.563],[24.047,41.526],[23.612,41.371],[23.288,41.398],[23.115,41.313],[22.917,41.336]]],[[[26.312,35.297],[26.179,35.207],[26.067,35.233],[25.897,35.185],[25.818,35.116],[25.713,35.183],[25.766,35.336],[25.639,35.346],[25.482,35.297],[25.376,35.343],[25.055,35.355],[24.971,35.425],[24.841,35.404],[24.721,35.427],[24.34,35.348],[24.187,35.452],[24.183,35.586],[24.082,35.59],[24.045,35.528],[23.817,35.535],[23.642,35.507],[23.539,35.374],[23.587,35.239],[23.827,35.253],[24.085,35.205],[24.402,35.191],[24.565,35.106],[24.708,35.096],[24.759,35.041],[24.739,34.932],[25.097,34.938],[25.304,34.985],[25.506,34.985],[25.601,35.014],[25.808,35.006],[25.985,35.039],[26.147,35.002],[26.241,35.039],[26.294,35.136],[26.266,35.26],[26.312,35.297]]],[[[23.077,36.271],[22.956,36.383],[22.9,36.328],[22.909,36.206],[23.052,36.145],[23.077,36.271]]],[[[28.226,36.418],[28.118,36.428],[27.9,36.34],[27.763,36.192],[27.712,35.953],[27.78,35.89],[28.131,36.185],[28.236,36.373],[28.226,36.418]]],[[[24.513,36.764],[24.354,36.754],[24.323,36.665],[24.485,36.665],[24.513,36.764]]],[[[27.292,36.892],[27.164,36.891],[27.061,36.839],[27.13,36.761],[27.292,36.892]]],[[[25.269,37.046],[25.259,37.124],[25.15,37.111],[25.103,37.013],[25.204,36.989],[25.269,37.046]]],[[[25.534,37.201],[25.372,37.089],[25.448,36.925],[25.553,36.969],[25.595,37.1],[25.534,37.201]]],[[[25.081,37.587],[25.216,37.533],[25.246,37.624],[24.998,37.682],[25.081,37.587]]],[[[26.345,37.659],[26.074,37.638],[26.058,37.519],[26.231,37.571],[26.345,37.659]]],[[[27.059,37.734],[27.021,37.777],[26.772,37.814],[26.658,37.793],[26.787,37.647],[26.861,37.643],[27.059,37.734]]],[[[20.918,37.765],[20.886,37.814],[20.742,37.862],[20.619,37.864],[20.704,37.738],[20.815,37.652],[20.918,37.765]]],[[[24.994,37.754],[24.954,37.906],[24.841,37.919],[24.757,37.997],[24.695,37.925],[24.958,37.707],[24.994,37.754]]],[[[23.402,37.906],[23.543,37.929],[23.495,38.002],[23.402,37.906]]],[[[20.718,38.066],[20.798,38.131],[20.626,38.352],[20.551,38.385],[20.427,38.363],[20.339,38.2],[20.38,38.152],[20.494,38.192],[20.51,38.111],[20.615,38.12],[20.718,38.066]]],[[[26.151,38.53],[25.995,38.604],[25.849,38.58],[25.843,38.515],[25.989,38.379],[25.964,38.303],[25.868,38.26],[25.975,38.166],[26.112,38.223],[26.164,38.303],[26.151,38.53]]],[[[20.576,38.608],[20.721,38.638],[20.718,38.823],[20.603,38.782],[20.576,38.608]]],[[[24.679,38.807],[24.491,38.981],[24.455,38.885],[24.679,38.807]]],[[[24.579,38.109],[24.327,38.186],[24.185,38.408],[24.216,38.54],[24.073,38.679],[23.858,38.683],[23.703,38.765],[23.62,38.766],[23.451,38.875],[23.426,38.954],[23.299,39.042],[23.138,39.009],[22.999,38.881],[23.202,38.83],[23.446,38.677],[23.505,38.597],[23.6,38.571],[23.639,38.416],[23.912,38.392],[24.049,38.395],[24.372,37.972],[24.448,38.011],[24.552,37.978],[24.579,38.109]]],[[[26.612,39.04],[26.471,39.225],[26.38,39.283],[26.343,39.383],[26.164,39.379],[26.163,39.324],[25.859,39.259],[25.889,39.145],[26.043,39.093],[26.16,39.098],[26.166,39.022],[26.424,38.967],[26.547,38.988],[26.612,39.04]]],[[[25.441,40.026],[25.287,39.961],[25.225,40.009],[25.045,39.985],[25.064,39.844],[25.143,39.817],[25.239,39.92],[25.295,39.808],[25.441,40.026]]],[[[24.765,40.734],[24.642,40.804],[24.512,40.667],[24.642,40.571],[24.782,40.62],[24.765,40.734]]]]},"properties":{"kind":"country","name":"Greece"}},{"type":"Feature","geometry":{"type":"Polygon","coordinates":[[[33.203,-14.014],[33.155,-13.937],[33.049,-13.997],[32.859,-13.808],[32.723,-13.573],[32.874,-13.443],[32.92,-13.295],[32.995,-13.191],[32.966,-13.117],[33.005,-12.893],[32.941,-12.77],[33.025,-12.613],[33.255,-12.532],[33.373,-12.519],[33.518,-12.372],[33.458,-12.318],[33.33,-12.298],[33.255,-12.073],[33.313,-11.899],[33.303,-11.61],[33.213,-11.564],[33.23,-11.417],[33.391,-11.165],[33.304,-11.035],[33.28,-10.913],[33.319,-10.818],[33.501,-10.769],[33.674,-10.577],[33.529,-10.319],[33.533,-10.231],[33.31,-10.013],[33.366,-9.899],[33.337,-9.824],[33.217,-9.727],[33.175,-9.602],[33.089,-9.644],[32.975,-9.601],[32.992,-9.502],[32.921,-9.408],[32.76,-9.34],[32.713,-9.286],[32.518,-9.258],[32.383,-9.134],[32.211,-9.127],[32.134,-9.064],[31.918,-9.022],[31.937,-8.933],[31.788,-8.892],[31.673,-8.913],[31.553,-8.809],[31.539,-8.704],[31.353,-8.587],[31.261,-8.624],[31.12,-8.617],[30.96,-8.55],[30.828,-8.388],[30.752,-8.194],[28.915,-8.473],[28.93,-8.68],[28.765,-8.934],[28.599,-9.096],[28.372,-9.235],[28.369,-9.309],[28.516,-9.378],[28.624,-9.649],[28.668,-9.822],[28.624,-9.951],[28.62,-10.142],[28.57,-10.22],[28.629,-10.296],[28.635,-10.519],[28.7,-10.643],[28.564,-10.812],[28.477,-11.078],[28.44,-11.348],[28.357,-11.447],[28.453,-11.781],[28.497,-11.857],[28.835,-12.092],[28.945,-12.206],[29.03,-12.376],[29.255,-12.366],[29.296,-12.401],[29.5,-12.453],[29.447,-12.335],[29.474,-12.243],[29.568,-12.192],[29.632,-12.216],[29.8,-12.159],[29.798,-13.424],[29.703,-13.458],[29.602,-13.374],[29.668,-13.292],[29.574,-13.225],[29.169,-13.434],[29.122,-13.384],[28.994,-13.396],[28.934,-13.31],[28.903,-13.162],[28.854,-13.137],[28.801,-13.002],[28.668,-12.849],[28.584,-12.889],[28.474,-12.736],[28.512,-12.694],[28.423,-12.521],[28.34,-12.451],[28.131,-12.429],[28.088,-12.378],[27.959,-12.368],[27.934,-12.303],[27.638,-12.294],[27.52,-12.18],[27.421,-11.922],[27.234,-11.809],[27.18,-11.57],[27.01,-11.61],[26.967,-11.87],[26.874,-11.964],[26.644,-11.986],[26.489,-11.961],[26.415,-11.912],[26.298,-11.941],[26.167,-11.902],[25.994,-11.905],[25.851,-11.794],[25.726,-11.801],[25.621,-11.729],[25.515,-11.776],[25.481,-11.715],[25.352,-11.646],[25.279,-11.396],[25.325,-11.284],[25.279,-11.2],[25.124,-11.259],[24.943,-11.269],[24.674,-11.342],[24.565,-11.445],[24.446,-11.464],[24.31,-11.407],[24.392,-11.279],[24.382,-11.121],[24.294,-11.05],[24.124,-11.043],[24.114,-10.919],[23.967,-10.872],[24.004,-10.982],[24.011,-11.273],[24.061,-11.395],[23.96,-11.617],[23.989,-11.834],[23.967,-11.883],[23.96,-12.197],[24.031,-12.385],[23.929,-12.562],[23.866,-12.79],[24.001,-13.001],[21.98,-13.001],[21.984,-16.166],[22.08,-16.458],[22.152,-16.598],[22.238,-16.665],[22.334,-16.674],[22.523,-16.915],[22.71,-17.055],[22.756,-17.155],[22.876,-17.248],[22.999,-17.294],[23.073,-17.405],[23.207,-17.541],[23.291,-17.535],[23.382,-17.641],[24.22,-17.479],[24.407,-17.475],[24.591,-17.528],[24.684,-17.492],[24.958,-17.552],[25.26,-17.794],[25.336,-17.841],[25.496,-17.855],[25.681,-17.811],[25.85,-17.907],[25.864,-17.972],[25.979,-17.999],[26.203,-17.887],[26.409,-17.939],[26.712,-18.066],[26.888,-17.985],[27.048,-17.944],[27.149,-17.842],[27.157,-17.769],[27.577,-17.363],[27.641,-17.198],[27.777,-17.001],[27.869,-16.93],[28.114,-16.828],[28.28,-16.707],[28.643,-16.569],[28.733,-16.558],[28.823,-16.471],[28.871,-16.087],[28.932,-15.964],[29.042,-15.946],[29.186,-15.813],[29.407,-15.714],[29.508,-15.704],[29.837,-15.615],[30.011,-15.646],[30.13,-15.624],[30.207,-15.653],[30.396,-15.636],[30.369,-15.375],[30.288,-15.279],[30.226,-15.106],[30.214,-14.981],[30.318,-14.967],[30.486,-14.886],[30.816,-14.768],[31.411,-14.634],[31.658,-14.52],[32.227,-14.339],[33.203,-14.014]]]},"properties":{"kind":"country","name":"Zambia"}},{"type":"Feature","geometry":{"type":"Polygon","coordinates":[[[24.17,8.689],[23.922,8.713],[23.721,8.702],[23.613,8.732],[23.505,8.711],[23.482,8.783],[23.554,8.883],[23.567,8.975],[23.451,8.974],[23.458,9.146],[23.549,9.185],[23.632,9.278],[23.647,9.418],[23.606,9.537],[23.674,9.69],[23.624,9.908],[23.291,10.44],[23.109,10.614],[23.006,10.687],[22.861,10.919],[22.72,10.965],[22.46,11.001],[22.253,10.915],[22.176,10.816],[22.049,10.837],[22.004,10.743],[21.864,10.668],[21.723,10.637],[21.705,10.572],[21.751,10.412],[21.719,10.297],[21.656,10.234],[21.545,10.22],[21.485,10.164],[21.374,9.973],[21.257,9.976],[21.093,9.774],[21.017,9.744],[20.996,9.648],[20.826,9.418],[20.496,9.271],[20.435,9.138],[20.359,9.116],[20.069,9.138],[20,9.105],[20,4.975],[20.339,4.772],[20.463,4.601],[20.452,4.529],[20.603,4.41],[20.872,4.453],[21.084,4.388],[21.158,4.31],[21.299,4.33],[21.358,4.286],[21.538,4.245],[21.723,4.295],[21.868,4.242],[22.009,4.242],[22.207,4.15],[22.423,4.135],[22.493,4.174],[22.609,4.363],[22.587,4.449],[22.689,4.492],[22.786,4.725],[22.854,4.711],[22.898,4.824],[22.986,4.826],[23.017,4.751],[23.169,4.738],[23.265,4.635],[23.388,4.587],[23.567,4.724],[23.817,4.821],[23.948,4.818],[24.09,4.92],[24.163,4.908],[24.361,5.063],[24.46,5.107],[24.61,5.017],[24.664,4.924],[24.789,4.92],[24.958,4.991],[25.085,4.954],[25.129,5.019],[25.308,5.032],[25.349,5.142],[25.308,5.185],[25.364,5.311],[25.581,5.375],[25.733,5.259],[26.027,5.19],[26.13,5.259],[26.292,5.151],[26.391,5.149],[26.463,5.06],[26.761,5.088],[26.867,5.038],[26.962,5.151],[27.116,5.2],[27.441,5.071],[27.301,5.205],[27.238,5.323],[27.22,5.441],[27.261,5.55],[27.17,5.72],[27.03,5.79],[26.981,5.859],[26.819,5.895],[26.705,6.01],[26.528,6.043],[26.452,6.28],[26.29,6.387],[26.277,6.477],[26.378,6.653],[26.236,6.72],[26.081,6.842],[26.026,6.997],[25.801,7.105],[25.786,7.143],[25.592,7.211],[25.36,7.336],[25.316,7.417],[25.19,7.501],[25.165,7.58],[25.279,7.659],[25.217,7.864],[25.09,7.885],[24.953,7.997],[24.918,8.087],[24.832,8.166],[24.615,8.217],[24.513,8.207],[24.431,8.271],[24.332,8.246],[24.131,8.343],[24.137,8.439],[24.244,8.57],[24.17,8.689]]]},"properties":{"kind":"country","name":"Central African Rep."}},{"type":"Feature","geometry":{"type":"Polygon","coordinates":[[[23.981,19.496],[23.984,15.721],[23.593,15.749],[23.321,15.681],[23.095,15.704],[22.926,15.564],[22.907,15.481],[22.966,15.405],[22.966,15.224],[22.906,15.113],[22.739,14.98],[22.651,14.816],[22.666,14.682],[22.465,14.629],[22.364,14.544],[22.425,14.47],[22.441,14.25],[22.532,14.221],[22.531,14.123],[22.244,13.975],[22.074,13.771],[22.132,13.639],[22.196,13.58],[22.268,13.335],[22.14,13.194],[22.016,13.14],[21.935,13.059],[21.809,12.794],[21.936,12.64],[22.059,12.637],[22.205,12.743],[22.446,12.611],[22.373,12.463],[22.481,12.177],[22.481,12.044],[22.593,11.989],[22.537,11.681],[22.628,11.51],[22.743,11.466],[22.782,11.399],[22.915,11.396],[22.956,11.209],[22.861,10.919],[23.006,10.687],[23.109,10.614],[23.291,10.44],[23.624,9.908],[23.674,9.69],[23.606,9.537],[23.647,9.418],[23.632,9.278],[23.549,9.185],[23.458,9.146],[23.451,8.974],[23.567,8.975],[23.554,8.883],[23.482,8.783],[23.505,8.711],[23.613,8.732],[23.721,8.702],[23.922,8.713],[24.17,8.689],[24.38,8.844],[24.558,8.887],[24.565,9.015],[24.661,9.182],[24.68,9.373],[24.794,9.532],[24.793,9.798],[24.976,9.967],[25.017,10.168],[25.084,10.293],[25.48,10.344],[25.843,10.418],[25.895,10.346],[25.901,10.191],[26.017,10.115],[26.103,9.988],[26.179,9.959],[26.557,9.52],[26.694,9.477],[27.08,9.607],[27.339,9.613],[27.895,9.595],[27.825,9.744],[27.825,10.16],[28.989,10.16],[28.989,9.587],[29.252,9.711],[29.483,9.762],[29.614,9.914],[29.615,10.058],[30.013,10.27],[30.485,9.972],[30.749,9.736],[31.164,9.764],[31.235,9.792],[31.665,10.214],[31.864,10.472],[31.943,10.656],[32.414,11.051],[32.435,11.107],[32.364,11.24],[32.346,11.412],[32.345,11.709],[32.082,12],[32.747,12.003],[32.732,12.216],[33.209,12.21],[33.145,11.935],[33.132,11.686],[33.083,11.585],[33.182,10.843],[33.151,10.731],[33.371,10.651],[33.469,10.544],[33.902,10.192],[33.967,10.047],[33.969,9.838],[33.905,9.711],[33.878,9.543],[33.901,9.455],[34.071,9.455],[34.098,9.68],[34.222,10.026],[34.303,10.114],[34.325,10.269],[34.279,10.566],[34.437,10.796],[34.587,10.879],[34.751,10.744],[34.839,10.729],[34.934,10.845],[34.914,10.964],[34.98,11.155],[34.947,11.275],[35.073,11.549],[35.048,11.771],[35.088,11.838],[35.216,11.897],[35.317,12.024],[35.354,12.146],[35.617,12.575],[35.728,12.674],[36.124,12.721],[36.143,12.833],[36.114,12.934],[36.234,13.362],[36.382,13.571],[36.458,13.82],[36.437,13.991],[36.526,14.264],[36.424,15.112],[36.525,15.248],[36.671,15.723],[36.76,15.837],[36.886,16.185],[36.944,16.253],[36.934,16.418],[36.877,16.527],[36.901,16.656],[36.985,16.766],[37,17.073],[37.134,17.016],[37.31,17.055],[37.403,17.03],[37.501,17.195],[37.507,17.318],[37.72,17.384],[37.799,17.477],[37.872,17.437],[38.015,17.54],[38.161,17.557],[38.344,17.656],[38.459,17.891],[38.602,18.005],[38.543,18.118],[38.45,18.132],[38.245,18.244],[38.152,18.249],[38.038,18.461],[37.926,18.585],[37.813,18.616],[37.675,18.741],[37.551,18.71],[37.434,18.862],[37.325,19.263],[37.238,19.655],[37.259,19.821],[37.196,19.979],[37.225,20.12],[37.175,20.349],[37.228,20.565],[37.169,20.746],[37.147,20.941],[37.087,21.057],[37.199,21.202],[37.114,21.278],[36.984,21.466],[36.897,21.678],[36.874,21.815],[36.884,21.996],[34.084,21.995],[33.999,21.767],[33.866,21.75],[33.558,21.711],[33.181,21.995],[31.435,21.995],[31.491,22.148],[31.36,22.188],[31.248,21.994],[24.981,21.995],[24.981,20.002],[24.968,19.995],[23.981,19.995],[23.981,19.496]]]},"properties":{"kind":"country","name":"Sudan"}},{"type":"Feature","geometry":{"type":"Polygon","coordinates":[[[42.924,10.999],[43.241,11.488],[43.123,11.581],[42.875,11.584],[42.694,11.546],[42.645,11.488],[42.539,11.503],[42.527,11.582],[42.684,11.582],[42.754,11.708],[42.896,11.781],[43.042,11.799],[43.207,11.958],[43.377,12.005],[43.419,12.091],[43.411,12.242],[43.313,12.478],[43.118,12.708],[42.852,12.612],[42.785,12.517],[42.792,12.429],[42.678,12.36],[42.522,12.496],[42.431,12.52],[42.379,12.466],[42.289,12.321],[42.098,12.07],[41.936,11.827],[41.808,11.736],[41.749,11.538],[41.788,11.26],[41.799,10.971],[41.954,10.941],[42.069,10.982],[42.392,11.006],[42.616,11.09],[42.73,11.065],[42.772,10.996],[42.924,10.999]]]},"properties":{"kind":"country","name":"Djibouti"}},{"type":"Feature","geometry":{"type":"MultiPolygon","coordinates":[[[[42.379,12.466],[42.431,12.52],[42.522,12.496],[42.678,12.36],[42.792,12.429],[42.785,12.517],[42.852,12.612],[43.118,12.708],[43.086,12.821],[43.001,12.9],[42.963,12.81],[42.774,12.862],[42.738,13.018],[42.655,13.072],[42.521,13.236],[42.379,13.223],[42.343,13.418],[42.288,13.575],[42.1,13.654],[41.981,13.838],[41.842,13.88],[41.806,13.93],[41.677,13.94],[41.621,14.064],[41.336,14.402],[41.307,14.489],[41.156,14.642],[40.808,14.703],[40.734,14.818],[40.554,14.99],[40.376,14.987],[40.302,14.917],[40.159,14.982],[40.139,15.059],[40.027,15.237],[40.072,15.351],[39.875,15.504],[39.773,15.391],[39.778,15.298],[39.855,15.173],[39.811,15.079],[39.698,15.124],[39.718,15.264],[39.664,15.336],[39.587,15.531],[39.458,15.525],[39.483,15.615],[39.427,15.82],[39.313,15.894],[39.236,16.109],[39.197,16.299],[39.163,16.628],[39.056,17.034],[38.929,17.397],[38.79,17.669],[38.696,17.807],[38.602,18.005],[38.459,17.891],[38.344,17.656],[38.161,17.557],[38.015,17.54],[37.872,17.437],[37.799,17.477],[37.72,17.384],[37.507,17.318],[37.501,17.195],[37.403,17.03],[37.31,17.055],[37.134,17.016],[37,17.073],[36.985,16.766],[36.901,16.656],[36.877,16.527],[36.934,16.418],[36.944,16.253],[36.886,16.185],[36.76,15.837],[36.671,15.723],[36.525,15.248],[36.424,15.112],[36.526,14.264],[36.748,14.332],[37.073,14.285],[37.121,14.421],[37.294,14.457],[37.394,14.35],[37.475,14.2],[37.565,14.117],[37.891,14.88],[38.007,14.724],[38.229,14.68],[38.325,14.505],[38.427,14.417],[38.607,14.436],[38.866,14.494],[39.075,14.637],[39.158,14.56],[39.208,14.44],[39.489,14.524],[39.767,14.505],[39.911,14.423],[40.105,14.466],[40.277,14.405],[40.422,14.274],[40.586,14.195],[40.704,14.173],[40.833,14.106],[41.044,13.872],[41.192,13.616],[41.531,13.394],[41.712,13.248],[41.817,13.113],[41.947,12.876],[42.137,12.773],[42.379,12.466]]],[[[40.401,15.641],[40.287,15.702],[40.164,15.644],[40.139,15.792],[40.092,15.85],[39.925,15.777],[40.039,15.719],[40.061,15.592],[40.287,15.573],[40.401,15.641]]]]},"properties":{"kind":"country","name":"Eritrea"}},{"type":"Feature","geometry":{"type":"Polygon","coordinates":[[[48.531,29.961],[48.453,30.001],[48.383,30.156],[48.397,30.221],[48.272,30.324],[48.2,30.324],[48.158,30.426],[48.014,30.464],[48.015,30.976],[48.002,30.995],[47.673,30.995],[47.679,31.408],[47.831,31.762],[47.668,32.012],[47.396,32.337],[47.343,32.459],[47.251,32.485],[47.121,32.461],[47.058,32.494],[46.716,32.756],[46.479,32.892],[46.273,32.959],[46.097,32.954],[46.167,33.168],[46.155,33.26],[46.036,33.368],[45.886,33.631],[45.735,33.583],[45.486,33.939],[45.455,34.07],[45.534,34.128],[45.561,34.265],[45.448,34.362],[45.417,34.444],[45.503,34.494],[45.501,34.592],[45.702,34.551],[45.688,34.653],[45.627,34.721],[45.677,34.818],[45.835,34.89],[45.857,35.021],[45.913,35.087],[46.009,35.061],[46.13,35.131],[46.12,35.319],[45.964,35.494],[46.037,35.692],[46.238,35.716],[46.185,35.798],[46.06,35.857],[45.814,35.809],[45.719,35.828],[45.647,35.933],[45.453,36.012],[45.36,35.977],[45.348,36.088],[45.239,36.403],[45.072,36.423],[45.013,36.558],[45.044,36.649],[44.996,36.742],[44.831,36.792],[44.883,36.887],[44.881,37.025],[44.767,37.079],[44.766,37.142],[44.578,37.166],[44.428,37.065],[44.234,36.984],[44.18,37.088],[44.24,37.158],[44.223,37.254],[44.088,37.311],[43.99,37.313],[43.894,37.225],[43.48,37.243],[43.336,37.32],[43.263,37.311],[43.084,37.369],[42.937,37.32],[42.772,37.375],[42.702,37.325],[42.561,37.147],[42.357,37.11],[42.282,36.994],[41.844,36.618],[41.79,36.589],[41.415,36.527],[41.277,36.355],[41.241,36.043],[41.344,35.858],[41.364,35.655],[41.261,35.494],[41.192,35.182],[41.196,34.768],[40.988,34.429],[40.936,34.386],[40.69,34.331],[38.775,33.372],[39.057,32.497],[38.979,32.476],[39.046,32.308],[39.236,32.353],[39.292,32.245],[39.146,32.118],[40.029,31.994],[40.37,31.938],[40.48,31.893],[42.075,31.08],[42.859,30.495],[44.692,29.202],[44.717,29.193],[46.357,29.063],[46.532,29.096],[46.712,29.271],[46.853,29.445],[46.958,29.62],[47.11,29.961],[47.197,30.034],[47.358,30.092],[47.674,30.098],[47.948,29.994],[48.038,30.037],[48.209,30.024],[48.335,29.961],[48.531,29.961]]]},"properties":{"kind":"country","name":"Iraq"}},{"type":"Feature","geometry":{"type":"MultiPolygon","coordinates":[[[[46.136,38.864],[45.717,38.955],[45.531,38.969],[45.439,39.004],[45.348,39.164],[45.179,39.22],[45.052,39.387],[44.957,39.434],[44.886,39.606],[44.807,39.64],[44.566,39.766],[44.459,39.698],[44.405,39.434],[44.27,39.383],[44.2,39.409],[44.026,39.386],[44.078,39.2],[44.187,39.145],[44.139,38.994],[44.192,38.891],[44.275,38.844],[44.249,38.722],[44.297,38.622],[44.29,38.382],[44.425,38.377],[44.334,38.101],[44.221,37.969],[44.22,37.875],[44.378,37.854],[44.45,37.767],[44.596,37.716],[44.586,37.425],[44.802,37.293],[44.766,37.142],[44.767,37.079],[44.881,37.025],[44.883,36.887],[44.831,36.792],[44.996,36.742],[45.044,36.649],[45.013,36.558],[45.072,36.423],[45.239,36.403],[45.348,36.088],[45.36,35.977],[45.453,36.012],[45.647,35.933],[45.719,35.828],[45.814,35.809],[46.06,35.857],[46.185,35.798],[46.238,35.716],[46.037,35.692],[45.964,35.494],[46.12,35.319],[46.13,35.131],[46.009,35.061],[45.913,35.087],[45.857,35.021],[45.835,34.89],[45.677,34.818],[45.627,34.721],[45.688,34.653],[45.702,34.551],[45.501,34.592],[45.503,34.494],[45.417,34.444],[45.448,34.362],[45.561,34.265],[45.534,34.128],[45.455,34.07],[45.486,33.939],[45.735,33.583],[45.886,33.631],[46.036,33.368],[46.155,33.26],[46.167,33.168],[46.097,32.954],[46.273,32.959],[46.479,32.892],[46.716,32.756],[47.058,32.494],[47.121,32.461],[47.251,32.485],[47.343,32.459],[47.396,32.337],[47.668,32.012],[47.831,31.762],[47.679,31.408],[47.673,30.995],[48.002,30.995],[48.015,30.976],[48.014,30.464],[48.158,30.426],[48.2,30.324],[48.272,30.324],[48.397,30.221],[48.383,30.156],[48.453,30.001],[48.531,29.961],[48.611,29.957],[48.702,30.032],[48.877,30.024],[48.935,30.08],[48.921,30.25],[48.862,30.346],[48.981,30.516],[49.167,30.509],[49.257,30.422],[49.176,30.373],[49.062,30.408],[49.004,30.309],[49.245,30.156],[49.48,30.156],[49.532,30.023],[49.601,30.03],[49.915,30.204],[50.073,30.196],[50.128,30.121],[50.145,29.938],[50.244,29.867],[50.397,29.655],[50.655,29.449],[50.644,29.143],[50.84,29.141],[50.92,29.069],[50.895,28.976],[50.813,28.915],[50.876,28.832],[50.979,28.817],[51.059,28.736],[51.073,28.565],[51.142,28.401],[51.265,28.27],[51.265,28.161],[51.38,27.991],[51.585,27.849],[51.723,27.825],[51.86,27.846],[52.011,27.833],[52.245,27.681],[52.423,27.647],[52.568,27.541],[52.601,27.353],[52.732,27.301],[52.848,27.215],[53.072,27.097],[53.412,26.994],[53.492,26.854],[53.716,26.709],[53.821,26.701],[53.995,26.746],[54.15,26.708],[54.308,26.715],[54.389,26.605],[54.561,26.585],[54.62,26.508],[54.802,26.498],[55.103,26.701],[55.206,26.726],[55.271,26.793],[55.397,26.762],[55.554,26.811],[55.609,26.954],[55.685,27.003],[55.939,27.027],[56.124,27.161],[56.353,27.202],[56.583,27.153],[56.809,27.14],[56.858,27.047],[57.025,26.851],[57.09,26.619],[57.076,26.447],[57.133,26.264],[57.213,26.166],[57.165,26.095],[57.254,25.959],[57.326,25.777],[57.521,25.744],[57.771,25.73],[57.787,25.635],[57.963,25.693],[58.073,25.564],[58.17,25.544],[58.321,25.581],[58.546,25.594],[58.814,25.564],[58.924,25.513],[58.994,25.42],[59.117,25.394],[59.454,25.462],[59.538,25.4],[59.775,25.39],[59.904,25.33],[60.082,25.366],[60.209,25.32],[60.271,25.38],[60.363,25.331],[60.428,25.42],[60.55,25.447],[60.602,25.406],[60.633,25.275],[61.031,25.21],[61.185,25.123],[61.412,25.059],[61.588,25.202],[61.62,25.285],[61.66,25.769],[61.76,25.838],[61.81,26.167],[61.857,26.242],[62.094,26.315],[62.124,26.374],[62.243,26.351],[62.292,26.501],[62.428,26.565],[62.595,26.581],[62.754,26.644],[63.141,26.625],[63.182,26.83],[63.265,26.89],[63.23,27.054],[63.252,27.219],[63.167,27.259],[62.92,27.215],[62.801,27.225],[62.756,27.348],[62.815,27.495],[62.78,27.83],[62.736,27.995],[62.766,28.211],[62.739,28.258],[62.576,28.229],[62.363,28.419],[62.049,28.486],[61.893,28.543],[61.653,28.756],[61.567,28.871],[61.488,29.081],[61.342,29.255],[61.337,29.374],[61.279,29.407],[60.844,29.858],[61.785,30.831],[61.826,31.035],[61.749,31.302],[61.661,31.382],[60.855,31.483],[60.793,31.66],[60.805,31.734],[60.775,32.027],[60.809,32.071],[60.83,32.249],[60.578,32.994],[60.568,33.151],[60.757,33.366],[60.819,33.405],[60.88,33.549],[60.656,33.56],[60.512,33.638],[60.487,33.711],[60.528,33.841],[60.487,34.094],[60.521,34.186],[60.644,34.307],[60.89,34.319],[60.714,34.537],[60.948,34.638],[60.96,34.723],[61.065,34.815],[61.116,35.06],[61.108,35.278],[61.19,35.37],[61.29,35.548],[61.27,35.618],[61.232,35.672],[61.247,35.876],[61.174,36.006],[61.223,36.118],[61.152,36.406],[61.186,36.578],[61.075,36.648],[60.342,36.637],[60.133,36.873],[60.019,37.026],[59.9,37.051],[59.797,37.112],[59.509,37.19],[59.37,37.319],[59.352,37.494],[59.212,37.516],[59.046,37.62],[58.861,37.668],[58.704,37.645],[58.514,37.691],[58.372,37.63],[58.207,37.679],[58.181,37.775],[57.691,37.92],[57.496,37.922],[57.352,37.968],[57.344,38.081],[57.218,38.265],[57.164,38.276],[57.038,38.187],[56.828,38.225],[56.739,38.27],[56.585,38.235],[56.436,38.255],[56.297,38.166],[56.3,38.08],[55.978,38.066],[55.709,38.119],[55.423,38.076],[55.22,37.97],[55.13,37.952],[55.007,37.843],[54.857,37.761],[54.787,37.652],[54.784,37.517],[54.617,37.433],[54.533,37.441],[54.364,37.363],[54.187,37.324],[53.914,37.343],[53.923,37.258],[54.02,37.028],[54.033,36.846],[53.889,36.794],[53.701,36.817],[53.66,36.877],[53.492,36.888],[53.116,36.822],[52.779,36.74],[52.259,36.651],[52.094,36.603],[51.909,36.583],[51.368,36.693],[51.089,36.737],[50.479,37.035],[50.322,37.153],[50.223,37.329],[50.149,37.404],[49.935,37.454],[49.442,37.495],[49.132,37.623],[49.014,37.739],[48.908,38.083],[48.866,38.317],[48.874,38.434],[48.778,38.445],[48.608,38.396],[48.434,38.57],[48.31,38.6],[48.21,38.73],[48.013,38.822],[48.059,38.948],[48.243,38.974],[48.271,39.108],[48.142,39.181],[48.125,39.298],[48.339,39.379],[48.052,39.65],[47.957,39.707],[47.847,39.685],[47.554,39.522],[47.374,39.456],[47.291,39.38],[47.102,39.308],[47.02,39.19],[46.866,39.165],[46.745,39.04],[46.514,38.882],[46.392,38.922],[46.136,38.864]]],[[[56.232,26.999],[56.041,26.976],[55.898,26.907],[55.758,26.954],[55.786,26.845],[55.737,26.782],[55.352,26.647],[55.298,26.544],[55.503,26.595],[55.706,26.695],[55.877,26.743],[55.947,26.696],[56.081,26.785],[56.232,26.999]]]]},"properties":{"kind":"country","name":"Iran"}},{"type":"Feature","geometry":{"type":"Polygon","coordinates":[[[23.382,-17.641],[23.291,-17.535],[23.207,-17.541],[23.073,-17.405],[22.999,-17.294],[22.876,-17.248],[22.756,-17.155],[22.71,-17.055],[22.523,-16.915],[22.334,-16.674],[22.238,-16.665],[22.152,-16.598],[22.08,-16.458],[21.984,-16.166],[21.98,-13.001],[24.001,-13.001],[23.866,-12.79],[23.929,-12.562],[24.031,-12.385],[23.96,-12.197],[23.967,-11.883],[23.989,-11.834],[23.96,-11.617],[24.061,-11.395],[24.011,-11.273],[24.004,-10.982],[23.967,-10.872],[23.834,-11.028],[23.495,-10.964],[23.373,-10.975],[23.197,-11.072],[23.014,-11.102],[22.829,-11.052],[22.728,-11.097],[22.538,-11.037],[22.469,-11.122],[22.282,-11.237],[22.165,-10.852],[22.322,-10.742],[22.306,-10.551],[22.274,-10.503],[22.313,-10.369],[22.203,-10.131],[22.16,-9.931],[21.998,-9.809],[21.854,-9.618],[21.793,-9.394],[21.841,-9.276],[21.86,-8.846],[21.885,-8.782],[21.936,-8.413],[21.851,-8.143],[21.758,-8.015],[21.77,-7.807],[21.854,-7.586],[21.842,-7.37],[21.785,-7.283],[20.521,-7.286],[20.524,-7.143],[20.611,-6.916],[20.331,-6.917],[20.294,-7.002],[20,-7.002],[20,-17.886],[20.243,-17.883],[20.336,-17.855],[20.565,-17.985],[20.737,-17.993],[20.806,-18.031],[21.093,-17.938],[21.217,-17.931],[21.406,-18.009],[22.481,-17.811],[23.382,-17.641]]]},"properties":{"kind":"country","name":"Angola"}},{"type":"Feature","geometry":{"type":"Polygon","coordinates":[[[51.215,24.626],[51.284,24.663],[51.382,24.635],[51.444,24.68],[51.5,24.855],[51.587,24.953],[51.617,25.137],[51.59,25.284],[51.513,25.308],[51.519,25.426],[51.472,25.521],[51.553,25.653],[51.577,25.881],[51.512,25.946],[51.388,25.967],[51.347,26.105],[51.251,26.16],[51.047,26.053],[50.902,25.79],[50.876,25.632],[50.778,25.527],[50.751,25.42],[50.776,25.092],[50.851,24.891],[50.808,24.747],[50.881,24.636],[50.979,24.568],[51.095,24.56],[51.215,24.626]]]},"properties":{"kind":"country","name":"Qatar"}},{"type":"Feature","geometry":{"type":"MultiPolygon","coordinates":[[[[51.215,24.626],[51.095,24.56],[50.979,24.568],[50.881,24.636],[50.808,24.747],[50.737,24.782],[50.726,24.882],[50.662,24.98],[50.562,25.055],[50.525,25.293],[50.463,25.447],[50.348,25.482],[50.234,25.615],[50.118,25.868],[50.101,25.989],[49.976,26.14],[50.158,26.102],[50.216,26.215],[50.192,26.404],[50.031,26.495],[49.984,26.708],[50.069,26.729],[49.942,26.858],[49.872,26.862],[49.699,26.958],[49.516,27.188],[49.317,27.224],[49.305,27.326],[49.161,27.427],[49.24,27.545],[49.089,27.551],[48.969,27.62],[48.873,27.612],[48.785,27.745],[48.878,27.837],[48.744,27.961],[48.601,28.148],[48.618,28.217],[48.535,28.299],[48.495,28.5],[48.433,28.54],[47.668,28.534],[47.597,28.609],[47.494,28.904],[47.434,28.995],[46.532,29.096],[46.357,29.063],[44.717,29.193],[44.692,29.202],[42.859,30.495],[42.075,31.08],[40.48,31.893],[40.37,31.938],[40.029,31.994],[39.146,32.118],[38.963,31.994],[37.95,31.744],[36.96,31.491],[37.48,31.007],[37.981,30.499],[37.671,30.348],[37.635,30.313],[37.47,29.995],[36.756,29.866],[36.705,29.831],[36.477,29.495],[36.069,29.2],[36.016,29.19],[34.949,29.352],[34.853,29.045],[34.836,28.816],[34.778,28.665],[34.804,28.527],[34.627,28.161],[34.647,28.093],[34.794,28.111],[34.931,28.086],[35.052,28.12],[35.323,27.876],[35.492,27.632],[35.56,27.456],[35.813,27.191],[35.832,27.093],[35.977,26.948],[36.098,26.754],[36.23,26.626],[36.383,26.335],[36.537,26.082],[36.696,26.022],[36.663,25.856],[36.725,25.754],[36.817,25.758],[36.936,25.646],[37.105,25.322],[37.23,25.194],[37.28,24.964],[37.257,24.871],[37.149,24.851],[37.457,24.441],[37.429,24.367],[37.586,24.247],[37.676,24.291],[37.866,24.15],[38.079,24.07],[38.185,23.976],[38.365,23.87],[38.453,23.784],[38.495,23.645],[38.6,23.568],[38.711,23.236],[38.806,23.093],[38.814,22.983],[38.894,22.965],[38.965,22.87],[38.958,22.775],[39.082,22.547],[39.082,22.436],[39.143,22.391],[39.04,22.236],[38.979,21.862],[39.079,21.706],[39.12,21.517],[39.171,21.404],[39.081,21.315],[39.17,21.191],[39.297,20.928],[39.506,20.746],[39.493,20.706],[39.646,20.462],[39.76,20.351],[39.923,20.264],[40.068,20.287],[40.268,20.125],[40.523,19.972],[40.629,19.792],[40.725,19.789],[40.791,19.714],[40.785,19.596],[40.945,19.506],[40.956,19.343],[41.009,19.304],[41.069,19.125],[41.177,19.067],[41.137,18.958],[41.171,18.872],[41.249,18.834],[41.21,18.698],[41.267,18.601],[41.356,18.569],[41.438,18.464],[41.451,18.356],[41.594,18.096],[41.719,17.909],[41.869,17.821],[42.094,17.652],[42.302,17.454],[42.339,17.174],[42.438,17.065],[42.544,17.004],[42.542,16.878],[42.636,16.815],[42.737,16.671],[42.725,16.566],[42.788,16.472],[42.789,16.371],[42.872,16.402],[42.917,16.484],[43.036,16.536],[43.085,16.673],[43.163,16.662],[43.209,16.773],[43.109,16.927],[43.118,17.086],[43.165,17.326],[43.391,17.512],[43.503,17.513],[43.62,17.459],[43.751,17.346],[44.104,17.352],[44.404,17.419],[44.562,17.404],[44.646,17.432],[45.165,17.428],[45.43,17.312],[46.323,17.224],[46.71,17.275],[46.747,17.255],[46.97,16.957],[47.191,16.959],[47.428,17.092],[47.458,17.131],[47.589,17.463],[48.162,18.149],[49.036,18.58],[49.129,18.612],[51.979,18.996],[54.978,19.995],[55.638,21.979],[55.627,22.024],[55.187,22.704],[55.105,22.621],[52.583,22.931],[52.538,22.955],[51.594,24.078],[51.569,24.256],[51.413,24.323],[51.282,24.303],[51.302,24.517],[51.215,24.626]]],[[[42.186,16.691],[42.104,16.792],[42.041,16.802],[41.976,16.664],[42.186,16.691]]]]},"properties":{"kind":"country","name":"Saudi Arabia"}},{"type":"Feature","geometry":{"type":"Polygon","coordinates":[[[26.923,-20],[26.731,-19.936],[26.596,-19.856],[26.566,-19.801],[26.312,-19.651],[26.293,-19.572],[26.13,-19.501],[26.034,-19.244],[25.957,-19.122],[25.941,-18.921],[25.815,-18.814],[25.762,-18.63],[25.67,-18.566],[25.508,-18.399],[25.388,-18.139],[25.296,-18.069],[25.226,-17.932],[25.26,-17.794],[25.154,-17.782],[25.057,-17.828],[24.958,-17.801],[24.725,-17.896],[24.578,-18.044],[24.506,-18.06],[24.422,-17.956],[24.296,-18.026],[24.183,-18.029],[24.057,-18.119],[23.645,-18.466],[23.579,-18.468],[23.502,-18.237],[23.36,-18.119],[23.311,-18.01],[22.981,-18.02],[21.476,-18.3],[20.975,-18.319],[20.978,-20],[26.923,-20]]]},"properties":{"kind":"country","name":"Botswana"}},{"type":"Feature","geometry":{"type":"Polygon","coordinates":[[[30.396,-15.636],[30.207,-15.653],[30.13,-15.624],[30.011,-15.646],[29.837,-15.615],[29.508,-15.704],[29.407,-15.714],[29.186,-15.813],[29.042,-15.946],[28.932,-15.964],[28.871,-16.087],[28.823,-16.471],[28.733,-16.558],[28.643,-16.569],[28.28,-16.707],[28.114,-16.828],[27.869,-16.93],[27.777,-17.001],[27.641,-17.198],[27.577,-17.363],[27.157,-17.769],[27.149,-17.842],[27.048,-17.944],[26.888,-17.985],[26.712,-18.066],[26.409,-17.939],[26.203,-17.887],[25.979,-17.999],[25.864,-17.972],[25.85,-17.907],[25.681,-17.811],[25.496,-17.855],[25.336,-17.841],[25.26,-17.794],[25.226,-17.932],[25.296,-18.069],[25.388,-18.139],[25.508,-18.399],[25.67,-18.566],[25.762,-18.63],[25.815,-18.814],[25.941,-18.921],[25.957,-19.122],[26.034,-19.244],[26.13,-19.501],[26.293,-19.572],[26.312,-19.651],[26.566,-19.801],[26.596,-19.856],[26.731,-19.936],[26.923,-20],[32.998,-20],[33.033,-19.784],[32.816,-19.652],[32.825,-19.479],[32.769,-19.364],[32.829,-19.285],[32.862,-19.118],[32.82,-19.028],[32.691,-19.014],[32.691,-18.834],[32.885,-18.788],[32.92,-18.726],[32.871,-18.536],[32.996,-18.467],[33.035,-18.333],[32.952,-18.233],[32.937,-18.047],[32.957,-17.818],[32.999,-17.794],[33.007,-17.581],[32.958,-17.478],[33.022,-17.361],[32.973,-17.298],[32.954,-17.167],[32.829,-16.935],[32.933,-16.816],[32.893,-16.712],[32.699,-16.687],[32.672,-16.6],[32.29,-16.452],[31.91,-16.429],[31.86,-16.341],[31.686,-16.207],[31.405,-16.162],[31.26,-16.023],[31.114,-15.997],[30.973,-16.062],[30.857,-15.998],[30.403,-16.001],[30.396,-15.636]]]},"properties":{"kind":"country","name":"Zimbabwe"}},{"type":"Feature","geometry":{"type":"Polygon","coordinates":[[[22.917,41.336],[23.115,41.313],[23.288,41.398],[23.612,41.371],[24.047,41.526],[24.251,41.563],[24.287,41.518],[24.51,41.562],[24.596,41.43],[24.719,41.396],[24.886,41.401],[25.286,41.239],[25.551,41.316],[25.691,41.298],[25.811,41.341],[25.882,41.304],[26.121,41.358],[26.164,41.518],[26.048,41.689],[26.234,41.746],[26.333,41.713],[26.376,41.817],[26.526,41.824],[26.624,41.969],[26.737,41.959],[26.939,41.996],[27.023,42.074],[27.174,42.057],[27.273,42.092],[27.533,41.908],[27.609,41.953],[27.808,41.993],[28.017,41.973],[27.987,42.072],[27.904,42.12],[27.751,42.277],[27.692,42.428],[27.473,42.462],[27.511,42.553],[27.634,42.564],[27.628,42.629],[27.743,42.716],[27.892,42.711],[27.885,43.009],[27.944,43.157],[28.092,43.364],[28.157,43.408],[28.322,43.428],[28.459,43.381],[28.56,43.454],[28.604,43.538],[28.578,43.741],[28.435,43.735],[28.221,43.762],[27.981,43.849],[27.912,43.993],[27.722,43.949],[27.656,44.024],[27.384,44.015],[27.251,44.122],[27.027,44.177],[26.789,44.116],[26.311,44.053],[26.151,44.012],[25.934,43.87],[25.781,43.732],[25.557,43.67],[25.36,43.654],[25.252,43.705],[24.964,43.75],[24.706,43.744],[24.5,43.799],[24.358,43.76],[24.159,43.753],[23.8,43.818],[23.593,43.837],[23.485,43.881],[23.325,43.887],[23.132,43.848],[22.92,43.834],[22.851,43.897],[22.886,43.995],[23.023,44.032],[23.031,44.093],[22.906,44.123],[22.692,44.228],[22.609,44.176],[22.593,44.064],[22.4,43.993],[22.349,43.808],[22.473,43.636],[22.519,43.474],[22.805,43.329],[22.916,43.212],[22.935,43.086],[22.776,42.98],[22.727,42.887],[22.506,42.87],[22.427,42.814],[22.481,42.74],[22.43,42.571],[22.525,42.508],[22.509,42.405],[22.424,42.326],[22.345,42.313],[22.531,42.129],[22.725,42.042],[22.844,42.014],[22.881,41.873],[23.01,41.716],[22.934,41.585],[22.946,41.453],[22.917,41.336]]]},"properties":{"kind":"country","name":"Bulgaria"}},{"type":"Feature","geometry":{"type":"MultiPolygon","coordinates":[[[[102.073,6.258],[101.772,6.501],[101.566,6.832],[101.385,6.905],[101.244,6.902],[101.191,6.862],[100.998,6.857],[100.85,6.962],[100.765,6.983],[100.611,7.193],[100.486,7.14],[100.396,7.211],[100.37,7.333],[100.303,7.343],[100.185,7.514],[100.143,7.7],[100.211,7.781],[100.307,7.758],[100.323,7.616],[100.44,7.477],[100.303,8.119],[100.271,8.317],[100.22,8.449],[100.104,8.418],[99.959,8.638],[99.916,9.102],[99.854,9.295],[99.689,9.316],[99.521,9.27],[99.475,9.201],[99.255,9.232],[99.23,9.32],[99.324,9.392],[99.181,9.643],[99.145,9.788],[99.168,9.844],[99.16,10.128],[99.201,10.211],[99.158,10.303],[99.234,10.344],[99.245,10.535],[99.512,10.902],[99.494,11.115],[99.586,11.195],[99.569,11.334],[99.642,11.523],[99.752,11.71],[99.817,11.741],[99.855,11.968],[99.955,12.072],[100.02,12.193],[99.982,12.28],[100.011,12.383],[99.961,12.625],[99.988,12.79],[100.104,13.057],[100.074,13.153],[99.967,13.259],[100.039,13.403],[100.237,13.477],[100.65,13.52],[100.951,13.468],[100.981,13.359],[100.912,13.294],[100.945,13.201],[100.878,13.098],[100.933,13.026],[100.869,12.906],[100.918,12.826],[100.837,12.708],[100.926,12.619],[101.088,12.681],[101.443,12.625],[101.642,12.651],[101.686,12.702],[101.83,12.673],[101.961,12.537],[102.072,12.489],[102.228,12.324],[102.296,12.19],[102.474,12.149],[102.572,12.091],[102.632,12.152],[102.75,12.04],[102.777,11.903],[102.907,11.741],[102.914,11.646],[102.914,11.766],[102.7,12.139],[102.715,12.342],[102.765,12.416],[102.559,12.631],[102.486,12.661],[102.504,12.8],[102.473,13.006],[102.382,13.137],[102.328,13.275],[102.332,13.565],[102.513,13.567],[102.574,13.694],[102.699,13.762],[102.773,13.936],[102.87,14.021],[102.919,14.185],[103.085,14.296],[103.274,14.351],[103.457,14.374],[103.55,14.422],[103.87,14.343],[104.001,14.345],[104.247,14.401],[104.462,14.357],[104.595,14.41],[104.772,14.44],[104.974,14.381],[104.976,14.301],[105.101,14.231],[105.184,14.346],[105.416,14.428],[105.51,14.594],[105.489,14.786],[105.534,14.934],[105.584,14.978],[105.444,15.134],[105.564,15.273],[105.486,15.375],[105.588,15.424],[105.651,15.635],[105.613,15.721],[105.448,15.765],[105.373,15.882],[105.405,16.019],[105.237,16.051],[105.042,16.141],[105.015,16.277],[104.908,16.353],[104.869,16.438],[104.755,16.529],[104.778,16.716],[104.745,17.025],[104.81,17.172],[104.816,17.373],[104.715,17.515],[104.481,17.64],[104.353,17.819],[104.288,17.857],[104.211,18.009],[104.111,18.115],[104,18.318],[103.832,18.321],[103.607,18.4],[103.397,18.441],[103.261,18.4],[103.139,18.167],[103.08,18.135],[103.038,17.991],[102.939,18.009],[102.722,17.882],[102.596,17.85],[102.568,17.971],[102.412,17.994],[102.307,18.051],[102.154,18.21],[102.079,18.214],[101.904,18.037],[101.79,18.074],[101.729,17.912],[101.578,17.868],[101.556,17.792],[101.456,17.75],[101.247,17.592],[101.132,17.462],[100.902,17.562],[101.008,17.895],[101.165,18.053],[101.128,18.246],[101.146,18.336],[101.03,18.428],[101.24,18.674],[101.211,18.712],[101.233,18.893],[101.318,19.05],[101.229,19.144],[101.193,19.453],[101.246,19.57],[101.125,19.565],[100.974,19.613],[100.875,19.613],[100.746,19.485],[100.607,19.541],[100.462,19.537],[100.384,19.764],[100.474,19.865],[100.543,20.067],[100.364,20.369],[100.307,20.4],[100.117,20.248],[100.099,20.318],[99.942,20.444],[99.838,20.417],[99.77,20.328],[99.652,20.307],[99.503,20.345],[99.51,20.154],[99.441,20.102],[99.296,20.062],[99.117,20.118],[99.017,20.041],[99.009,19.846],[98.884,19.745],[98.808,19.807],[98.641,19.745],[98.533,19.676],[98.218,19.708],[98.111,19.777],[98.018,19.789],[98.008,19.639],[97.84,19.555],[97.849,19.494],[97.767,19.398],[97.806,19.301],[97.811,19.112],[97.658,18.926],[97.719,18.865],[97.752,18.582],[97.438,18.488],[97.453,18.334],[97.561,18.328],[97.684,18.146],[97.754,17.969],[97.686,17.881],[97.769,17.679],[97.983,17.505],[98.101,17.303],[98.221,17.201],[98.313,17.052],[98.436,17.012],[98.509,16.893],[98.457,16.723],[98.547,16.62],[98.632,16.463],[98.682,16.273],[98.789,16.375],[98.903,16.363],[98.884,16.259],[98.807,16.111],[98.659,16.116],[98.584,15.977],[98.543,15.735],[98.56,15.355],[98.403,15.36],[98.385,15.256],[98.283,15.29],[98.165,15.126],[98.243,14.805],[98.418,14.608],[98.548,14.378],[98.754,14.2],[98.945,14.069],[99.092,13.864],[99.153,13.715],[99.152,13.582],[99.188,13.427],[99.19,13.23],[99.102,13.171],[99.093,13.038],[99.151,12.995],[99.214,12.735],[99.394,12.59],[99.387,12.466],[99.457,12.256],[99.466,12.126],[99.574,11.976],[99.554,11.895],[99.63,11.816],[99.531,11.631],[99.441,11.597],[99.428,11.497],[99.243,11.198],[99.213,11.108],[99.002,10.958],[98.974,10.824],[98.905,10.814],[98.767,10.689],[98.791,10.52],[98.747,10.351],[98.72,10.228],[98.6,9.948],[98.513,9.837],[98.544,9.706],[98.472,9.621],[98.383,9.317],[98.327,9.204],[98.382,9.072],[98.224,8.735],[98.24,8.651],[98.199,8.534],[98.278,8.241],[98.425,8.148],[98.463,8.216],[98.446,8.325],[98.599,8.375],[98.703,8.299],[98.744,8.215],[98.747,8.068],[98.829,8.007],[98.918,8.051],[99.056,7.847],[99.033,7.723],[99.138,7.744],[99.293,7.621],[99.366,7.336],[99.471,7.28],[99.525,7.311],[99.584,7.156],[99.693,7.116],[99.686,6.877],[99.797,6.822],[99.957,6.664],[100.001,6.567],[100.127,6.442],[100.167,6.695],[100.281,6.689],[100.318,6.577],[100.387,6.522],[100.648,6.447],[100.713,6.493],[100.806,6.415],[100.822,6.26],[100.974,6.273],[101.082,6.246],[101.053,6.135],[101.094,6.086],[101.071,5.92],[101.015,5.898],[100.967,5.781],[101.105,5.638],[101.225,5.699],[101.249,5.787],[101.535,5.906],[101.65,5.783],[101.8,5.74],[101.913,5.859],[101.959,6.012],[102.06,6.095],[102.073,6.258]]],[[[98.422,7.908],[98.438,8.066],[98.281,8.192],[98.268,7.89],[98.398,7.815],[98.422,7.908]]],[[[100.076,9.585],[99.926,9.566],[99.956,9.422],[100.061,9.464],[100.076,9.585]]],[[[102.407,12.036],[102.311,12.146],[102.294,11.995],[102.407,12.036]]]]},"properties":{"kind":"country","name":"Thailand"}},{"type":"Feature","geometry":{"type":"Polygon","coordinates":[[[23.981,19.496],[20,21.462],[20,9.105],[20.069,9.138],[20.359,9.116],[20.435,9.138],[20.496,9.271],[20.826,9.418],[20.996,9.648],[21.017,9.744],[21.093,9.774],[21.257,9.976],[21.374,9.973],[21.485,10.164],[21.545,10.22],[21.656,10.234],[21.719,10.297],[21.751,10.412],[21.705,10.572],[21.723,10.637],[21.864,10.668],[22.004,10.743],[22.049,10.837],[22.176,10.816],[22.253,10.915],[22.46,11.001],[22.72,10.965],[22.861,10.919],[22.956,11.209],[22.915,11.396],[22.782,11.399],[22.743,11.466],[22.628,11.51],[22.537,11.681],[22.593,11.989],[22.481,12.044],[22.481,12.177],[22.373,12.463],[22.446,12.611],[22.205,12.743],[22.059,12.637],[21.936,12.64],[21.809,12.794],[21.935,13.059],[22.016,13.14],[22.14,13.194],[22.268,13.335],[22.196,13.58],[22.132,13.639],[22.074,13.771],[22.244,13.975],[22.531,14.123],[22.532,14.221],[22.441,14.25],[22.425,14.47],[22.364,14.544],[22.465,14.629],[22.666,14.682],[22.651,14.816],[22.739,14.98],[22.906,15.113],[22.966,15.224],[22.966,15.405],[22.907,15.481],[22.926,15.564],[23.095,15.704],[23.321,15.681],[23.593,15.749],[23.984,15.721],[23.981,19.496]]]},"properties":{"kind":"country","name":"Chad"}},{"type":"Feature","geometry":{"type":"MultiPolygon","coordinates":[[[[48.433,28.54],[48.329,28.76],[48.158,29.017],[48.106,29.214],[48.1,29.35],[47.986,29.394],[47.899,29.335],[47.837,29.388],[47.849,29.502],[47.966,29.576],[48.181,29.562],[48.079,29.744],[48.022,29.78],[47.948,29.994],[47.674,30.098],[47.358,30.092],[47.197,30.034],[47.11,29.961],[46.958,29.62],[46.853,29.445],[46.712,29.271],[46.532,29.096],[47.434,28.995],[47.494,28.904],[47.597,28.609],[47.668,28.534],[48.433,28.54]]],[[[48.334,29.679],[48.344,29.791],[48.189,29.984],[48.159,29.879],[48.046,29.8],[48.186,29.604],[48.334,29.679]]]]},"properties":{"kind":"country","name":"Kuwait"}},{"type":"Feature","geometry":{"type":"MultiPolygon","coordinates":[[[[124.03,-9.342],[124.121,-9.427],[124.197,-9.373],[124.31,-9.489],[124.348,-9.375],[124.432,-9.291],[124.451,-9.18],[124.191,-9.255],[124.03,-9.342]]],[[[125.062,-9.486],[125.197,-9.425],[125.379,-9.281],[125.609,-9.186],[125.679,-9.193],[125.85,-9.124],[125.947,-9.126],[126.166,-8.988],[126.43,-8.955],[126.508,-8.912],[126.583,-8.806],[126.694,-8.763],[126.846,-8.753],[127.009,-8.677],[127.303,-8.432],[127.186,-8.332],[127.07,-8.358],[126.967,-8.309],[126.842,-8.391],[126.72,-8.413],[126.549,-8.487],[126.412,-8.419],[126.24,-8.495],[126.069,-8.522],[125.898,-8.481],[125.631,-8.522],[125.144,-8.631],[125.1,-8.778],[124.92,-8.962],[124.948,-9.079],[125.052,-9.035],[125.162,-9.061],[125.143,-9.189],[124.974,-9.192],[125.062,-9.486]]]]},"properties":{"kind":"country","name":"Timor-Leste"}},{"type":"Feature","geometry":{"type":"MultiPolygon","coordinates":[[[[115.03,4.821],[115.035,4.621],[115.113,4.382],[115.324,4.315],[115.344,4.372],[115.272,4.475],[115.273,4.637],[115.207,4.826],[115.146,4.909],[115.03,4.821]]],[[[113.999,4.601],[114.246,4.481],[114.297,4.317],[114.42,4.26],[114.477,4.145],[114.587,4.021],[114.675,4.044],[114.767,4.132],[114.836,4.357],[114.782,4.498],[114.752,4.739],[114.982,4.889],[115.058,5.054],[114.928,5.001],[114.723,4.876],[114.529,4.694],[114.252,4.593],[113.999,4.601]]]]},"properties":{"kind":"country","name":"Brunei"}},{"type":"Feature","geometry":{"type":"MultiPolygon","coordinates":[[[[30.396,-15.636],[30.403,-16.001],[30.857,-15.998],[30.973,-16.062],[31.114,-15.997],[31.26,-16.023],[31.405,-16.162],[31.686,-16.207],[31.86,-16.341],[31.91,-16.429],[32.29,-16.452],[32.672,-16.6],[32.699,-16.687],[32.893,-16.712],[32.933,-16.816],[32.829,-16.935],[32.954,-17.167],[32.973,-17.298],[33.022,-17.361],[32.958,-17.478],[33.007,-17.581],[32.999,-17.794],[32.957,-17.818],[32.937,-18.047],[32.952,-18.233],[33.035,-18.333],[32.996,-18.467],[32.871,-18.536],[32.92,-18.726],[32.885,-18.788],[32.691,-18.834],[32.691,-19.014],[32.82,-19.028],[32.862,-19.118],[32.829,-19.285],[32.769,-19.364],[32.825,-19.479],[32.816,-19.652],[33.033,-19.784],[32.998,-20],[34.764,-20],[34.758,-19.869],[34.88,-19.863],[35.127,-19.705],[35.442,-19.418],[35.723,-19.082],[36.031,-18.906],[36.244,-18.883],[36.295,-18.78],[36.416,-18.775],[36.417,-18.689],[36.552,-18.486],[36.632,-18.438],[36.836,-18.219],[36.887,-18.189],[37.086,-17.869],[37.212,-17.745],[37.361,-17.65],[37.909,-17.355],[38.04,-17.328],[38.595,-17.094],[38.875,-17.046],[39.091,-16.984],[39.204,-16.817],[39.698,-16.532],[39.801,-16.368],[39.813,-16.277],[39.992,-16.222],[40.105,-16.064],[40.165,-15.916],[40.364,-15.715],[40.426,-15.615],[40.573,-15.505],[40.682,-15.233],[40.581,-15.203],[40.533,-15.121],[40.712,-15.073],[40.671,-14.977],[40.835,-14.802],[40.811,-14.613],[40.843,-14.464],[40.761,-14.404],[40.746,-14.271],[40.696,-14.183],[40.61,-14.139],[40.651,-14.032],[40.543,-13.659],[40.583,-13.587],[40.527,-13.511],[40.568,-13.367],[40.561,-13.099],[40.589,-12.958],[40.56,-12.814],[40.647,-12.755],[40.48,-12.484],[40.532,-12.391],[40.492,-12.25],[40.537,-11.997],[40.429,-11.642],[40.471,-11.417],[40.384,-11.315],[40.507,-11.187],[40.552,-11.074],[40.496,-10.956],[40.602,-10.82],[40.485,-10.762],[40.57,-10.697],[40.532,-10.509],[40.437,-10.475],[40.008,-10.811],[39.76,-10.943],[39.483,-10.999],[39.287,-11.154],[39.126,-11.14],[38.896,-11.168],[38.76,-11.263],[38.654,-11.276],[38.492,-11.413],[38.348,-11.359],[38.257,-11.277],[38.071,-11.256],[37.875,-11.319],[37.784,-11.559],[37.648,-11.636],[37.428,-11.723],[37.331,-11.682],[37.227,-11.694],[37.106,-11.658],[37.044,-11.596],[36.82,-11.574],[36.747,-11.666],[36.563,-11.731],[36.495,-11.681],[36.2,-11.702],[36.168,-11.579],[35.94,-11.434],[35.826,-11.413],[35.696,-11.495],[35.655,-11.578],[34.965,-11.574],[34.651,-11.57],[34.607,-11.591],[34.604,-11.733],[34.564,-11.831],[34.38,-12.104],[34.354,-12.199],[34.494,-12.687],[34.549,-13.159],[34.545,-13.326],[34.641,-13.492],[34.795,-13.499],[34.894,-13.535],[35.084,-13.704],[35.456,-14.137],[35.523,-14.263],[35.853,-14.667],[35.863,-14.877],[35.904,-14.887],[35.785,-15.195],[35.841,-15.417],[35.796,-16.005],[35.698,-16.107],[35.529,-16.141],[35.375,-16.141],[35.259,-16.272],[35.266,-16.356],[35.214,-16.484],[35.132,-16.538],[35.174,-16.625],[35.278,-16.701],[35.276,-16.955],[35.305,-17.104],[35.235,-17.135],[35.081,-17.124],[35.037,-17.036],[35.113,-16.96],[35.096,-16.817],[35.005,-16.815],[34.732,-16.529],[34.655,-16.489],[34.525,-16.301],[34.446,-16.293],[34.385,-16.186],[34.388,-16.037],[34.233,-15.89],[34.247,-15.794],[34.404,-15.647],[34.41,-15.481],[34.569,-15.271],[34.549,-15.058],[34.584,-14.984],[34.506,-14.7],[34.502,-14.576],[34.344,-14.387],[34.078,-14.455],[34.051,-14.495],[33.889,-14.488],[33.774,-14.53],[33.72,-14.49],[33.604,-14.524],[33.439,-14.381],[33.291,-14.157],[33.28,-14.061],[33.203,-14.014],[32.227,-14.339],[31.658,-14.52],[31.411,-14.634],[30.816,-14.768],[30.486,-14.886],[30.318,-14.967],[30.214,-14.981],[30.226,-15.106],[30.288,-15.279],[30.369,-15.375],[30.396,-15.636]]],[[[39.944,-16.279],[39.821,-16.317],[39.903,-16.41],[39.944,-16.279]]]]},"properties":{"kind":"country","name":"Mozambique"}},{"type":"Feature","geometry":{"type":"Polygon","coordinates":[[[29.404,-4.45],[29.728,-4.462],[29.8,-4.364],[29.9,-4.346],[30.003,-4.272],[30.15,-4.087],[30.209,-3.93],[30.38,-3.686],[30.469,-3.513],[30.613,-3.445],[30.641,-3.333],[30.8,-3.275],[30.832,-3.173],[30.719,-2.99],[30.547,-2.9],[30.493,-2.941],[30.416,-2.852],[30.451,-2.742],[30.416,-2.646],[30.555,-2.401],[30.379,-2.303],[30.279,-2.358],[30.207,-2.339],[30.139,-2.431],[29.932,-2.317],[29.903,-2.649],[29.824,-2.763],[29.698,-2.808],[29.619,-2.788],[29.504,-2.827],[29.34,-2.826],[29.307,-2.66],[29.13,-2.597],[29.033,-2.621],[29.015,-2.721],[29.09,-2.926],[29.235,-3.047],[29.207,-3.335],[29.225,-3.589],[29.215,-3.9],[29.339,-4.093],[29.404,-4.45]]]},"properties":{"kind":"country","name":"Burundi"}},{"type":"Feature","geometry":{"type":"Polygon","coordinates":[[[29.578,-1.388],[29.435,-1.507],[29.358,-1.51],[29.245,-1.641],[29.149,-1.799],[29.128,-1.916],[29.151,-2.15],[29.11,-2.237],[28.983,-2.287],[28.859,-2.418],[28.891,-2.653],[29.015,-2.721],[29.033,-2.621],[29.13,-2.597],[29.307,-2.66],[29.34,-2.826],[29.504,-2.827],[29.619,-2.788],[29.698,-2.808],[29.824,-2.763],[29.903,-2.649],[29.932,-2.317],[30.139,-2.431],[30.207,-2.339],[30.279,-2.358],[30.379,-2.303],[30.555,-2.401],[30.675,-2.352],[30.834,-2.345],[30.888,-2.083],[30.83,-1.961],[30.831,-1.594],[30.733,-1.476],[30.738,-1.407],[30.555,-1.318],[30.472,-1.067],[30.353,-1.061],[30.257,-1.217],[30.147,-1.345],[29.96,-1.465],[29.898,-1.47],[29.836,-1.329],[29.578,-1.388]]]},"properties":{"kind":"country","name":"Rwanda"}},{"type":"Feature","geometry":{"type":"MultiPolygon","coordinates":[[[[93.303,24.036],[93.356,23.907],[93.375,23.739],[93.432,23.647],[93.384,23.313],[93.375,23.13],[93.299,23.018],[93.197,23.054],[93.138,23.005],[93.176,22.882],[93.08,22.773],[93.099,22.512],[93.166,22.387],[93.142,22.187],[93.025,22.202],[92.967,22.063],[92.854,22.024],[92.708,22.148],[92.651,22.019],[92.576,21.978],[92.59,21.496],[92.643,21.298],[92.559,21.26],[92.525,21.361],[92.423,21.364],[92.323,21.462],[92.236,21.417],[92.184,21.317],[92.175,21.176],[92.265,21.061],[92.381,20.7],[92.454,20.669],[92.54,20.528],[92.653,20.418],[92.832,20.479],[92.901,20.308],[92.772,20.201],[92.86,20.125],[92.936,20.212],[92.976,20.088],[93.049,19.995],[93.148,19.994],[93.375,20.089],[93.414,19.978],[93.566,19.917],[93.708,19.917],[93.601,19.783],[93.694,19.725],[93.74,19.617],[93.915,19.473],[93.987,19.387],[93.93,19.3],[93.797,19.235],[93.665,19.306],[93.611,19.403],[93.484,19.393],[93.498,19.314],[93.75,18.97],[93.93,18.859],[93.974,18.923],[93.955,19.127],[94.033,19.205],[94.066,19.043],[94.053,18.841],[94.134,18.847],[94.212,18.742],[94.28,18.48],[94.39,18.363],[94.397,18.291],[94.495,18.049],[94.447,17.973],[94.502,17.787],[94.595,17.615],[94.554,17.544],[94.573,17.311],[94.512,17.275],[94.511,17.169],[94.457,17.051],[94.465,16.95],[94.379,16.887],[94.403,16.788],[94.331,16.529],[94.273,16.538],[94.215,16.158],[94.24,15.976],[94.34,15.996],[94.507,16.19],[94.516,16.287],[94.644,16.284],[94.684,16.209],[94.642,16.045],[94.562,15.962],[94.659,15.854],[94.721,15.857],[94.84,15.962],[94.859,15.783],[94.976,15.764],[95.115,15.894],[95.174,15.778],[95.396,15.716],[95.523,15.804],[95.665,15.949],[95.756,16.145],[95.98,16.223],[96.068,16.31],[96.285,16.366],[96.336,16.439],[96.616,16.518],[96.801,16.737],[96.911,17.025],[96.849,17.213],[96.911,17.285],[97.069,17.251],[97.1,17.134],[97.199,16.997],[97.183,16.922],[97.255,16.698],[97.337,16.632],[97.403,16.517],[97.548,16.538],[97.652,16.507],[97.627,16.438],[97.65,16.284],[97.582,16.009],[97.727,15.843],[97.743,15.604],[97.795,15.408],[97.726,15.34],[97.807,15.175],[97.795,14.88],[97.843,14.736],[97.976,14.444],[97.994,14.331],[98.109,14.133],[98.062,14.01],[98.103,13.876],[98.103,13.701],[98.16,13.69],[98.199,13.869],[98.299,13.671],[98.432,13.479],[98.48,13.284],[98.578,13.187],[98.584,13.027],[98.691,12.71],[98.623,12.558],[98.605,12.429],[98.677,12.315],[98.552,12.28],[98.703,12.048],[98.72,11.964],[98.61,11.731],[98.684,11.683],[98.768,11.762],[98.698,11.388],[98.759,11.269],[98.707,11.098],[98.712,10.924],[98.634,10.914],[98.577,10.77],[98.459,10.715],[98.528,10.364],[98.491,10.204],[98.521,10.029],[98.59,10.042],[98.747,10.351],[98.791,10.52],[98.767,10.689],[98.905,10.814],[98.974,10.824],[99.002,10.958],[99.213,11.108],[99.243,11.198],[99.428,11.497],[99.441,11.597],[99.531,11.631],[99.63,11.816],[99.554,11.895],[99.574,11.976],[99.466,12.126],[99.457,12.256],[99.387,12.466],[99.394,12.59],[99.214,12.735],[99.151,12.995],[99.093,13.038],[99.102,13.171],[99.19,13.23],[99.188,13.427],[99.152,13.582],[99.153,13.715],[99.092,13.864],[98.945,14.069],[98.754,14.2],[98.548,14.378],[98.418,14.608],[98.243,14.805],[98.165,15.126],[98.283,15.29],[98.385,15.256],[98.403,15.36],[98.56,15.355],[98.543,15.735],[98.584,15.977],[98.659,16.116],[98.807,16.111],[98.884,16.259],[98.903,16.363],[98.789,16.375],[98.682,16.273],[98.632,16.463],[98.547,16.62],[98.457,16.723],[98.509,16.893],[98.436,17.012],[98.313,17.052],[98.221,17.201],[98.101,17.303],[97.983,17.505],[97.769,17.679],[97.686,17.881],[97.754,17.969],[97.684,18.146],[97.561,18.328],[97.453,18.334],[97.438,18.488],[97.752,18.582],[97.719,18.865],[97.658,18.926],[97.811,19.112],[97.806,19.301],[97.767,19.398],[97.849,19.494],[97.84,19.555],[98.008,19.639],[98.018,19.789],[98.111,19.777],[98.218,19.708],[98.533,19.676],[98.641,19.745],[98.808,19.807],[98.884,19.745],[99.009,19.846],[99.017,20.041],[99.117,20.118],[99.296,20.062],[99.441,20.102],[99.51,20.154],[99.503,20.345],[99.652,20.307],[99.77,20.328],[99.838,20.417],[99.942,20.444],[100.099,20.318],[100.149,20.548],[100.211,20.697],[100.384,20.832],[100.537,20.808],[100.516,20.886],[100.543,21.027],[100.638,21.07],[100.725,21.312],[100.792,21.297],[101.003,21.406],[101.159,21.553],[101.174,21.612],[101.069,21.762],[100.797,21.626],[100.622,21.469],[100.457,21.455],[100.327,21.524],[100.187,21.428],[100.09,21.529],[100.121,21.674],[99.95,21.721],[99.92,21.852],[99.966,21.963],[99.942,22.046],[99.821,22.018],[99.739,22.067],[99.439,22.124],[99.365,22.099],[99.166,22.132],[99.166,22.205],[99.283,22.412],[99.358,22.495],[99.355,22.609],[99.308,22.72],[99.414,22.857],[99.43,22.937],[99.535,22.949],[99.478,23.066],[99.351,23.119],[99.217,23.057],[99.075,23.102],[99.026,23.16],[98.859,23.179],[98.911,23.298],[98.876,23.446],[98.781,23.533],[98.857,23.604],[98.778,23.769],[98.664,23.797],[98.663,23.97],[98.856,24.084],[98.867,24.143],[98.585,24.076],[98.503,24.121],[98.331,24.099],[98.182,24.119],[97.89,24.023],[97.637,23.864],[97.516,23.943],[97.708,24.125],[97.718,24.278],[97.64,24.439],[97.52,24.431],[97.536,24.745],[97.664,24.83],[97.748,24.826],[97.703,24.96],[97.738,25.091],[97.824,25.262],[97.889,25.206],[98.045,25.312],[98.108,25.389],[98.099,25.493],[98.15,25.613],[98.333,25.567],[98.461,25.795],[98.509,25.838],[98.61,25.801],[98.692,25.879],[98.582,25.982],[98.546,26.106],[98.706,26.175],[98.658,26.312],[98.717,26.409],[98.756,26.625],[98.736,26.907],[98.673,27.176],[98.704,27.304],[98.674,27.387],[98.679,27.577],[98.564,27.604],[98.41,27.684],[98.383,27.556],[98.295,27.537],[98.204,27.727],[98.177,27.898],[98.107,27.973],[98.119,28.141],[97.898,28.355],[97.74,28.383],[97.7,28.488],[97.528,28.53],[97.445,28.383],[97.437,28.286],[97.323,28.217],[97.307,28.07],[97.355,28.023],[97.334,27.894],[97.223,27.9],[97.06,27.75],[96.87,27.619],[96.905,27.408],[97.135,27.127],[97.027,27.091],[96.865,27.172],[96.86,27.241],[96.759,27.342],[96.587,27.354],[96.511,27.292],[96.408,27.298],[96.143,27.258],[96.013,27.191],[95.889,27.027],[95.778,26.995],[95.591,26.824],[95.49,26.811],[95.393,26.692],[95.247,26.649],[95.119,26.604],[95.043,26.46],[95.046,26.248],[95.14,26.03],[95.001,25.922],[95.009,25.737],[94.961,25.718],[94.851,25.563],[94.65,25.447],[94.55,25.245],[94.577,25.174],[94.689,25.139],[94.709,25.026],[94.59,24.747],[94.516,24.705],[94.411,24.546],[94.29,24.317],[94.19,23.995],[94.1,23.843],[93.998,23.917],[93.804,23.936],[93.743,23.995],[93.612,24.009],[93.457,23.96],[93.368,24.078],[93.303,24.036]]],[[[98.292,11.799],[98.188,11.535],[98.275,11.481],[98.323,11.731],[98.292,11.799]]],[[[98.544,11.799],[98.382,11.776],[98.442,11.564],[98.549,11.622],[98.544,11.799]]],[[[98.642,11.958],[98.44,12.015],[98.478,11.891],[98.642,11.958]]],[[[98.471,12.556],[98.406,12.639],[98.303,12.599],[98.334,12.512],[98.302,12.338],[98.391,12.362],[98.471,12.556]]],[[[94.667,16.172],[94.612,16.222],[94.485,16.059],[94.39,16.001],[94.409,15.907],[94.58,16.013],[94.667,16.172]]],[[[97.589,16.4],[97.606,16.484],[97.521,16.511],[97.452,16.449],[97.459,16.301],[97.571,16.223],[97.589,16.4]]],[[[93.748,18.788],[93.742,18.872],[93.622,18.91],[93.498,18.841],[93.645,18.679],[93.747,18.709],[93.748,18.788]]],[[[93.974,19.403],[93.88,19.479],[93.82,19.472],[93.731,19.554],[93.642,19.492],[93.774,19.299],[93.857,19.279],[93.974,19.403]]]]},"properties":{"kind":"country","name":"Myanmar"}},{"type":"Feature","geometry":{"type":"MultiPolygon","coordinates":[[[[92.265,21.061],[92.175,21.176],[92.184,21.317],[92.236,21.417],[92.323,21.462],[92.423,21.364],[92.525,21.361],[92.559,21.26],[92.643,21.298],[92.59,21.496],[92.576,21.978],[92.537,22.129],[92.577,22.169],[92.496,22.696],[92.379,22.9],[92.328,23.171],[92.357,23.289],[92.253,23.609],[92.26,23.703],[92.151,23.732],[92.004,23.647],[91.914,23.688],[91.941,23.495],[91.792,23.368],[91.744,23.272],[91.796,23.089],[91.695,22.988],[91.537,22.982],[91.464,23.184],[91.301,23.142],[91.227,23.469],[91.141,23.612],[91.142,23.74],[91.195,23.755],[91.216,23.908],[91.363,24.1],[91.597,24.105],[91.81,24.215],[91.865,24.151],[91.95,24.375],[92.108,24.406],[92.15,24.542],[92.234,24.778],[92.252,24.903],[92.381,24.837],[92.484,24.928],[92.385,25.005],[92.304,25.074],[92.002,25.183],[91.73,25.167],[91.662,25.127],[91.566,25.16],[91.471,25.134],[91.236,25.202],[90.822,25.142],[90.738,25.169],[90.365,25.15],[90.13,25.212],[89.908,25.297],[89.835,25.282],[89.809,25.44],[89.834,25.635],[89.783,25.814],[89.83,25.908],[89.707,26.154],[89.658,26.187],[89.542,25.96],[89.481,25.999],[89.351,25.997],[89.132,26.134],[89.044,26.381],[88.95,26.437],[88.892,26.369],[88.903,26.273],[88.808,26.233],[88.656,26.415],[88.353,26.579],[88.314,26.482],[88.461,26.454],[88.495,26.378],[88.367,26.313],[88.309,26.206],[88.164,26.14],[88.074,25.908],[88.128,25.775],[88.227,25.804],[88.419,25.654],[88.424,25.592],[88.53,25.5],[88.645,25.467],[88.772,25.502],[88.842,25.333],[88.975,25.303],[88.899,25.169],[88.784,25.161],[88.599,25.193],[88.431,25.173],[88.426,25.051],[88.314,24.868],[88.202,24.945],[88.022,24.646],[88.139,24.495],[88.401,24.369],[88.475,24.315],[88.738,24.287],[88.732,24.19],[88.674,24.083],[88.725,24.029],[88.714,23.925],[88.594,23.867],[88.54,23.65],[88.719,23.468],[88.686,23.293],[88.71,23.241],[88.84,23.235],[88.955,23.184],[88.851,23.075],[88.843,22.965],[88.945,22.848],[88.908,22.741],[88.99,22.387],[89.062,22.212],[89.06,22.13],[89.105,21.816],[89.19,21.791],[89.269,21.654],[89.323,21.855],[89.395,21.716],[89.466,21.781],[89.668,21.751],[89.726,21.829],[89.887,21.9],[89.836,22.049],[89.874,22.109],[89.839,22.268],[89.88,22.288],[89.934,21.998],[90.052,21.989],[90.024,21.862],[90.185,21.801],[90.273,21.857],[90.332,22.038],[90.46,22.092],[90.613,22.315],[90.607,22.466],[90.513,22.611],[90.49,22.72],[90.406,22.763],[90.507,22.942],[90.466,23.077],[90.599,23.117],[90.569,23.295],[90.428,23.326],[90.259,23.445],[90.599,23.391],[90.667,23.268],[90.627,23.087],[90.717,22.941],[90.774,22.778],[90.955,22.576],[91.203,22.543],[91.325,22.726],[91.456,22.785],[91.676,22.535],[91.744,22.411],[91.772,22.26],[91.855,22.109],[91.916,21.862],[91.909,21.781],[92.022,21.599],[91.96,21.424],[92.045,21.3],[92.053,21.155],[92.193,20.996],[92.265,21.061]]],[[[91.939,21.715],[91.848,21.689],[91.871,21.548],[91.961,21.506],[91.984,21.609],[91.939,21.715]]],[[[91.156,22.332],[91.075,22.389],[91.063,22.09],[91.187,22.228],[91.156,22.332]]],[[[91.556,22.478],[91.468,22.586],[91.424,22.525],[91.508,22.397],[91.556,22.478]]],[[[90.835,22.458],[90.767,22.518],[90.651,22.787],[90.579,22.757],[90.559,22.603],[90.647,22.548],[90.688,22.378],[90.604,22.044],[90.658,21.993],[90.775,22.076],[90.836,22.178],[90.835,22.458]]],[[[90.664,22.829],[90.592,22.882],[90.466,22.852],[90.532,22.769],[90.664,22.829]]]]},"properties":{"kind":"country","name":"Bangladesh"}},{"type":"Feature","geometry":{"type":"Polygon","coordinates":[[[73.712,36.894],[73.947,36.831],[74.094,36.831],[74.394,36.994],[74.542,37.022],[74.414,37.108],[74.487,37.226],[74.623,37.231],[74.721,37.298],[74.783,37.22],[74.892,37.231],[74.789,37.331],[74.66,37.394],[74.53,37.376],[74.224,37.403],[74.163,37.33],[73.72,37.218],[73.675,37.431],[73.485,37.481],[73.276,37.459],[73.068,37.315],[72.996,37.309],[72.761,37.187],[72.658,37.029],[72.406,37.008],[72.26,36.967],[71.837,36.699],[71.749,36.679],[71.611,36.705],[71.463,36.948],[71.431,37.067],[71.487,37.267],[71.497,37.567],[71.59,37.816],[71.598,37.898],[71.501,37.946],[71.341,37.893],[71.256,37.95],[71.365,38.207],[71.334,38.281],[71.218,38.326],[70.974,38.474],[70.761,38.444],[70.596,38.338],[70.483,38.137],[70.165,37.89],[70.24,37.828],[70.283,37.705],[70.158,37.541],[70.017,37.546],[69.895,37.618],[69.802,37.582],[69.529,37.586],[69.378,37.437],[69.408,37.177],[69.246,37.104],[69.124,37.169],[68.965,37.329],[68.669,37.278],[68.627,37.206],[68.307,37.114],[68.278,37.01],[68.186,37.018],[68.011,36.931],[67.878,37.064],[67.785,37.097],[67.781,37.189],[67.633,37.254],[67.482,37.277],[67.391,37.22],[67.237,37.192],[67.006,37.384],[66.735,37.363],[66.52,37.364],[66.461,37.324],[66.294,37.331],[66.08,37.441],[65.855,37.508],[65.804,37.565],[65.669,37.521],[65.624,37.345],[65.501,37.242],[65.063,37.233],[64.808,37.136],[64.76,37.093],[64.779,36.938],[64.592,36.621],[64.606,36.461],[64.577,36.39],[64.445,36.25],[64.337,36.226],[64.266,36.152],[64.123,36.146],[64.036,36.076],[63.766,35.977],[63.602,35.963],[63.511,35.902],[63.343,35.856],[63.125,35.86],[63.112,35.77],[63.18,35.666],[63.077,35.625],[63.08,35.437],[62.918,35.388],[62.621,35.223],[62.399,35.256],[62.302,35.148],[62.219,35.306],[62.034,35.424],[61.919,35.452],[61.799,35.417],[61.539,35.452],[61.393,35.554],[61.344,35.631],[61.27,35.618],[61.29,35.548],[61.19,35.37],[61.108,35.278],[61.116,35.06],[61.065,34.815],[60.96,34.723],[60.948,34.638],[60.714,34.537],[60.89,34.319],[60.644,34.307],[60.521,34.186],[60.487,34.094],[60.528,33.841],[60.487,33.711],[60.512,33.638],[60.656,33.56],[60.88,33.549],[60.819,33.405],[60.757,33.366],[60.568,33.151],[60.578,32.994],[60.83,32.249],[60.809,32.071],[60.775,32.027],[60.805,31.734],[60.793,31.66],[60.855,31.483],[61.661,31.382],[61.749,31.302],[61.826,31.035],[61.785,30.831],[60.844,29.858],[60.876,29.846],[62.374,29.425],[62.478,29.408],[63.569,29.497],[63.972,29.43],[64.086,29.387],[64.173,29.484],[64.478,29.57],[64.82,29.568],[65.036,29.54],[66.196,29.835],[66.341,29.957],[66.225,30.044],[66.301,30.226],[66.322,30.437],[66.268,30.601],[66.366,30.923],[66.55,30.977],[66.663,31.083],[66.697,31.196],[66.943,31.315],[67.023,31.239],[67.346,31.208],[67.602,31.271],[67.749,31.328],[67.77,31.395],[67.597,31.426],[67.569,31.53],[67.727,31.531],[67.871,31.635],[68.047,31.688],[68.159,31.826],[68.255,31.766],[68.356,31.763],[68.527,31.823],[68.676,31.775],[68.777,31.619],[69.004,31.651],[69.114,31.738],[69.299,31.938],[69.251,32.131],[69.264,32.322],[69.228,32.421],[69.282,32.533],[69.361,32.568],[69.429,32.667],[69.387,32.785],[69.477,32.857],[69.469,32.994],[69.548,33.075],[69.772,33.115],[69.881,33.089],[70.125,33.199],[70.294,33.319],[70.286,33.383],[70.155,33.507],[70.17,33.639],[70.108,33.727],[69.958,33.753],[69.841,33.942],[69.889,34.031],[70.003,34.044],[70.328,33.957],[70.522,33.939],[70.862,33.965],[71.047,34.042],[71.102,34.152],[71.122,34.357],[70.971,34.469],[71.066,34.558],[71.081,34.673],[71.203,34.748],[71.289,34.875],[71.46,34.943],[71.509,35.072],[71.634,35.203],[71.53,35.301],[71.622,35.43],[71.593,35.549],[71.483,35.627],[71.52,35.684],[71.342,35.947],[71.171,36.027],[71.223,36.125],[71.382,36.219],[71.629,36.46],[71.736,36.396],[71.794,36.491],[71.875,36.499],[72.05,36.619],[72.172,36.654],[72.214,36.726],[72.454,36.758],[72.565,36.821],[72.868,36.83],[73.192,36.877],[73.712,36.894]]]},"properties":{"kind":"country","name":"Afghanistan"}},{"type":"Feature","geometry":{"type":"Polygon","coordinates":[[[20.065,42.547],[20.104,42.653],[20.076,42.773],[20.345,42.827],[20.337,42.907],[20.117,42.977],[20,43.058],[20,42.529],[20.065,42.547]]]},"properties":{"kind":"country","name":"Montenegro"}},{"type":"Feature","geometry":{"type":"Polygon","coordinates":[[[29.578,-1.388],[29.836,-1.329],[29.898,-1.47],[29.96,-1.465],[30.147,-1.345],[30.257,-1.217],[30.353,-1.061],[30.472,-1.067],[30.639,-1.073],[30.777,-0.986],[30.828,-1.003],[33.904,-1.003],[33.895,-0.663],[33.954,-0.154],[33.894,0.11],[34.088,0.367],[34.132,0.573],[34.276,0.681],[34.307,0.768],[34.388,0.816],[34.507,1.103],[34.684,1.209],[34.798,1.232],[34.779,1.389],[34.979,1.676],[34.968,2.102],[34.866,2.348],[34.924,2.477],[34.876,2.591],[34.819,2.598],[34.73,2.853],[34.641,2.86],[34.575,2.946],[34.546,3.097],[34.434,3.182],[34.382,3.466],[34.435,3.526],[34.44,3.668],[34.337,3.735],[34.279,3.71],[34.061,4.008],[34.069,4.088],[33.977,4.22],[33.533,3.774],[33.447,3.744],[33.195,3.757],[33.017,3.877],[32.756,3.769],[32.372,3.731],[32.188,3.619],[32.175,3.521],[32.03,3.586],[31.944,3.591],[31.916,3.68],[31.781,3.816],[31.669,3.705],[31.505,3.66],[31.295,3.774],[31.141,3.785],[30.944,3.679],[30.84,3.49],[30.91,3.393],[30.804,3.246],[30.745,3.036],[30.855,2.893],[30.739,2.603],[30.725,2.441],[30.795,2.44],[30.872,2.332],[30.985,2.395],[31.055,2.29],[31.178,2.303],[31.19,2.222],[31.267,2.173],[31.243,2.051],[31.026,1.778],[30.682,1.5],[30.478,1.239],[30.239,1.136],[30.221,1.017],[30.145,0.903],[30.038,0.879],[29.928,0.785],[29.94,0.498],[29.833,0.337],[29.801,0.172],[29.712,0.1],[29.629,-0.442],[29.602,-0.744],[29.611,-0.864],[29.556,-0.919],[29.581,-1.235],[29.578,-1.388]]]},"properties":{"kind":"country","name":"Uganda"}},{"type":"Feature","geometry":{"type":"Polygon","coordinates":[[[28.199,45.462],[28.271,45.522],[28.481,45.502],[28.523,45.593],[28.504,45.694],[28.577,45.762],[28.738,45.838],[28.758,45.961],[28.932,45.993],[28.946,46.105],[29.015,46.183],[28.934,46.259],[28.946,46.455],[29.163,46.538],[29.207,46.503],[29.201,46.357],[29.475,46.432],[29.599,46.363],[29.727,46.456],[29.848,46.341],[29.919,46.374],[30.081,46.374],[29.995,46.499],[29.916,46.519],[29.953,46.725],[29.931,46.803],[29.844,46.854],[29.559,46.946],[29.603,47.046],[29.551,47.09],[29.54,47.213],[29.579,47.284],[29.481,47.338],[29.41,47.28],[29.233,47.446],[29.164,47.439],[29.117,47.533],[29.182,47.613],[29.187,47.783],[29.233,47.857],[29.124,47.976],[28.95,47.935],[28.833,48.025],[28.799,48.112],[28.574,48.155],[28.447,48.083],[28.368,48.231],[28.2,48.212],[28.056,48.321],[27.926,48.339],[27.752,48.452],[27.504,48.472],[27.42,48.417],[27.342,48.436],[27.176,48.362],[27.026,48.397],[26.943,48.351],[26.843,48.394],[26.618,48.259],[26.805,48.258],[26.938,48.205],[27.048,48.122],[27.272,47.715],[27.428,47.581],[27.473,47.492],[27.563,47.468],[27.572,47.375],[27.723,47.283],[27.807,47.145],[28.037,47.016],[28.122,46.834],[28.234,46.662],[28.219,46.504],[28.247,46.436],[28.178,46.287],[28.086,46.001],[28.125,45.918],[28.168,45.632],[28.141,45.56],[28.199,45.462]]]},"properties":{"kind":"country","name":"Moldova"}},{"type":"Feature","geometry":{"type":"Polygon","coordinates":[[[53.914,37.343],[54.187,37.324],[54.364,37.363],[54.533,37.441],[54.617,37.433],[54.784,37.517],[54.787,37.652],[54.857,37.761],[55.007,37.843],[55.13,37.952],[55.22,37.97],[55.423,38.076],[55.709,38.119],[55.978,38.066],[56.3,38.08],[56.297,38.166],[56.436,38.255],[56.585,38.235],[56.739,38.27],[56.828,38.225],[57.038,38.187],[57.164,38.276],[57.218,38.265],[57.344,38.081],[57.352,37.968],[57.496,37.922],[57.691,37.92],[58.181,37.775],[58.207,37.679],[58.372,37.63],[58.514,37.691],[58.704,37.645],[58.861,37.668],[59.046,37.62],[59.212,37.516],[59.352,37.494],[59.37,37.319],[59.509,37.19],[59.797,37.112],[59.9,37.051],[60.019,37.026],[60.133,36.873],[60.342,36.637],[61.075,36.648],[61.186,36.578],[61.152,36.406],[61.223,36.118],[61.174,36.006],[61.247,35.876],[61.232,35.672],[61.27,35.618],[61.344,35.631],[61.393,35.554],[61.539,35.452],[61.799,35.417],[61.919,35.452],[62.034,35.424],[62.219,35.306],[62.302,35.148],[62.399,35.256],[62.621,35.223],[62.918,35.388],[63.08,35.437],[63.077,35.625],[63.18,35.666],[63.112,35.77],[63.125,35.86],[63.343,35.856],[63.511,35.902],[63.602,35.963],[63.766,35.977],[64.036,36.076],[64.123,36.146],[64.266,36.152],[64.337,36.226],[64.445,36.25],[64.577,36.39],[64.606,36.461],[64.592,36.621],[64.779,36.938],[64.76,37.093],[64.808,37.136],[65.063,37.233],[65.501,37.242],[65.624,37.345],[65.669,37.521],[65.804,37.565],[65.855,37.508],[66.08,37.441],[66.294,37.331],[66.461,37.324],[66.52,37.364],[66.547,37.451],[66.493,37.522],[66.519,37.783],[66.646,37.946],[66.554,38.027],[66.307,38.08],[66.231,38.149],[65.877,38.273],[65.74,38.224],[65.604,38.237],[65.205,38.45],[64.978,38.612],[64.635,38.744],[64.424,38.883],[64.337,38.971],[64.121,38.962],[63.709,39.191],[63.478,39.403],[62.593,39.89],[62.453,40.009],[62.44,40.173],[62.353,40.43],[62.192,40.499],[62.045,40.715],[61.983,40.886],[61.971,41.015],[61.878,41.125],[61.654,41.249],[61.47,41.297],[61.281,41.157],[61.1,41.224],[60.978,41.203],[60.86,41.253],[60.659,41.244],[60.538,41.213],[60.415,41.235],[60.3,41.31],[60.094,41.39],[60.072,41.514],[60.156,41.603],[60.049,41.753],[60.102,41.795],[60.241,41.808],[60.089,41.919],[59.984,41.949],[59.974,42.099],[60.028,42.2],[59.866,42.304],[59.69,42.31],[59.478,42.286],[59.245,42.365],[59.21,42.478],[59.122,42.538],[59.039,42.52],[58.894,42.548],[58.612,42.781],[58.493,42.645],[58.283,42.689],[58.146,42.593],[58.306,42.529],[58.226,42.467],[57.998,42.493],[57.909,42.43],[57.936,42.37],[57.85,42.191],[57.62,42.148],[57.382,42.164],[57.208,42.071],[57.116,41.952],[56.95,41.866],[56.96,41.647],[57.02,41.466],[57.154,41.372],[57.01,41.254],[56.793,41.288],[55.978,41.322],[55.877,41.325],[55.635,41.264],[55.43,41.291],[55.357,41.389],[55.228,41.473],[55.1,41.644],[54.951,41.796],[54.907,41.932],[54.738,42.048],[54.195,42.318],[54.047,42.345],[53.412,42.258],[52.979,42.127],[52.765,41.994],[52.438,41.749],[52.595,41.634],[52.562,41.519],[52.816,41.389],[52.899,41.566],[52.904,41.69],[52.821,41.765],[52.96,41.984],[53.164,42.104],[53.297,42.079],[53.375,42.106],[53.682,42.144],[53.897,42.079],[53.932,41.884],[54.02,41.732],[54.041,41.535],[54.089,41.475],[54.312,41.338],[54.6,41.192],[54.76,40.965],[54.64,40.839],[54.475,40.81],[54.466,40.866],[54.313,40.924],[54.266,40.848],[54.311,40.731],[54.171,40.73],[54.011,40.658],[53.721,40.626],[53.725,40.688],[53.587,40.892],[53.542,40.762],[53.384,40.778],[53.107,40.774],[52.958,41.016],[52.886,40.865],[52.863,40.658],[52.737,40.485],[52.699,40.274],[52.768,40.154],[52.738,40.054],[52.884,39.945],[53.172,39.997],[53.29,39.942],[53.437,40.003],[53.567,39.95],[53.43,39.763],[53.533,39.632],[53.646,39.608],[53.634,39.495],[53.577,39.468],[53.447,39.531],[53.254,39.521],[53.211,39.55],[53.095,39.42],[53.17,39.272],[53.219,39.364],[53.394,39.317],[53.581,39.33],[53.569,39.246],[53.636,39.139],[53.767,39.031],[53.871,39.028],[53.971,38.934],[53.91,38.738],[53.863,38.679],[53.827,38.525],[53.863,38.381],[53.859,38.206],[53.807,38.032],[53.825,37.745],[53.9,37.468],[53.914,37.343]]]},"properties":{"kind":"country","name":"Turkmenistan"}},{"type":"Feature","geometry":{"type":"Polygon","coordinates":[[[38.775,33.372],[38.057,32.994],[37.133,32.495],[36.819,32.317],[36.373,32.386],[36.177,32.527],[36.07,32.517],[35.896,32.713],[35.74,32.741],[35.612,32.682],[35.574,32.573],[35.561,32.385],[35.573,32.238],[35.523,32.058],[35.559,31.765],[35.48,31.641],[35.458,31.492],[35.396,31.258],[35.438,31.104],[35.385,30.963],[35.205,30.617],[35.14,30.43],[35.16,30.348],[35.145,30.155],[35.086,30.034],[35.049,29.842],[34.956,29.559],[34.997,29.534],[34.949,29.352],[36.016,29.19],[36.069,29.2],[36.477,29.495],[36.705,29.831],[36.756,29.866],[37.47,29.995],[37.635,30.313],[37.671,30.348],[37.981,30.499],[37.48,31.007],[36.96,31.491],[37.95,31.744],[38.963,31.994],[39.146,32.118],[39.292,32.245],[39.236,32.353],[39.046,32.308],[38.979,32.476],[39.057,32.497],[38.775,33.372]]]},"properties":{"kind":"country","name":"Jordan"}},{"type":"Feature","geometry":{"type":"Polygon","coordinates":[[[88.005,27.249],[88.035,27.323],[88.023,27.495],[88.16,27.774],[88.118,27.861],[87.826,27.907],[87.727,27.808],[87.532,27.837],[87.387,27.804],[87.156,27.826],[87.031,27.938],[86.893,27.954],[86.84,28.015],[86.74,28.021],[86.662,28.107],[86.544,28.093],[86.497,27.938],[86.439,27.911],[86.203,28.003],[86.156,28.157],[86.069,28.077],[86.113,27.927],[85.98,27.885],[85.848,28.159],[85.757,28.203],[85.675,28.306],[85.612,28.251],[85.432,28.297],[85.345,28.261],[85.08,28.319],[85.078,28.436],[85.168,28.583],[85.055,28.639],[84.919,28.536],[84.799,28.547],[84.678,28.604],[84.607,28.698],[84.451,28.734],[84.354,28.861],[84.235,28.9],[84.231,29.026],[84.175,29.057],[84.099,29.247],[83.946,29.292],[83.72,29.234],[83.656,29.161],[83.517,29.192],[83.328,29.485],[83.162,29.625],[83.054,29.586],[82.976,29.664],[82.837,29.66],[82.542,29.923],[82.394,30.003],[82.145,30.069],[82.156,30.181],[82.096,30.213],[82.089,30.33],[81.779,30.358],[81.592,30.414],[81.483,30.332],[81.388,30.374],[81.357,30.174],[81.278,30.132],[81.195,30.004],[81.098,30.017],[80.996,30.197],[80.836,30.17],[80.83,30.117],[80.654,29.971],[80.571,29.947],[80.476,29.806],[80.369,29.758],[80.385,29.605],[80.214,29.417],[80.279,29.268],[80.233,29.139],[80.133,29.11],[80.099,28.977],[80.034,28.916],[80.073,28.821],[80.233,28.733],[80.35,28.62],[80.498,28.67],[80.648,28.62],[80.782,28.515],[81,28.397],[81.146,28.372],[81.307,28.124],[81.396,28.161],[81.458,28.077],[81.615,27.981],[81.883,27.849],[81.976,27.917],[82.052,27.905],[82.402,27.677],[82.652,27.704],[82.752,27.495],[83.01,27.443],[83.133,27.444],[83.305,27.332],[83.361,27.462],[83.59,27.457],[83.853,27.346],[83.854,27.441],[84.029,27.454],[84.08,27.51],[84.226,27.44],[84.289,27.376],[84.577,27.329],[84.658,27.203],[84.64,27.028],[84.802,27.014],[84.924,26.956],[85.044,26.844],[85.162,26.851],[85.195,26.759],[85.287,26.737],[85.599,26.854],[85.688,26.812],[85.713,26.653],[85.822,26.572],[86.011,26.654],[86.203,26.585],[86.301,26.609],[86.714,26.415],[86.796,26.432],[87.041,26.58],[87.083,26.432],[87.219,26.408],[87.326,26.353],[87.384,26.419],[87.587,26.378],[87.769,26.451],[87.871,26.461],[87.975,26.367],[88.074,26.454],[88.087,26.539],[88.169,26.744],[88.155,26.846],[88.077,26.992],[87.971,27.103],[88.005,27.249]]]},"properties":{"kind":"country","name":"Nepal"}},{"type":"Feature","geometry":{"type":"Polygon","coordinates":[[[74.119,35.111],[73.924,35.199],[73.776,35.235],[73.689,35.307],[73.758,35.527],[73.41,35.548],[73.135,35.715],[73.15,35.832],[73.085,35.877],[72.872,35.874],[72.792,35.838],[72.516,35.904],[72.588,36.013],[72.529,36.103],[72.565,36.23],[72.692,36.271],[72.981,36.471],[73.094,36.603],[73.078,36.701],[73.416,36.752],[73.673,36.705],[73.802,36.728],[73.869,36.785],[73.72,36.851],[73.712,36.894],[73.192,36.877],[72.868,36.83],[72.565,36.821],[72.454,36.758],[72.214,36.726],[72.172,36.654],[72.05,36.619],[71.875,36.499],[71.794,36.491],[71.736,36.396],[71.629,36.46],[71.382,36.219],[71.223,36.125],[71.171,36.027],[71.342,35.947],[71.52,35.684],[71.483,35.627],[71.593,35.549],[71.622,35.43],[71.53,35.301],[71.634,35.203],[71.509,35.072],[71.46,34.943],[71.289,34.875],[71.203,34.748],[71.081,34.673],[71.066,34.558],[70.971,34.469],[71.122,34.357],[71.102,34.152],[71.047,34.042],[70.862,33.965],[70.522,33.939],[70.328,33.957],[70.003,34.044],[69.889,34.031],[69.841,33.942],[69.958,33.753],[70.108,33.727],[70.17,33.639],[70.155,33.507],[70.286,33.383],[70.294,33.319],[70.125,33.199],[69.881,33.089],[69.772,33.115],[69.548,33.075],[69.469,32.994],[69.477,32.857],[69.387,32.785],[69.429,32.667],[69.361,32.568],[69.282,32.533],[69.228,32.421],[69.264,32.322],[69.251,32.131],[69.299,31.938],[69.114,31.738],[69.004,31.651],[68.777,31.619],[68.676,31.775],[68.527,31.823],[68.356,31.763],[68.255,31.766],[68.159,31.826],[68.047,31.688],[67.871,31.635],[67.727,31.531],[67.569,31.53],[67.597,31.426],[67.77,31.395],[67.749,31.328],[67.602,31.271],[67.346,31.208],[67.023,31.239],[66.943,31.315],[66.697,31.196],[66.663,31.083],[66.55,30.977],[66.366,30.923],[66.268,30.601],[66.322,30.437],[66.301,30.226],[66.225,30.044],[66.341,29.957],[66.196,29.835],[65.036,29.54],[64.82,29.568],[64.478,29.57],[64.173,29.484],[64.086,29.387],[63.972,29.43],[63.569,29.497],[62.478,29.408],[62.374,29.425],[60.876,29.846],[60.844,29.858],[61.279,29.407],[61.337,29.374],[61.342,29.255],[61.488,29.081],[61.567,28.871],[61.653,28.756],[61.893,28.543],[62.049,28.486],[62.363,28.419],[62.576,28.229],[62.739,28.258],[62.766,28.211],[62.736,27.995],[62.78,27.83],[62.815,27.495],[62.756,27.348],[62.801,27.225],[62.92,27.215],[63.167,27.259],[63.252,27.219],[63.23,27.054],[63.265,26.89],[63.182,26.83],[63.141,26.625],[62.754,26.644],[62.595,26.581],[62.428,26.565],[62.292,26.501],[62.243,26.351],[62.124,26.374],[62.094,26.315],[61.857,26.242],[61.81,26.167],[61.76,25.838],[61.66,25.769],[61.62,25.285],[61.588,25.202],[61.784,25.173],[61.732,25.092],[61.755,25.013],[61.881,25.103],[62.076,25.101],[62.08,25.197],[62.254,25.212],[62.366,25.179],[62.477,25.259],[62.771,25.262],[63.028,25.22],[63.178,25.258],[63.5,25.194],[63.485,25.284],[63.573,25.365],[63.805,25.375],[63.944,25.335],[64.067,25.346],[64.361,25.283],[64.439,25.235],[64.518,25.276],[64.663,25.229],[64.719,25.314],[64.807,25.329],[65.155,25.296],[65.232,25.371],[65.395,25.392],[65.672,25.347],[65.858,25.418],[66.252,25.473],[66.437,25.598],[66.587,25.426],[66.561,25.35],[66.718,25.231],[66.68,24.831],[66.965,24.844],[67.176,24.758],[67.15,24.635],[67.247,24.468],[67.3,24.186],[67.354,24.071],[67.441,24.07],[67.521,23.907],[67.632,23.803],[67.803,23.813],[67.865,23.866],[68.102,23.734],[68.183,23.842],[68.252,23.905],[68.432,23.967],[68.724,23.965],[68.726,24.289],[68.89,24.319],[68.963,24.257],[69.048,24.285],[69.148,24.257],[69.281,24.284],[69.563,24.277],[69.671,24.189],[69.769,24.163],[69.972,24.165],[70.052,24.202],[70.11,24.305],[70.243,24.331],[70.521,24.425],[70.56,24.287],[70.622,24.241],[70.755,24.231],[70.918,24.362],[70.997,24.357],[70.955,24.585],[71.057,24.693],[70.893,25.002],[70.86,25.139],[70.723,25.287],[70.647,25.431],[70.657,25.634],[70.592,25.709],[70.477,25.676],[70.265,25.697],[70.115,25.882],[70.065,25.98],[70.078,26.1],[70.132,26.18],[70.161,26.371],[70.158,26.53],[70.056,26.589],[69.816,26.58],[69.659,26.678],[69.504,26.735],[69.465,26.808],[69.508,27.05],[69.576,27.188],[69.848,27.41],[70.017,27.601],[70.091,27.794],[70.342,28.011],[70.456,28.04],[70.633,27.932],[70.71,27.741],[70.832,27.701],[71.151,27.822],[71.311,27.862],[71.561,27.869],[71.861,27.95],[71.892,28.097],[71.988,28.228],[72.15,28.354],[72.256,28.646],[72.382,28.784],[72.902,29.023],[73.051,29.228],[73.233,29.537],[73.37,29.927],[73.558,30.013],[73.74,30.048],[73.947,30.204],[73.852,30.373],[73.939,30.426],[74.057,30.592],[74.164,30.665],[74.33,30.9],[74.401,30.893],[74.519,30.962],[74.601,31.057],[74.506,31.175],[74.532,31.303],[74.612,31.44],[74.556,31.612],[74.489,31.711],[74.566,31.841],[74.698,31.95],[74.784,31.943],[74.829,32.025],[74.956,32.032],[75.295,32.149],[75.359,32.262],[75.298,32.332],[75.024,32.466],[74.907,32.445],[74.725,32.461],[74.63,32.588],[74.65,32.723],[74.521,32.745],[73.983,32.969],[73.907,33.03],[73.822,33.013],[73.673,33.085],[73.6,33.247],[73.574,33.387],[73.628,33.452],[73.633,33.557],[73.576,33.626],[73.6,33.709],[73.58,33.91],[73.519,34.008],[73.474,34.269],[73.4,34.376],[73.447,34.558],[73.583,34.588],[73.701,34.756],[73.884,34.811],[74.057,34.933],[74.066,35.046],[74.119,35.111]]]},"properties":{"kind":"country","name":"Pakistan"}},{"type":"Feature","geometry":{"type":"Polygon","coordinates":[[[34.887,29.49],[34.824,29.742],[34.735,30.007],[34.599,30.345],[34.534,30.4],[34.48,30.651],[34.33,30.994],[34.248,31.211],[34.2,31.314],[34.047,31.229],[33.648,31.117],[33.441,31.151],[33.248,31.091],[33.099,31.19],[32.994,31.098],[32.731,31.039],[32.602,31.061],[32.331,31.271],[32.248,31.107],[32.057,31.08],[32.03,31.19],[31.935,31.188],[31.829,31.274],[31.792,31.354],[31.851,31.429],[31.838,31.525],[31.597,31.444],[31.524,31.45],[31.221,31.58],[31.097,31.608],[30.997,31.451],[30.775,31.437],[30.734,31.388],[30.362,31.509],[30.313,31.351],[30.179,31.271],[30.042,31.321],[29.838,31.154],[29.503,30.957],[29.219,30.838],[29.028,30.827],[28.829,30.915],[28.818,30.951],[28.405,31.086],[28.318,31.06],[28.155,31.093],[27.897,31.114],[27.863,31.234],[27.66,31.18],[27.478,31.214],[27.383,31.269],[27.321,31.381],[27.117,31.39],[26.966,31.45],[26.866,31.437],[26.753,31.477],[26.362,31.522],[25.967,31.617],[25.824,31.615],[25.402,31.503],[25.191,31.531],[25.151,31.656],[25.024,31.494],[24.861,31.38],[24.859,31.146],[24.89,31.019],[24.995,30.785],[24.908,30.499],[24.772,30.331],[24.688,30.144],[24.812,29.891],[24.805,29.755],[24.871,29.638],[24.874,29.468],[24.957,29.293],[24.981,29.181],[24.981,21.995],[31.248,21.994],[31.36,22.188],[31.491,22.148],[31.435,21.995],[33.181,21.995],[34.084,21.995],[36.884,21.996],[36.895,22.066],[36.757,22.177],[36.714,22.169],[36.563,22.297],[36.44,22.356],[36.428,22.426],[36.313,22.492],[36.275,22.592],[36.198,22.652],[35.984,22.694],[35.886,22.736],[35.695,22.932],[35.621,23.139],[35.575,23.213],[35.541,23.41],[35.489,23.497],[35.51,23.756],[35.475,23.798],[35.514,23.977],[35.685,23.911],[35.717,23.993],[35.605,24.019],[35.494,24.109],[35.392,24.283],[35.235,24.4],[34.99,24.905],[34.682,25.429],[34.547,25.725],[34.339,26.002],[34.014,26.612],[33.941,26.654],[33.946,26.818],[34.004,26.849],[33.837,27.121],[33.825,27.26],[33.692,27.342],[33.633,27.496],[33.558,27.537],[33.523,27.752],[33.576,27.85],[33.513,27.959],[33.338,28.085],[33.126,28.288],[33.003,28.489],[32.869,28.579],[32.821,28.748],[32.681,28.881],[32.625,28.973],[32.66,29.089],[32.591,29.35],[32.388,29.526],[32.338,29.6],[32.393,29.734],[32.492,29.854],[32.468,29.915],[32.563,29.972],[32.691,29.734],[32.681,29.6],[32.742,29.456],[32.886,29.243],[33.145,29.032],[33.195,28.675],[33.229,28.569],[33.434,28.366],[33.565,28.297],[33.763,28.024],[33.988,27.887],[34.078,27.801],[34.24,27.794],[34.427,27.983],[34.455,28.167],[34.407,28.308],[34.633,28.771],[34.675,29.107],[34.729,29.199],[34.737,29.305],[34.887,29.49]]]},"properties":{"kind":"country","name":"Egypt"}},{"type":"Feature","geometry":{"type":"MultiPolygon","coordinates":[[[[53.09,16.642],[52.802,17.267],[52.73,17.3],[51.979,18.996],[49.129,18.612],[49.036,18.58],[48.162,18.149],[47.589,17.463],[47.458,17.131],[47.428,17.092],[47.191,16.959],[46.97,16.957],[46.747,17.255],[46.71,17.275],[46.323,17.224],[45.43,17.312],[45.165,17.428],[44.646,17.432],[44.562,17.404],[44.404,17.419],[44.104,17.352],[43.751,17.346],[43.62,17.459],[43.503,17.513],[43.391,17.512],[43.165,17.326],[43.118,17.086],[43.109,16.927],[43.209,16.773],[43.163,16.662],[43.085,16.673],[43.036,16.536],[42.917,16.484],[42.872,16.402],[42.789,16.371],[42.843,16.052],[42.82,15.875],[42.699,15.717],[42.719,15.57],[42.774,15.491],[42.803,15.245],[42.864,15.136],[42.887,15.008],[42.937,14.948],[42.942,14.789],[43.029,14.538],[42.994,14.448],[43.096,14.084],[43.233,13.876],[43.281,13.722],[43.254,13.527],[43.249,13.213],[43.473,12.847],[43.462,12.693],[43.588,12.751],[43.909,12.645],[43.946,12.598],[44.191,12.619],[44.433,12.694],[44.543,12.797],[44.694,12.803],[44.868,12.732],[44.945,12.834],[45.023,12.841],[45.194,13.013],[45.403,13.07],[45.494,13.195],[45.666,13.342],[45.941,13.399],[46.235,13.436],[46.313,13.414],[46.701,13.43],[46.912,13.533],[47.167,13.586],[47.398,13.655],[47.667,13.887],[47.867,13.962],[48.017,14.057],[48.14,14.031],[48.189,13.969],[48.338,14.016],[48.469,13.989],[48.565,14.046],[48.681,14.044],[48.853,14.167],[48.887,14.25],[49.004,14.325],[49.078,14.506],[49.578,14.737],[49.942,14.839],[50.042,14.818],[50.18,14.843],[50.554,15.049],[51.07,15.15],[51.368,15.23],[51.549,15.323],[51.655,15.333],[51.68,15.403],[52.047,15.57],[52.228,15.616],[52.224,15.847],[52.156,15.984],[52.217,16.148],[52.293,16.264],[52.42,16.371],[52.598,16.477],[52.851,16.556],[52.985,16.628],[53.09,16.642]]],[[[54.497,12.547],[54.168,12.665],[54.119,12.701],[54.008,12.646],[53.763,12.62],[53.655,12.705],[53.5,12.712],[53.396,12.656],[53.334,12.516],[53.506,12.416],[53.572,12.335],[53.776,12.305],[54.14,12.351],[54.246,12.434],[54.445,12.485],[54.497,12.547]]]]},"properties":{"kind":"country","name":"Yemen"}},{"type":"Feature","geometry":{"type":"Polygon","coordinates":[[[114.082,22.529],[113.999,22.489],[113.914,22.376],[114.111,22.366],[114.182,22.294],[114.278,22.27],[114.278,22.391],[114.338,22.446],[114.23,22.556],[114.082,22.529]]]},"properties":{"kind":"country","name":"Hong Kong"}},{"type":"Feature","geometry":{"type":"Polygon","coordinates":[[[32.761,34.653],[33.016,34.634],[32.832,34.701],[32.761,34.653]]]},"properties":{"kind":"country","name":"Akrotiri"}},{"type":"Feature","geometry":{"type":"Polygon","coordinates":[[[34.084,21.995],[33.181,21.995],[33.558,21.711],[33.866,21.75],[33.999,21.767],[34.084,21.995]]]},"properties":{"kind":"country","name":"Bir Tawil"}},{"type":"Feature","geometry":{"type":"MultiPolygon","coordinates":[[[[119.719,-19.993],[119.718,-20],[140,-20],[140,-17.706],[139.925,-17.621],[139.641,-17.532],[139.439,-17.376],[139.274,-17.348],[139.209,-17.286],[139.142,-17.117],[139.158,-17.033],[139.037,-16.916],[138.753,-16.841],[138.657,-16.78],[138.493,-16.794],[138.184,-16.697],[138.062,-16.613],[137.867,-16.437],[137.746,-16.252],[137.55,-16.172],[137.361,-16.122],[137.25,-16.021],[137.046,-15.922],[136.992,-15.864],[136.907,-15.936],[136.768,-15.901],[136.612,-15.755],[136.417,-15.622],[136.268,-15.545],[136.24,-15.424],[135.952,-15.264],[135.861,-15.176],[135.653,-15.042],[135.551,-15.019],[135.47,-14.948],[135.391,-14.74],[135.523,-14.652],[135.532,-14.581],[135.759,-14.265],[135.903,-14.136],[135.923,-13.96],[135.991,-13.901],[136.005,-13.798],[135.937,-13.75],[135.845,-13.6],[135.883,-13.326],[136.052,-13.245],[136.104,-13.159],[136.177,-13.236],[136.308,-13.163],[136.451,-13.216],[136.567,-13.058],[136.497,-12.975],[136.637,-12.955],[136.49,-12.851],[136.474,-12.792],[136.679,-12.671],[136.745,-12.548],[136.74,-12.476],[136.862,-12.435],[136.949,-12.356],[136.876,-12.223],[136.691,-12.283],[136.591,-12.174],[136.533,-11.993],[136.451,-11.942],[136.3,-12.051],[136.18,-12.188],[136.313,-12.202],[136.364,-12.256],[136.253,-12.441],[136.023,-12.456],[136.026,-12.311],[135.88,-12.152],[135.732,-12.311],[135.65,-12.165],[135.855,-11.989],[135.739,-11.942],[135.571,-11.995],[135.535,-12.081],[135.303,-12.128],[135.258,-12.222],[135.07,-12.26],[134.967,-12.146],[134.861,-12.127],[134.769,-11.948],[134.605,-12.049],[134.382,-12.043],[134.285,-11.968],[134.19,-12.018],[134.132,-11.886],[134.026,-11.846],[133.943,-11.914],[133.844,-11.855],[133.902,-11.739],[133.803,-11.715],[133.622,-11.833],[133.479,-11.791],[133.347,-11.688],[133.261,-11.73],[133.141,-11.675],[133.011,-11.433],[132.911,-11.332],[132.76,-11.492],[132.674,-11.508],[132.475,-11.234],[132.35,-11.146],[132.241,-11.196],[132.188,-11.351],[132.014,-11.14],[131.94,-11.251],[131.856,-11.303],[132.085,-11.518],[132.244,-11.455],[132.37,-11.435],[132.495,-11.476],[132.595,-11.622],[132.696,-11.653],[132.593,-11.784],[132.651,-11.866],[132.627,-12.044],[132.44,-12.155],[132.423,-12.232],[132.269,-12.181],[132.046,-12.307],[131.905,-12.22],[131.784,-12.27],[131.493,-12.298],[131.407,-12.27],[131.328,-12.185],[131.216,-12.215],[131.116,-12.155],[131,-12.171],[131.025,-12.361],[130.898,-12.334],[130.784,-12.435],[130.62,-12.437],[130.579,-12.568],[130.345,-12.695],[130.352,-12.842],[130.247,-12.938],[130.13,-12.941],[130.119,-13.156],[130.273,-13.319],[130.164,-13.433],[129.969,-13.53],[129.838,-13.511],[129.785,-13.676],[129.816,-13.762],[129.715,-13.881],[129.718,-14.016],[129.496,-14.089],[129.493,-14.144],[129.373,-14.329],[129.358,-14.409],[129.585,-14.566],[129.607,-14.672],[129.724,-14.791],[129.646,-14.841],[129.612,-14.943],[129.659,-15.09],[129.598,-15.117],[129.477,-14.934],[129.221,-14.844],[129.263,-15.108],[129.176,-15.059],[129.173,-14.965],[129.051,-14.88],[128.834,-14.84],[128.532,-14.753],[128.403,-14.823],[128.418,-15.04],[128.313,-14.905],[128.196,-15.057],[128.224,-15.26],[128.067,-15.125],[128.175,-14.698],[127.906,-14.497],[127.79,-14.367],[127.666,-14.178],[127.489,-14.058],[127.418,-13.942],[127.322,-13.917],[127.107,-13.953],[127.07,-13.828],[126.953,-13.724],[126.747,-13.792],[126.818,-13.943],[126.701,-14.007],[126.705,-14.118],[126.569,-14.195],[126.501,-13.997],[126.39,-14.005],[126.316,-14.087],[126.345,-14.185],[126.248,-14.223],[126.191,-14.16],[126.15,-13.933],[126.074,-14.026],[126.134,-14.095],[126.141,-14.195],[126.072,-14.227],[126.061,-14.35],[125.986,-14.383],[126.041,-14.509],[125.925,-14.519],[125.744,-14.445],[125.658,-14.36],[125.694,-14.28],[125.585,-14.256],[125.617,-14.401],[125.584,-14.527],[125.466,-14.525],[125.144,-14.728],[125.233,-14.861],[125.204,-14.932],[125.355,-14.994],[125.374,-15.108],[125.311,-15.151],[125.216,-15.058],[125.126,-15.049],[124.908,-15.1],[124.842,-15.141],[124.929,-15.338],[125.038,-15.281],[125.09,-15.347],[125.05,-15.498],[124.92,-15.361],[124.798,-15.292],[124.698,-15.374],[124.63,-15.505],[124.504,-15.467],[124.403,-15.559],[124.378,-15.687],[124.515,-15.97],[124.61,-15.807],[124.59,-16.094],[124.52,-16.176],[124.43,-16.142],[124.378,-16.215],[124.413,-16.338],[124.596,-16.327],[124.592,-16.401],[124.4,-16.353],[124.342,-16.408],[124.223,-16.396],[124.126,-16.272],[123.986,-16.286],[123.835,-16.368],[123.733,-16.259],[123.771,-16.163],[123.595,-16.156],[123.54,-16.265],[123.652,-16.36],[123.654,-16.484],[123.566,-16.616],[123.693,-16.73],[123.768,-16.879],[123.903,-16.859],[123.795,-17],[123.837,-17.132],[123.636,-16.991],[123.58,-17.094],[123.644,-17.185],[123.568,-17.362],[123.554,-17.519],[123.4,-17.329],[123.26,-17.015],[123.143,-16.914],[123.151,-16.808],[122.96,-16.58],[123.007,-16.374],[122.916,-16.416],[122.886,-16.512],[122.759,-16.604],[122.704,-16.787],[122.571,-16.789],[122.464,-16.984],[122.413,-16.973],[122.276,-17.089],[122.28,-17.139],[122.172,-17.261],[122.143,-17.564],[122.205,-17.711],[122.196,-17.945],[122.361,-18],[122.324,-18.151],[122.22,-18.197],[122.022,-18.385],[121.91,-18.464],[121.824,-18.452],[121.774,-18.546],[121.769,-18.657],[121.644,-18.717],[121.643,-18.81],[121.519,-19.07],[121.312,-19.354],[121.194,-19.472],[120.954,-19.634],[120.651,-19.763],[120.238,-19.907],[119.802,-19.966],[119.719,-19.993]]],[[[139.74,-16.455],[139.604,-16.398],[139.288,-16.471],[139.222,-16.526],[139.137,-16.697],[139.302,-16.725],[139.445,-16.665],[139.467,-16.567],[139.553,-16.483],[139.611,-16.553],[139.708,-16.526],[139.74,-16.455]]],[[[137.08,-15.759],[137.083,-15.652],[137,-15.615],[136.943,-15.668],[137,-15.787],[137.08,-15.759]]],[[[125.206,-14.474],[125.123,-14.481],[125.09,-14.607],[125.193,-14.596],[125.206,-14.474]]],[[[136.288,-13.719],[136.211,-13.661],[136.153,-13.771],[136.211,-13.826],[136.288,-13.719]]],[[[136.948,-14.184],[136.872,-14.208],[136.717,-14.064],[136.791,-13.918],[136.719,-13.829],[136.684,-13.72],[136.58,-13.682],[136.595,-13.812],[136.43,-13.877],[136.41,-13.997],[136.461,-14.216],[136.639,-14.28],[136.733,-14.256],[136.903,-14.299],[136.948,-14.184]]],[[[130.549,-11.701],[130.473,-11.69],[130.462,-11.592],[130.397,-11.535],[130.399,-11.433],[130.35,-11.339],[130.27,-11.338],[130.147,-11.489],[130.202,-11.653],[130.064,-11.691],[130.053,-11.823],[130.147,-11.825],[130.321,-11.77],[130.496,-11.839],[130.628,-11.805],[130.549,-11.701]]],[[[131.539,-11.446],[131.47,-11.382],[131.428,-11.25],[131.274,-11.19],[131.01,-11.355],[130.888,-11.313],[130.692,-11.423],[130.574,-11.275],[130.507,-11.277],[130.4,-11.153],[130.366,-11.232],[130.43,-11.484],[130.497,-11.65],[130.713,-11.799],[130.98,-11.926],[131.099,-11.828],[131.293,-11.724],[131.378,-11.584],[131.432,-11.607],[131.483,-11.475],[131.539,-11.446]]],[[[132.494,-11.151],[132.565,-11.311],[132.627,-11.246],[132.551,-11.032],[132.494,-11.151]]]]},"properties":{"kind":"country","name":"Australia"}},{"type":"Feature","geometry":{"type":"MultiPolygon","coordinates":[[[[44.474,-19.986],[44.468,-20],[48.772,-20],[48.824,-19.903],[48.86,-19.685],[48.986,-19.379],[49.077,-19.066],[49.191,-18.843],[49.243,-18.657],[49.359,-18.424],[49.414,-18.067],[49.498,-17.797],[49.504,-17.663],[49.431,-17.284],[49.529,-17.042],[49.625,-16.886],[49.778,-16.856],[49.723,-16.708],[49.849,-16.552],[49.832,-16.408],[49.85,-16.241],[49.729,-16.139],[49.683,-16.054],[49.734,-15.906],[49.638,-15.545],[49.75,-15.436],[49.901,-15.422],[49.906,-15.562],[49.976,-15.627],[49.977,-15.731],[50.039,-15.859],[50.168,-15.985],[50.242,-15.958],[50.337,-15.811],[50.43,-15.6],[50.504,-15.316],[50.477,-15.195],[50.355,-15.033],[50.284,-14.879],[50.211,-14.615],[50.191,-14.457],[50.213,-14.287],[50.162,-14.202],[50.174,-14.057],[50.143,-13.783],[50.041,-13.497],[50.033,-13.361],[49.973,-13.331],[49.935,-13.168],[49.942,-13.034],[49.864,-12.88],[49.73,-12.738],[49.563,-12.617],[49.586,-12.482],[49.539,-12.378],[49.349,-12.299],[49.274,-12.168],[49.353,-12.146],[49.323,-12],[49.26,-11.944],[49.202,-12.048],[49.202,-12.147],[49.12,-12.243],[48.985,-12.333],[48.955,-12.469],[48.853,-12.414],[48.771,-12.455],[48.887,-12.565],[48.866,-12.637],[48.955,-12.812],[48.942,-12.928],[48.844,-13.081],[48.839,-13.26],[48.747,-13.412],[48.596,-13.443],[48.532,-13.512],[48.428,-13.524],[48.332,-13.661],[48.327,-13.78],[48.181,-13.747],[48.142,-13.595],[48.031,-13.517],[47.904,-13.603],[47.876,-13.784],[47.941,-14.004],[48.048,-14.084],[48.045,-14.152],[47.927,-14.246],[47.814,-14.216],[47.709,-14.37],[47.702,-14.446],[47.753,-14.601],[47.482,-15.08],[47.421,-14.966],[47.503,-14.847],[47.496,-14.712],[47.445,-14.672],[47.29,-14.847],[47.292,-14.923],[47.206,-15.047],[47.092,-15.135],[47.058,-15.216],[47.232,-15.433],[46.967,-15.492],[47.075,-15.324],[46.997,-15.282],[46.971,-15.198],[46.879,-15.225],[46.333,-15.63],[46.307,-15.694],[46.383,-15.835],[46.365,-15.964],[46.293,-15.941],[46.144,-15.704],[46.016,-15.792],[45.885,-15.779],[45.824,-15.813],[45.694,-15.783],[45.621,-15.851],[45.638,-15.943],[45.379,-15.974],[45.406,-16.055],[45.329,-16.11],[45.266,-15.924],[45.139,-15.991],[45.04,-16.118],[44.854,-16.225],[44.755,-16.197],[44.453,-16.187],[44.401,-16.373],[44.463,-16.485],[44.417,-16.549],[44.431,-16.7],[44.238,-16.971],[44.18,-17.095],[43.943,-17.456],[43.929,-17.602],[44.036,-17.769],[44.001,-17.938],[44.042,-18.198],[44.05,-18.427],[44.186,-18.611],[44.257,-18.804],[44.228,-19.055],[44.46,-19.418],[44.484,-19.523],[44.405,-19.61],[44.371,-19.774],[44.479,-19.913],[44.474,-19.986]]],[[[49.959,-16.765],[49.857,-16.92],[49.908,-16.967],[49.959,-16.765]]],[[[48.339,-13.368],[48.354,-13.312],[48.199,-13.251],[48.206,-13.383],[48.339,-13.368]]]]},"properties":{"kind":"country","name":"Madagascar"}},{"type":"Feature","geometry":{"type":"MultiPolygon","coordinates":[[[[125.794,6.94],[125.782,7.135],[125.707,7.192],[125.674,7.07],[125.794,6.94]]],[[[122.952,7.386],[122.924,7.431],[122.794,7.384],[122.817,7.295],[122.952,7.386]]],[[[126.577,7.295],[126.609,7.465],[126.569,7.626],[126.583,7.719],[126.487,7.747],[126.406,7.833],[126.396,7.933],[126.463,8.23],[126.388,8.293],[126.357,8.534],[126.22,8.555],[126.138,8.654],[126.3,8.768],[126.345,8.853],[126.313,8.956],[126.179,9.093],[126.22,9.306],[126.076,9.239],[126.012,9.294],[125.934,9.492],[125.62,9.63],[125.569,9.757],[125.456,9.813],[125.399,9.681],[125.466,9.408],[125.542,9.189],[125.527,9.026],[125.462,8.985],[125.312,8.994],[125.227,9.079],[125.179,8.998],[125.187,8.876],[125.116,8.831],[124.915,8.994],[124.821,9.015],[124.781,8.949],[124.788,8.734],[124.753,8.5],[124.641,8.476],[124.541,8.562],[124.406,8.608],[124.322,8.515],[124.232,8.213],[124.036,8.19],[123.874,8.105],[123.866,8.364],[123.759,8.607],[123.478,8.695],[123.364,8.623],[123.331,8.547],[123.055,8.505],[122.992,8.397],[122.925,8.15],[122.65,8.116],[122.438,8.067],[122.292,8.01],[122.129,7.815],[122.114,7.603],[122.046,7.443],[122.047,7.301],[121.933,7.218],[121.899,7.057],[121.937,6.979],[122.038,6.917],[122.154,6.928],[122.244,7.099],[122.266,7.249],[122.379,7.392],[122.348,7.453],[122.486,7.579],[122.444,7.609],[122.597,7.761],[122.704,7.788],[122.815,7.743],[122.794,7.671],[122.831,7.55],[122.996,7.467],[123.05,7.655],[123.107,7.732],[123.226,7.516],[123.419,7.372],[123.452,7.453],[123.354,7.572],[123.486,7.664],[123.445,7.801],[123.587,7.839],[123.724,7.796],[123.794,7.711],[123.911,7.699],[124.065,7.603],[124.142,7.461],[124.247,7.404],[124.184,7.226],[124.029,7.115],[123.975,6.965],[123.966,6.821],[124.052,6.669],[124.055,6.438],[124.246,6.187],[124.422,6.11],[124.596,5.999],[124.939,5.864],[125.069,5.862],[125.169,6.112],[125.251,6.093],[125.264,5.95],[125.181,5.798],[125.388,5.574],[125.667,5.95],[125.707,6.15],[125.574,6.517],[125.397,6.598],[125.389,6.768],[125.481,6.913],[125.51,7.016],[125.658,7.129],[125.657,7.237],[125.807,7.351],[125.903,7.101],[125.987,7.006],[125.977,6.94],[126.079,6.843],[126.095,6.514],[126.176,6.363],[126.227,6.469],[126.255,6.767],[126.168,6.883],[126.302,6.893],[126.349,7],[126.466,7.003],[126.476,7.066],[126.612,7.258],[126.577,7.295]]],[[[125.306,9.937],[125.239,10.104],[125.146,10.071],[125.306,9.937]]],[[[124.621,11.554],[124.496,11.695],[124.369,11.679],[124.459,11.494],[124.609,11.487],[124.621,11.554]]],[[[122.317,18.377],[122.22,18.522],[122.153,18.519],[122.112,18.393],[121.975,18.286],[121.853,18.288],[121.613,18.359],[121.424,18.477],[121.107,18.643],[120.927,18.566],[120.851,18.639],[120.771,18.561],[120.611,18.539],[120.562,18.47],[120.586,18.364],[120.47,18.091],[120.334,17.556],[120.402,17.519],[120.442,17.368],[120.403,17.222],[120.427,16.962],[120.312,16.778],[120.276,16.612],[120.307,16.545],[120.336,16.292],[120.402,16.165],[120.307,16.045],[120.185,16.033],[120.106,16.07],[120.091,16.153],[119.902,16.251],[119.926,16.345],[119.813,16.367],[119.756,16.203],[119.778,16.138],[119.756,15.945],[119.879,15.915],[119.92,15.69],[119.904,15.597],[119.964,15.514],[119.888,15.429],[120.005,15.269],[120.053,15.062],[120.05,14.931],[120.09,14.794],[120.187,14.775],[120.285,14.654],[120.367,14.621],[120.402,14.456],[120.565,14.441],[120.598,14.506],[120.578,14.659],[120.539,14.703],[120.545,14.837],[120.642,14.787],[120.83,14.764],[120.937,14.667],[120.97,14.502],[120.878,14.459],[120.587,14.2],[120.619,14.104],[120.62,13.847],[120.723,13.855],[120.746,13.934],[120.895,13.906],[120.909,13.805],[121.04,13.759],[121.048,13.627],[121.159,13.639],[121.279,13.595],[121.375,13.667],[121.485,13.852],[121.69,13.926],[121.725,13.969],[121.986,13.812],[122.118,13.752],[122.208,13.614],[122.319,13.592],[122.501,13.368],[122.505,13.239],[122.588,13.174],[122.691,13.229],[122.673,13.379],[122.599,13.508],[122.622,13.553],[122.498,13.652],[122.51,13.82],[122.451,13.906],[122.537,13.961],[122.739,13.818],[122.863,13.695],[122.815,13.654],[122.972,13.528],[123.169,13.449],[123.191,13.359],[123.301,13.236],[123.279,13.12],[123.31,13.012],[123.441,13.037],[123.598,12.897],[123.668,12.924],[123.725,12.845],[123.823,12.877],[123.893,12.975],[124.025,12.955],[124.002,12.88],[123.819,12.832],[123.879,12.645],[123.983,12.547],[124.095,12.557],[124.143,12.797],[124.082,13.01],[123.979,13.098],[123.75,13.155],[123.795,13.308],[123.667,13.486],[123.528,13.627],[123.588,13.729],[123.797,13.688],[123.938,13.784],[123.478,13.951],[123.33,14.07],[123.252,14.068],[123.235,13.964],[123.315,13.821],[123.267,13.749],[123.108,13.722],[123.05,13.776],[123.088,13.901],[123.012,14.106],[122.853,14.279],[122.704,14.346],[122.601,14.325],[122.471,14.346],[122.366,14.261],[122.273,14.133],[122.291,14.023],[122.202,13.995],[122.232,13.906],[121.936,13.995],[121.732,14.188],[121.759,14.247],[121.662,14.417],[121.611,14.613],[121.629,14.703],[121.726,14.72],[121.594,14.859],[121.488,15.163],[121.379,15.308],[121.637,15.722],[121.555,15.829],[121.578,15.932],[121.752,16.077],[121.955,16.139],[122.204,16.264],[122.205,16.424],[122.345,16.643],[122.465,16.895],[122.529,17.091],[122.417,17.146],[122.435,17.292],[122.365,17.354],[122.251,17.36],[122.157,17.619],[122.14,17.798],[122.183,17.984],[122.18,18.121],[122.307,18.251],[122.317,18.377]]],[[[120.253,5.252],[120.199,5.35],[120.087,5.259],[119.965,5.223],[119.829,5.135],[119.819,5.06],[119.954,5.076],[120.253,5.252]]],[[[122.329,6.614],[122.067,6.741],[121.94,6.677],[121.839,6.669],[121.88,6.503],[121.962,6.405],[122.189,6.451],[122.235,6.571],[122.329,6.614]]],[[[117.081,8.038],[116.962,8.062],[116.955,7.926],[117.002,7.824],[117.067,7.849],[117.081,8.038]]],[[[124.793,9.193],[124.709,9.25],[124.672,9.125],[124.788,9.083],[124.793,9.193]]],[[[123.702,9.165],[123.655,9.289],[123.48,9.172],[123.64,9.099],[123.702,9.165]]],[[[126.174,9.817],[126.081,10.056],[125.983,9.902],[126.019,9.782],[126.12,9.759],[126.174,9.817]]],[[[124.55,9.862],[124.589,10.024],[124.331,10.162],[124.185,10.144],[124.075,10.048],[124.051,9.979],[123.886,9.915],[123.809,9.803],[123.892,9.632],[124.065,9.595],[124.294,9.607],[124.41,9.658],[124.55,9.862]]],[[[125.722,9.894],[125.681,9.958],[125.707,10.069],[125.658,10.262],[125.685,10.4],[125.556,10.371],[125.497,10.103],[125.61,9.967],[125.722,9.894]]],[[[119.974,10.595],[119.85,10.645],[119.778,10.535],[119.806,10.446],[119.993,10.54],[119.974,10.595]]],[[[122.738,10.694],[122.67,10.762],[122.529,10.591],[122.531,10.423],[122.634,10.444],[122.687,10.506],[122.738,10.694]]],[[[123.576,10.826],[123.522,10.92],[123.33,10.951],[123.214,10.996],[122.966,10.876],[122.972,10.721],[122.91,10.598],[122.824,10.533],[122.869,10.351],[122.876,10.143],[122.708,9.986],[122.475,9.974],[122.395,9.837],[122.497,9.562],[122.599,9.433],[122.869,9.323],[122.934,9.121],[123.033,9.035],[123.23,9.108],[123.299,9.215],[123.321,9.343],[123.198,9.487],[123.157,9.868],[123.29,10.094],[123.39,10.437],[123.486,10.549],[123.576,10.826]]],[[[124.044,10.809],[124.067,10.889],[124.018,11.258],[123.952,11.157],[123.916,10.94],[123.849,10.753],[123.765,10.64],[123.707,10.462],[123.597,10.318],[123.508,10.122],[123.383,9.943],[123.314,9.508],[123.37,9.426],[123.488,9.566],[123.509,9.654],[123.643,9.96],[123.643,10.039],[123.808,10.237],[123.973,10.327],[124.04,10.484],[124.044,10.809]]],[[[119.714,10.533],[119.591,10.672],[119.593,10.837],[119.519,10.838],[119.505,10.971],[119.562,11.059],[119.521,11.138],[119.569,11.262],[119.513,11.398],[119.421,11.298],[119.406,11.05],[119.32,11.001],[119.223,10.851],[119.345,10.724],[119.278,10.508],[119.153,10.399],[119.072,10.392],[118.95,10.22],[118.822,10.195],[118.531,9.774],[118.345,9.636],[118.127,9.338],[118.003,9.233],[117.904,9.261],[117.797,9.163],[117.768,9.086],[117.656,9.058],[117.45,8.791],[117.292,8.641],[117.222,8.5],[117.319,8.452],[117.513,8.507],[117.566,8.661],[117.774,8.703],[117.91,8.83],[118.014,8.888],[118.132,9.127],[118.336,9.179],[118.498,9.314],[118.725,9.631],[118.785,9.788],[118.75,9.888],[118.875,9.972],[119.072,10.008],[119.196,10.056],[119.237,10.179],[119.356,10.329],[119.473,10.378],[119.563,10.373],[119.714,10.533]]],[[[125.276,10.3],[125.199,10.433],[125.194,10.603],[125.006,10.797],[125.053,10.968],[125.028,11.176],[124.966,11.294],[124.984,11.381],[124.846,11.433],[124.744,11.329],[124.63,11.304],[124.503,11.444],[124.311,11.467],[124.404,11.303],[124.415,11.02],[124.397,10.954],[124.507,10.874],[124.622,11.002],[124.779,10.821],[124.798,10.659],[124.739,10.395],[124.794,10.303],[124.78,10.152],[124.883,10.135],[125.015,10.026],[125,10.2],[125.159,10.282],[125.276,10.3]]],[[[123.175,11.467],[123.118,11.548],[122.901,11.438],[122.855,11.591],[122.731,11.592],[122.622,11.509],[122.388,11.727],[122.118,11.824],[121.964,11.934],[121.897,11.894],[121.865,11.763],[122.084,11.725],[122.107,11.658],[122.053,11.234],[122.045,11.017],[121.937,10.776],[121.985,10.625],[121.93,10.467],[122.04,10.467],[122.102,10.569],[122.227,10.642],[122.59,10.699],[122.631,10.774],[122.761,10.811],[122.78,10.957],[122.839,11.018],[123.015,11.092],[123.114,11.267],[123.175,11.467]]],[[[120.053,11.871],[119.929,11.961],[119.868,11.907],[120.014,11.682],[120.067,11.742],[120.053,11.871]]],[[[120.353,12.016],[120.329,12.097],[120.196,12.112],[120.021,12.253],[119.867,12.232],[119.984,12.026],[120.135,11.975],[120.353,12.016]]],[[[122.687,12.389],[122.649,12.473],[122.481,12.493],[122.512,12.378],[122.612,12.277],[122.687,12.389]]],[[[125.729,11.117],[125.707,11.177],[125.566,11.268],[125.638,11.368],[125.559,11.425],[125.471,11.603],[125.5,11.701],[125.452,11.964],[125.524,12.046],[125.457,12.107],[125.5,12.249],[125.361,12.285],[125.35,12.399],[125.166,12.578],[125.062,12.53],[124.98,12.561],[124.679,12.516],[124.358,12.545],[124.276,12.533],[124.391,12.222],[124.493,12.098],[124.68,12.03],[124.794,11.858],[124.928,11.741],[125.034,11.728],[125,11.625],[124.828,11.509],[125.003,11.42],[125.001,11.29],[125.133,11.282],[125.199,11.228],[125.214,11.132],[125.317,11.15],[125.44,11.098],[125.538,11.146],[125.729,11.117]]],[[[124.059,11.784],[124.04,11.988],[123.882,12.213],[123.767,12.214],[123.704,12.321],[123.547,12.461],[123.448,12.512],[123.356,12.496],[123.321,12.571],[123.232,12.581],[123.273,12.424],[123.218,12.265],[123.277,12.164],[123.21,12.115],[123.181,11.931],[123.355,12.095],[123.424,12.201],[123.54,12.194],[123.712,11.954],[124.059,11.784]]],[[[122.146,12.657],[122.019,12.612],[121.993,12.442],[121.921,12.303],[122,12.211],[122.081,12.315],[122.146,12.657]]],[[[123.793,12.355],[123.733,12.591],[123.609,12.687],[123.583,12.624],[123.733,12.406],[123.793,12.355]]],[[[121.527,12.692],[121.486,12.768],[121.49,13.037],[121.431,13.224],[121.218,13.404],[121.043,13.413],[120.95,13.53],[120.755,13.467],[120.565,13.513],[120.357,13.518],[120.307,13.444],[120.368,13.383],[120.44,13.427],[120.48,13.302],[120.642,13.183],[120.758,13.002],[120.798,12.729],[120.912,12.635],[120.916,12.512],[121.132,12.242],[121.245,12.214],[121.273,12.269],[121.425,12.384],[121.412,12.443],[121.546,12.644],[121.527,12.692]]],[[[122.105,13.408],[122.115,13.465],[121.989,13.53],[121.909,13.523],[121.814,13.451],[121.817,13.342],[121.993,13.202],[122.12,13.357],[122.105,13.408]]],[[[120.269,13.707],[120.238,13.805],[120.104,13.866],[120.092,13.795],[120.269,13.707]]],[[[124.418,13.865],[124.277,13.956],[124.201,14.092],[124.125,14.049],[124.122,13.78],[124.026,13.67],[124.17,13.53],[124.293,13.604],[124.39,13.712],[124.418,13.865]]],[[[122.029,15.009],[121.844,15.045],[121.818,14.946],[122.004,14.674],[121.978,14.839],[122.029,15.009]]],[[[121.538,19.307],[121.526,19.382],[121.396,19.403],[121.406,19.299],[121.538,19.307]]],[[[121.403,5.999],[121.042,6.097],[120.906,6.015],[120.934,5.886],[121.081,5.888],[121.228,5.942],[121.281,5.859],[121.403,5.999]]]]},"properties":{"kind":"country","name":"Philippines"}},{"type":"Feature","geometry":{"type":"Polygon","coordinates":[[[81.878,7.076],[81.881,7.327],[81.856,7.412],[81.758,7.505],[81.697,7.753],[81.608,7.832],[81.566,7.987],[81.448,8.128],[81.366,8.482],[81.213,8.472],[81.232,8.651],[81.093,8.852],[80.931,9.021],[80.834,9.239],[80.744,9.36],[80.41,9.617],[80.227,9.83],[79.988,9.823],[79.91,9.768],[79.947,9.693],[80.087,9.618],[80.174,9.649],[80.427,9.5],[80.272,9.504],[80.053,9.392],[80.116,9.234],[80.048,9.026],[79.947,8.949],[79.926,8.802],[79.942,8.642],[79.874,8.538],[79.824,8.267],[79.827,8.137],[79.764,7.99],[79.76,7.868],[79.802,7.659],[79.785,7.59],[79.834,7.233],[79.814,7.181],[79.862,7.012],[79.863,6.807],[79.97,6.535],[80.032,6.266],[80.104,6.127],[80.248,6.009],[80.591,5.924],[80.714,5.958],[80.809,6.035],[81.113,6.12],[81.362,6.225],[81.681,6.462],[81.776,6.61],[81.885,6.98],[81.878,7.076]]]},"properties":{"kind":"country","name":"Sri Lanka"}},{"type":"Feature","geometry":{"type":"Polygon","coordinates":[[[121.835,24.872],[121.984,25.017],[121.893,25.114],[121.719,25.152],[121.598,25.271],[121.436,25.241],[121.33,25.131],[121.059,25.05],[120.926,24.885],[120.848,24.711],[120.702,24.607],[120.649,24.484],[120.571,24.405],[120.493,24.231],[120.34,24.022],[120.189,23.775],[120.124,23.52],[120.13,23.361],[120.059,23.151],[120.166,23.032],[120.176,22.884],[120.331,22.52],[120.512,22.425],[120.621,22.295],[120.697,22.113],[120.704,21.981],[120.842,21.925],[120.879,22.056],[120.875,22.289],[120.948,22.527],[121.021,22.648],[121.141,22.742],[121.19,22.843],[121.3,22.959],[121.4,23.145],[121.409,23.255],[121.462,23.343],[121.521,23.659],[121.629,24.026],[121.663,24.193],[121.773,24.309],[121.78,24.433],[121.856,24.551],[121.815,24.644],[121.835,24.872]]]},"properties":{"kind":"country","name":"Taiwan"}},{"type":"Feature","geometry":{"type":"MultiPolygon","coordinates":[[[[131.657,32.457],[131.682,32.535],[131.929,32.778],[131.982,32.889],[131.903,32.983],[131.929,33.068],[131.81,33.128],[131.872,33.2],[131.711,33.27],[131.51,33.273],[131.697,33.406],[131.73,33.58],[131.667,33.667],[131.521,33.676],[131.418,33.582],[131.284,33.582],[131.064,33.653],[131.01,33.746],[131.007,33.966],[130.914,33.891],[130.828,33.94],[130.684,33.934],[130.548,33.881],[130.454,33.808],[130.468,33.744],[130.386,33.677],[130.391,33.605],[130.29,33.574],[130.16,33.63],[130.156,33.525],[129.989,33.449],[129.91,33.547],[129.787,33.455],[129.807,33.348],[129.58,33.371],[129.552,33.226],[129.729,33.122],[129.746,33.066],[129.881,33.063],[129.946,33.016],[129.931,32.929],[129.814,32.962],[129.682,33.094],[129.632,32.979],[129.733,32.806],[129.771,32.814],[129.895,32.663],[129.955,32.745],[130.094,32.795],[130.21,32.733],[130.129,32.641],[130.181,32.592],[130.342,32.667],[130.376,32.748],[130.339,32.857],[130.244,32.875],[130.222,32.975],[130.132,33.102],[130.241,33.188],[130.422,33.083],[130.433,32.942],[130.593,32.816],[130.577,32.698],[130.641,32.607],[130.562,32.427],[130.477,32.349],[130.332,32.129],[130.18,32.093],[130.22,31.93],[130.171,31.79],[130.336,31.626],[130.293,31.445],[130.17,31.377],[130.222,31.246],[130.451,31.249],[130.522,31.169],[130.64,31.186],[130.662,31.259],[130.573,31.315],[130.521,31.432],[130.529,31.513],[130.613,31.682],[130.686,31.726],[130.805,31.687],[130.799,31.612],[130.696,31.546],[130.703,31.459],[130.795,31.344],[130.743,31.121],[130.792,31.078],[130.924,31.113],[131.104,31.329],[131.014,31.363],[131.072,31.45],[131.213,31.455],[131.266,31.381],[131.345,31.395],[131.451,31.651],[131.475,31.762],[131.447,31.877],[131.593,32.304],[131.657,32.457]]],[[[134.722,33.834],[134.696,33.952],[134.6,34.009],[134.628,34.178],[134.594,34.232],[134.44,34.208],[134.258,34.294],[134.153,34.386],[134.081,34.348],[133.947,34.376],[133.673,34.223],[133.621,34.046],[133.511,33.965],[133.323,33.991],[133.127,33.933],[132.942,34.141],[132.919,34.068],[132.77,33.996],[132.712,33.905],[132.677,33.716],[132.501,33.625],[132.381,33.466],[132.42,33.304],[132.537,33.243],[132.435,33.156],[132.501,32.993],[132.472,32.934],[132.709,32.909],[132.623,32.799],[132.812,32.74],[132.915,32.778],[133.002,32.869],[133.018,33.024],[133.097,33.048],[133.253,33.219],[133.269,33.347],[133.415,33.393],[133.466,33.454],[133.608,33.516],[133.739,33.538],[133.925,33.494],[134.19,33.248],[134.273,33.508],[134.389,33.624],[134.722,33.834]]],[[[133.412,34.424],[133.501,34.492],[133.569,34.46],[133.7,34.526],[133.822,34.462],[133.936,34.451],[133.983,34.529],[134.177,34.614],[134.248,34.718],[134.327,34.704],[134.519,34.76],[134.744,34.767],[134.96,34.644],[135.046,34.625],[135.211,34.655],[135.341,34.709],[135.404,34.659],[135.414,34.558],[135.32,34.429],[135.209,34.342],[135.105,34.318],[135.187,34.136],[135.094,34.068],[135.065,33.886],[135.392,33.714],[135.328,33.671],[135.445,33.551],[135.766,33.482],[135.96,33.593],[136.105,33.891],[136.273,33.971],[136.244,34.064],[136.299,34.154],[136.523,34.273],[136.593,34.263],[136.846,34.308],[136.916,34.434],[136.633,34.591],[136.52,34.681],[136.535,34.766],[136.616,34.854],[136.659,34.984],[136.726,35.027],[136.823,34.955],[136.828,34.872],[136.916,34.776],[137.298,34.797],[137.309,34.726],[137.121,34.638],[137.141,34.589],[137.428,34.668],[137.684,34.671],[137.792,34.639],[137.893,34.668],[138.047,34.655],[138.19,34.601],[138.216,34.712],[138.341,34.826],[138.367,34.917],[138.514,34.98],[138.554,35.096],[138.696,35.139],[138.803,35.122],[138.744,34.729],[138.835,34.596],[138.941,34.661],[139.088,34.842],[139.141,34.871],[139.087,34.997],[139.088,35.11],[139.146,35.235],[139.233,35.285],[139.415,35.319],[139.544,35.308],[139.611,35.142],[139.728,35.207],[139.648,35.298],[139.657,35.377],[139.779,35.502],[139.807,35.638],[139.897,35.614],[140,35.658],[140,39.342],[139.932,39.287],[139.892,39.133],[139.774,38.817],[139.599,38.648],[139.462,38.375],[139.432,38.169],[139.305,38.042],[139.06,37.946],[138.858,37.828],[138.766,37.635],[138.551,37.378],[138.438,37.322],[138.245,37.184],[138.098,37.171],[137.897,37.058],[137.427,36.922],[137.333,36.763],[137.157,36.761],[137.006,36.836],[137.054,36.967],[137.054,37.08],[136.875,37.07],[136.93,37.222],[137.014,37.185],[137.109,37.283],[137.23,37.292],[137.296,37.531],[137.114,37.488],[136.935,37.399],[136.749,37.358],[136.67,37.15],[136.768,36.981],[136.761,36.871],[136.64,36.663],[136.43,36.433],[136.135,36.225],[135.957,35.973],[135.993,35.885],[136.099,35.776],[135.956,35.728],[135.973,35.676],[135.855,35.579],[135.706,35.562],[135.511,35.498],[135.452,35.572],[135.262,35.558],[135.304,35.689],[135.227,35.772],[135.084,35.739],[134.927,35.641],[134.798,35.666],[134.537,35.672],[134.238,35.547],[134.035,35.519],[133.731,35.503],[133.58,35.534],[133.417,35.457],[133.265,35.496],[133.239,35.564],[133.105,35.598],[132.97,35.517],[132.805,35.495],[132.635,35.441],[132.639,35.295],[132.408,35.175],[132.317,35.062],[132.063,34.907],[131.874,34.759],[131.858,34.715],[131.597,34.66],[131.455,34.519],[131.414,34.424],[131.236,34.382],[131.075,34.425],[130.9,34.355],[130.923,34.184],[130.862,34.113],[130.932,33.945],[131.036,34.048],[131.272,33.927],[131.383,34.033],[131.585,34.027],[131.741,34.056],[132.099,33.872],[132.213,33.99],[132.223,34.239],[132.383,34.366],[132.497,34.362],[132.56,34.218],[132.656,34.199],[132.836,34.311],[133.018,34.323],[133.093,34.253],[133.202,34.328],[133.247,34.427],[133.341,34.348],[133.412,34.424]]],[[[139.966,39.88],[139.904,40.018],[139.822,39.961],[139.698,39.989],[139.76,39.858],[139.966,39.88]]],[[[139.999,40.377],[139.96,40.678],[139.86,40.609],[139.943,40.545],[139.946,40.419],[139.999,40.377]]],[[[139.991,35.021],[140,35.47],[139.9,35.423],[139.802,35.317],[139.868,35.013],[139.926,34.907],[139.991,35.021]]],[[[139.928,42.139],[140,42.115],[140,42.681],[139.877,42.663],[139.833,42.589],[139.85,42.469],[139.768,42.311],[139.787,42.247],[139.928,42.139]]],[[[123.835,24.395],[123.748,24.33],[123.873,24.258],[123.936,24.341],[123.835,24.395]]],[[[124.332,24.571],[124.143,24.385],[124.242,24.364],[124.332,24.571]]],[[[125.405,24.778],[125.275,24.856],[125.259,24.733],[125.384,24.727],[125.405,24.778]]],[[[128.333,26.793],[128.226,26.801],[128.015,26.635],[127.965,26.697],[127.886,26.62],[127.938,26.532],[127.731,26.44],[127.742,26.321],[127.636,26.191],[127.652,26.084],[127.797,26.14],[127.778,26.233],[127.94,26.448],[128.172,26.623],[128.243,26.633],[128.333,26.793]]],[[[129,27.803],[128.895,27.891],[128.895,27.728],[129,27.803]]],[[[129.711,28.456],[129.688,28.509],[129.228,28.305],[129.242,28.214],[129.366,28.123],[129.42,28.25],[129.711,28.456]]],[[[130.669,30.34],[130.639,30.403],[130.499,30.468],[130.386,30.34],[130.438,30.239],[130.577,30.236],[130.669,30.34]]],[[[131.062,30.841],[130.939,30.672],[130.93,30.541],[130.851,30.47],[130.886,30.344],[131.036,30.557],[131.079,30.699],[131.062,30.841]]],[[[130.44,32.524],[130.363,32.527],[130.219,32.456],[130.242,32.395],[130.354,32.424],[130.44,32.524]]],[[[130.189,32.522],[130.033,32.522],[129.975,32.355],[130.012,32.191],[130.203,32.339],[130.189,32.522]]],[[[128.894,32.658],[128.779,32.777],[128.7,32.744],[128.6,32.614],[128.736,32.603],[128.894,32.658]]],[[[129.8,33.765],[129.767,33.845],[129.687,33.86],[129.657,33.743],[129.71,33.701],[129.8,33.765]]],[[[129.317,34.294],[129.196,34.273],[129.17,34.147],[129.277,34.129],[129.317,34.294]]],[[[135.028,34.591],[134.981,34.602],[134.799,34.447],[134.657,34.288],[134.729,34.191],[134.958,34.27],[134.896,34.373],[135.028,34.591]]],[[[129.463,34.609],[129.323,34.648],[129.269,34.433],[129.362,34.405],[129.446,34.515],[129.463,34.609]]],[[[133.382,36.258],[133.292,36.342],[133.209,36.297],[133.188,36.216],[133.326,36.158],[133.382,36.258]]],[[[138.495,38.067],[138.444,38.102],[138.519,38.307],[138.31,38.168],[138.233,38.008],[138.288,37.906],[138.265,37.798],[138.487,37.892],[138.575,38.035],[138.495,38.067]]],[[[139.564,42.232],[139.437,42.207],[139.509,42.101],[139.564,42.232]]],[[[134.363,34.545],[134.204,34.512],[134.262,34.421],[134.347,34.431],[134.363,34.545]]]]},"properties":{"kind":"country","name":"Japan"}},{"type":"Feature","geometry":{"type":"Polygon","coordinates":[[[42.724,-17.064],[42.752,-17.076],[42.759,-17.061],[42.724,-17.064]]]},"properties":{"kind":"country","name":"Fr. S. and Antarctic Lands"}},{"type":"Feature","geometry":{"type":"Polygon","coordinates":[[[55.394,-4.658],[55.449,-4.678],[55.517,-4.75],[55.529,-4.68],[55.459,-4.618],[55.394,-4.658]]]},"properties":{"kind":"country","name":"Seychelles"}},{"type":"Feature","geometry":{"type":"Polygon","coordinates":[[[63.494,-19.682],[63.389,-19.685],[63.366,-19.767],[63.469,-19.723],[63.494,-19.682]]]},"properties":{"kind":"country","name":"Mauritius"}},{"type":"Feature","geometry":{"type":"MultiPolygon","coordinates":[[[[44.528,-12.355],[44.529,-12.233],[44.484,-12.086],[44.415,-12.119],[44.331,-12.236],[44.528,-12.355]]],[[[43.469,-11.832],[43.377,-11.605],[43.399,-11.418],[43.277,-11.38],[43.244,-11.673],[43.263,-11.818],[43.37,-11.861],[43.469,-11.832]]]]},"properties":{"kind":"country","name":"Comoros"}},{"type":"Feature","geometry":{"type":"Polygon","coordinates":[[[105.715,-10.437],[105.628,-10.509],[105.698,-10.529],[105.715,-10.437]]]},"properties":{"kind":"country","name":"Indian Ocean Ter."}},{"type":"Feature","geometry":{"type":"Polygon","coordinates":[[[72.472,-7.379],[72.433,-7.425],[72.439,-7.34],[72.433,-7.316],[72.371,-7.27],[72.379,-7.297],[72.426,-7.323],[72.433,-7.347],[72.427,-7.404],[72.433,-7.432],[72.481,-7.391],[72.472,-7.379]]]},"properties":{"kind":"country","name":"Br. Indian Ocean Ter."}},{"type":"Feature","geometry":{"type":"Polygon","coordinates":[[[103.986,1.385],[103.805,1.449],[103.684,1.41],[103.648,1.308],[103.844,1.269],[103.954,1.318],[103.986,1.385]]]},"properties":{"kind":"country","name":"Singapore"}},{"type":"Feature","geometry":{"type":"Polygon","coordinates":[[[73.553,4.237],[73.533,4.231],[73.512,4.186],[73.538,4.183],[73.553,4.237]]]},"properties":{"kind":"country","name":"Maldives"}},{"type":"Feature","geometry":{"type":"Polygon","coordinates":[[[138.182,9.559],[138.126,9.566],[138.134,9.512],[138.189,9.507],[138.182,9.559]]]},"properties":{"kind":"country","name":"Micronesia"}},{"type":"Feature","geometry":{"type":"Polygon","coordinates":[[[134.66,7.686],[134.512,7.528],[134.499,7.438],[134.594,7.421],[134.658,7.591],[134.66,7.686]]]},"properties":{"kind":"country","name":"Palau"}},{"type":"Feature","geometry":{"type":"Polygon","coordinates":[[[50.595,26.16],[50.587,26.242],[50.461,26.225],[50.491,26.048],[50.46,25.985],[50.547,25.853],[50.604,25.855],[50.615,26.111],[50.595,26.16]]]},"properties":{"kind":"country","name":"Bahrain"}},{"type":"Feature","geometry":{"type":"Polygon","coordinates":[[[115.831,10.734],[115.815,10.734],[115.818,10.721],[115.831,10.734]]]},"properties":{"kind":"country","name":"Spratly Is."}},{"type":"Feature","geometry":{"type":"Polygon","coordinates":[[[113.569,22.161],[113.534,22.161],[113.547,22.105],[113.567,22.123],[113.569,22.161]]]},"properties":{"kind":"country","name":"Macao"}},{"type":"Feature","geometry":{"type":"Polygon","coordinates":[[[123.598,-12.439],[123.597,-12.428],[123.575,-12.427],[123.576,-12.437],[123.598,-12.439]]]},"properties":{"kind":"country","name":"Ashmore and Cartier Is."}},{"type":"Feature","geometry":{"type":"Polygon","coordinates":[[[117.756,15.152],[117.754,15.154],[117.752,15.152],[117.754,15.15],[117.756,15.152]]]},"properties":{"kind":"country","name":"Scarborough Reef"}},{"type":"Feature","geometry":{"type":"Polygon","coordinates":[[[78.381,32.528],[78.448,32.566],[78.63,32.578],[78.713,32.638],[78.771,32.462],[78.943,32.346],[79.092,32.391],[79.113,32.472],[79.287,32.533],[79.32,32.592],[79.443,32.535],[79.621,32.729],[79.414,32.972],[79.373,33.112],[79.423,33.158],[79.42,33.275],[79.098,33.288],[78.918,33.386],[78.896,33.62],[79.011,33.658],[78.888,33.946],[78.935,34.007],[79.132,34.026],[79.376,34.011],[79.495,34.106],[79.548,34.251],[79.509,34.392],[79.67,34.407],[79.714,34.535],[79.813,34.565],[79.852,34.644],[80.05,34.673],[80.078,34.837],[80.163,34.951],[80.203,35.191],[80.242,35.223],[80.284,35.446],[80.327,35.477],[80.292,35.607],[80.111,35.68],[80.005,35.839],[79.876,35.785],[79.738,35.802],[79.461,35.886],[79.364,35.975],[79.184,35.941],[79.133,35.836],[78.971,35.887],[78.665,35.853],[78.545,35.781],[78.435,35.761],[78.142,35.606],[78.115,35.545],[77.955,35.562],[77.89,35.482],[77.774,35.499],[77.661,35.458],[77.52,35.477],[77.509,35.58],[77.349,35.72],[77.209,35.71],[77.09,35.74],[77.009,35.82],[76.839,35.86],[76.779,35.91],[76.759,36.11],[76.669,36.19],[76.568,36.19],[76.429,36.24],[76.389,36.31],[76.239,36.32],[76.149,36.425],[75.981,36.445],[75.875,36.619],[75.791,36.688],[75.571,36.767],[75.493,36.721],[75.411,36.747],[75.351,36.916],[75.1,36.994],[74.91,36.963],[74.662,37.054],[74.542,37.022],[74.394,36.994],[74.094,36.831],[73.947,36.831],[73.712,36.894],[73.72,36.851],[73.869,36.785],[73.802,36.728],[73.673,36.705],[73.416,36.752],[73.078,36.701],[73.094,36.603],[72.981,36.471],[72.692,36.271],[72.565,36.23],[72.529,36.103],[72.588,36.013],[72.516,35.904],[72.792,35.838],[72.872,35.874],[73.085,35.877],[73.15,35.832],[73.135,35.715],[73.41,35.548],[73.758,35.527],[73.689,35.307],[73.776,35.235],[73.924,35.199],[74.119,35.111],[74.534,35.121],[74.649,34.954],[74.93,34.833],[75.141,34.89],[75.247,34.808],[75.249,34.648],[75.368,34.556],[75.392,34.382],[75.591,34.229],[75.666,34.219],[75.756,34.081],[75.885,33.984],[76.039,33.996],[76.176,33.891],[76.256,33.728],[76.264,33.589],[76.501,33.518],[76.661,33.366],[76.755,33.195],[76.956,33.025],[77.136,32.927],[77.349,32.867],[77.539,32.918],[77.721,33.013],[77.858,32.873],[77.939,32.695],[78.009,32.61],[78.254,32.698],[78.367,32.765],[78.381,32.528]]]},"properties":{"kind":"state","name":"Ladakh"}},{"type":"Feature","geometry":{"type":"Polygon","coordinates":[[[97.323,28.217],[97.116,28.367],[96.934,28.337],[96.717,28.437],[96.562,28.447],[96.37,28.378],[96.336,28.48],[96.502,28.644],[96.598,28.71],[96.577,28.809],[96.458,28.995],[96.367,29.037],[96.195,28.941],[96.175,29.109],[96.316,29.172],[96.205,29.257],[96.142,29.368],[95.954,29.359],[95.863,29.324],[95.745,29.34],[95.717,29.218],[95.592,29.25],[95.515,29.209],[95.488,29.069],[95.367,29.036],[95.225,29.059],[95.048,29.141],[94.777,29.167],[94.704,29.285],[94.63,29.319],[94.529,29.231],[94.396,29.207],[94.271,29.098],[94.347,29.024],[94.25,28.933],[93.992,28.845],[93.928,28.683],[93.863,28.705],[93.626,28.672],[93.446,28.672],[93.317,28.603],[93.287,28.521],[93.186,28.432],[93.208,28.341],[92.975,28.282],[92.85,28.192],[92.779,28.196],[92.655,28.106],[92.736,27.986],[92.575,27.848],[92.404,27.854],[92.304,27.786],[92.24,27.865],[92.065,27.762],[91.865,27.73],[91.827,27.808],[91.73,27.804],[91.628,27.853],[91.627,27.716],[91.58,27.658],[91.595,27.546],[91.657,27.479],[91.78,27.456],[91.975,27.472],[92.024,27.447],[92.085,27.304],[91.996,27.158],[92.08,26.922],[92.21,26.912],[92.626,27.018],[92.699,27.066],[92.815,27.051],[93.02,26.953],[93.375,26.989],[93.461,26.947],[93.695,27.006],[93.827,27.096],[93.847,27.199],[93.983,27.328],[94.243,27.526],[94.243,27.648],[94.353,27.593],[94.475,27.594],[94.798,27.701],[94.948,27.77],[95.313,27.896],[95.408,27.871],[95.544,27.902],[95.717,27.99],[95.964,27.993],[95.901,27.865],[95.776,27.717],[95.804,27.619],[95.887,27.557],[95.88,27.463],[95.978,27.45],[96.007,27.365],[95.904,27.276],[95.8,27.286],[95.644,27.23],[95.546,27.274],[95.424,27.141],[95.261,27.049],[95.176,27.033],[95.225,26.974],[95.202,26.867],[95.247,26.649],[95.393,26.692],[95.49,26.811],[95.591,26.824],[95.778,26.995],[95.889,27.027],[96.013,27.191],[96.143,27.258],[96.408,27.298],[96.511,27.292],[96.587,27.354],[96.759,27.342],[96.86,27.241],[96.865,27.172],[97.027,27.091],[97.135,27.127],[96.905,27.408],[96.87,27.619],[97.06,27.75],[97.223,27.9],[97.334,27.894],[97.355,28.023],[97.307,28.07],[97.323,28.217]]]},"properties":{"kind":"state","name":"Arunachal Pradesh"}},{"type":"Feature","geometry":{"type":"Polygon","coordinates":[[[88.733,27.149],[88.776,27.241],[88.892,27.316],[88.774,27.409],[88.741,27.546],[88.806,27.655],[88.854,27.844],[88.818,27.995],[88.61,28.106],[88.379,27.983],[88.127,27.95],[88.118,27.861],[88.16,27.774],[88.023,27.495],[88.035,27.323],[88.005,27.249],[88.118,27.138],[88.233,27.137],[88.357,27.085],[88.518,27.176],[88.733,27.149]]]},"properties":{"kind":"state","name":"Sikkim"}},{"type":"Feature","geometry":{"type":"Polygon","coordinates":[[[89.859,26.722],[89.685,26.725],[89.342,26.854],[89.185,26.811],[88.955,26.913],[88.828,27.098],[88.733,27.149],[88.518,27.176],[88.357,27.085],[88.233,27.137],[88.118,27.138],[88.005,27.249],[87.971,27.103],[88.077,26.992],[88.155,26.846],[88.169,26.744],[88.087,26.539],[88.282,26.428],[88.297,26.336],[88.18,26.286],[87.979,26.146],[87.831,26.011],[87.805,25.874],[88.046,25.669],[88.043,25.547],[87.956,25.534],[87.768,25.436],[87.838,25.278],[87.784,25.214],[87.781,25.09],[87.877,24.939],[87.853,24.758],[87.895,24.67],[87.721,24.318],[87.631,24.269],[87.662,24.186],[87.489,24.047],[87.338,24.002],[87.241,23.851],[87.08,23.815],[86.877,23.913],[86.81,23.818],[86.8,23.726],[86.459,23.639],[86.348,23.568],[86.336,23.508],[86.214,23.449],[86.121,23.501],[86.056,23.603],[85.895,23.416],[85.83,23.261],[85.888,23.163],[86.02,23.153],[86.142,23.028],[86.45,23.004],[86.399,22.785],[86.587,22.681],[86.595,22.633],[86.749,22.545],[86.718,22.469],[86.79,22.416],[86.78,22.287],[86.687,22.218],[86.834,22.122],[86.987,22.067],[86.994,21.972],[87.191,21.956],[87.275,21.814],[87.409,21.786],[87.477,21.614],[87.704,21.656],[87.97,21.836],[88.051,21.985],[88.141,22.06],[88.154,21.888],[88.204,21.805],[88.181,21.685],[88.249,21.558],[88.393,21.6],[88.578,21.572],[88.623,21.71],[88.567,21.851],[88.626,21.956],[88.69,21.946],[88.685,21.697],[88.762,21.556],[88.882,21.672],[89,21.603],[89.083,21.617],[88.993,21.913],[89.061,21.938],[89.06,22.13],[89.062,22.212],[88.99,22.387],[88.908,22.741],[88.945,22.848],[88.843,22.965],[88.851,23.075],[88.955,23.184],[88.84,23.235],[88.71,23.241],[88.686,23.293],[88.719,23.468],[88.54,23.65],[88.594,23.867],[88.714,23.925],[88.725,24.029],[88.674,24.083],[88.732,24.19],[88.738,24.287],[88.475,24.315],[88.401,24.369],[88.139,24.495],[88.022,24.646],[88.202,24.945],[88.314,24.868],[88.426,25.051],[88.431,25.173],[88.599,25.193],[88.784,25.161],[88.899,25.169],[88.975,25.303],[88.842,25.333],[88.772,25.502],[88.645,25.467],[88.53,25.5],[88.424,25.592],[88.419,25.654],[88.227,25.804],[88.128,25.775],[88.074,25.908],[88.164,26.14],[88.309,26.206],[88.367,26.313],[88.495,26.378],[88.461,26.454],[88.314,26.482],[88.353,26.579],[88.656,26.415],[88.808,26.233],[88.903,26.273],[88.892,26.369],[88.95,26.437],[89.044,26.381],[89.132,26.134],[89.351,25.997],[89.481,25.999],[89.542,25.96],[89.658,26.187],[89.727,26.206],[89.829,26.328],[89.888,26.533],[89.859,26.722]]]},"properties":{"kind":"state","name":"West Bengal"}},{"type":"Feature","geometry":{"type":"Polygon","coordinates":[[[92.08,26.922],[92.036,26.855],[91.795,26.854],[91.702,26.803],[91.521,26.798],[91.406,26.87],[91.276,26.774],[91.198,26.802],[90.717,26.767],[90.588,26.78],[90.383,26.892],[90.177,26.832],[90.089,26.742],[89.859,26.722],[89.888,26.533],[89.829,26.328],[89.727,26.206],[89.658,26.187],[89.707,26.154],[89.83,25.908],[89.783,25.814],[89.834,25.635],[89.809,25.44],[90.001,25.609],[89.942,25.715],[89.974,25.802],[90.136,25.96],[90.485,26.012],[90.618,25.97],[90.975,25.944],[91.097,25.84],[91.179,25.87],[91.251,25.738],[91.361,25.843],[91.475,25.896],[91.582,26.027],[91.718,25.968],[91.825,26.089],[91.922,26.038],[92.164,26.088],[92.215,25.919],[92.165,25.809],[92.167,25.69],[92.382,25.764],[92.593,25.587],[92.588,25.499],[92.79,25.349],[92.806,25.228],[92.565,25.152],[92.385,25.005],[92.484,24.928],[92.381,24.837],[92.252,24.903],[92.234,24.778],[92.15,24.542],[92.222,24.5],[92.258,24.396],[92.22,24.264],[92.298,24.238],[92.416,24.239],[92.489,24.133],[92.624,24.239],[92.746,24.471],[92.829,24.377],[93.018,24.399],[93.046,24.445],[93.087,24.707],[93.124,24.81],[93.189,24.811],[93.394,25.235],[93.449,25.302],[93.459,25.381],[93.336,25.538],[93.524,25.689],[93.709,25.87],[93.752,25.959],[93.904,25.857],[93.989,25.946],[93.973,26.04],[94.008,26.184],[94.177,26.372],[94.207,26.484],[94.358,26.498],[94.487,26.677],[94.69,26.741],[94.799,26.814],[94.917,26.951],[95.031,26.933],[95.176,27.033],[95.261,27.049],[95.424,27.141],[95.546,27.274],[95.644,27.23],[95.8,27.286],[95.904,27.276],[96.007,27.365],[95.978,27.45],[95.88,27.463],[95.887,27.557],[95.804,27.619],[95.776,27.717],[95.901,27.865],[95.964,27.993],[95.717,27.99],[95.544,27.902],[95.408,27.871],[95.313,27.896],[94.948,27.77],[94.798,27.701],[94.475,27.594],[94.353,27.593],[94.243,27.648],[94.243,27.526],[93.983,27.328],[93.847,27.199],[93.827,27.096],[93.695,27.006],[93.461,26.947],[93.375,26.989],[93.02,26.953],[92.815,27.051],[92.699,27.066],[92.626,27.018],[92.21,26.912],[92.08,26.922]]]},"properties":{"kind":"state","name":"Assam"}},{"type":"Feature","geometry":{"type":"Polygon","coordinates":[[[80.996,30.197],[80.976,30.255],[80.782,30.321],[80.723,30.392],[80.253,30.565],[80.167,30.662],[80.169,30.785],[80.063,30.785],[79.834,30.962],[79.739,30.979],[79.578,30.938],[79.395,31.037],[79.302,31.163],[79.238,31.33],[79.07,31.461],[78.921,31.27],[78.893,31.282],[78.993,31.163],[78.87,31.122],[78.793,31.207],[78.501,31.22],[78.369,31.29],[78.284,31.29],[78.04,31.172],[77.941,31.173],[77.757,30.985],[77.789,30.931],[77.706,30.791],[77.813,30.521],[77.585,30.383],[77.662,30.395],[77.751,30.326],[77.929,30.244],[77.746,29.977],[77.747,29.878],[77.831,29.66],[77.983,29.719],[78.107,29.655],[78.189,29.707],[78.155,29.925],[78.228,29.947],[78.381,29.762],[78.479,29.722],[78.643,29.538],[78.907,29.388],[78.722,29.284],[78.868,29.215],[78.95,29.127],[79.056,29.152],[79.296,28.972],[79.371,28.97],[79.444,28.85],[79.813,28.877],[79.844,28.805],[80.001,28.737],[80.073,28.821],[80.034,28.916],[80.099,28.977],[80.133,29.11],[80.233,29.139],[80.279,29.268],[80.214,29.417],[80.385,29.605],[80.369,29.758],[80.476,29.806],[80.571,29.947],[80.654,29.971],[80.83,30.117],[80.836,30.17],[80.996,30.197]]]},"properties":{"kind":"state","name":"Uttarakhand"}},{"type":"Feature","geometry":{"type":"Polygon","coordinates":[[[94.65,25.447],[94.851,25.563],[94.961,25.718],[95.009,25.737],[95.001,25.922],[95.14,26.03],[95.046,26.248],[95.043,26.46],[95.119,26.604],[95.247,26.649],[95.202,26.867],[95.225,26.974],[95.176,27.033],[95.031,26.933],[94.917,26.951],[94.799,26.814],[94.69,26.741],[94.487,26.677],[94.358,26.498],[94.207,26.484],[94.177,26.372],[94.008,26.184],[93.973,26.04],[93.989,25.946],[93.904,25.857],[93.752,25.959],[93.709,25.87],[93.524,25.689],[93.336,25.538],[93.459,25.381],[93.449,25.302],[93.605,25.206],[93.679,25.328],[93.809,25.446],[93.803,25.544],[94.027,25.554],[94.209,25.495],[94.325,25.512],[94.565,25.684],[94.553,25.49],[94.65,25.447]]]},"properties":{"kind":"state","name":"Nagaland"}},{"type":"Feature","geometry":{"type":"Polygon","coordinates":[[[93.303,24.036],[93.368,24.078],[93.457,23.96],[93.612,24.009],[93.743,23.995],[93.804,23.936],[93.998,23.917],[94.1,23.843],[94.19,23.995],[94.29,24.317],[94.411,24.546],[94.516,24.705],[94.59,24.747],[94.709,25.026],[94.689,25.139],[94.577,25.174],[94.55,25.245],[94.65,25.447],[94.553,25.49],[94.565,25.684],[94.325,25.512],[94.209,25.495],[94.027,25.554],[93.803,25.544],[93.809,25.446],[93.679,25.328],[93.605,25.206],[93.449,25.302],[93.394,25.235],[93.189,24.811],[93.124,24.81],[93.087,24.707],[93.046,24.445],[93.018,24.399],[92.995,24.095],[93.106,24.045],[93.303,24.036]]]},"properties":{"kind":"state","name":"Manipur"}},{"type":"Feature","geometry":{"type":"Polygon","coordinates":[[[92.576,21.978],[92.651,22.019],[92.708,22.148],[92.854,22.024],[92.967,22.063],[93.025,22.202],[93.142,22.187],[93.166,22.387],[93.099,22.512],[93.08,22.773],[93.176,22.882],[93.138,23.005],[93.197,23.054],[93.299,23.018],[93.375,23.13],[93.384,23.313],[93.432,23.647],[93.375,23.739],[93.356,23.907],[93.303,24.036],[93.106,24.045],[92.995,24.095],[93.018,24.399],[92.829,24.377],[92.746,24.471],[92.624,24.239],[92.489,24.133],[92.416,24.239],[92.298,24.238],[92.325,24.188],[92.319,23.851],[92.26,23.703],[92.253,23.609],[92.357,23.289],[92.328,23.171],[92.379,22.9],[92.496,22.696],[92.577,22.169],[92.537,22.129],[92.576,21.978]]]},"properties":{"kind":"state","name":"Mizoram"}},{"type":"Feature","geometry":{"type":"Polygon","coordinates":[[[92.15,24.542],[92.108,24.406],[91.95,24.375],[91.865,24.151],[91.81,24.215],[91.597,24.105],[91.363,24.1],[91.216,23.908],[91.195,23.755],[91.142,23.74],[91.141,23.612],[91.227,23.469],[91.301,23.142],[91.464,23.184],[91.537,22.982],[91.695,22.988],[91.796,23.089],[91.744,23.272],[91.792,23.368],[91.941,23.495],[91.914,23.688],[92.004,23.647],[92.151,23.732],[92.26,23.703],[92.319,23.851],[92.325,24.188],[92.298,24.238],[92.22,24.264],[92.258,24.396],[92.222,24.5],[92.15,24.542]]]},"properties":{"kind":"state","name":"Tripura"}},{"type":"Feature","geometry":{"type":"Polygon","coordinates":[[[89.809,25.44],[89.835,25.282],[89.908,25.297],[90.13,25.212],[90.365,25.15],[90.738,25.169],[90.822,25.142],[91.236,25.202],[91.471,25.134],[91.566,25.16],[91.662,25.127],[91.73,25.167],[92.002,25.183],[92.304,25.074],[92.385,25.005],[92.565,25.152],[92.806,25.228],[92.79,25.349],[92.588,25.499],[92.593,25.587],[92.382,25.764],[92.167,25.69],[92.165,25.809],[92.215,25.919],[92.164,26.088],[91.922,26.038],[91.825,26.089],[91.718,25.968],[91.582,26.027],[91.475,25.896],[91.361,25.843],[91.251,25.738],[91.179,25.87],[91.097,25.84],[90.975,25.944],[90.618,25.97],[90.485,26.012],[90.136,25.96],[89.974,25.802],[89.942,25.715],[90.001,25.609],[89.809,25.44]]]},"properties":{"kind":"state","name":"Meghalaya"}},{"type":"Feature","geometry":{"type":"Polygon","coordinates":[[[75.298,32.332],[75.359,32.262],[75.295,32.149],[74.956,32.032],[74.829,32.025],[74.784,31.943],[74.698,31.95],[74.566,31.841],[74.489,31.711],[74.556,31.612],[74.612,31.44],[74.532,31.303],[74.506,31.175],[74.601,31.057],[74.519,30.962],[74.401,30.893],[74.33,30.9],[74.164,30.665],[74.057,30.592],[73.939,30.426],[73.852,30.373],[73.947,30.204],[73.97,30.137],[73.898,30.035],[73.916,29.98],[74.517,29.947],[74.651,29.914],[74.711,29.968],[74.823,29.985],[75.105,29.821],[75.188,29.835],[75.238,29.749],[75.172,29.688],[75.235,29.562],[75.446,29.806],[75.604,29.765],[75.718,29.778],[75.786,29.831],[75.957,29.739],[76.226,29.869],[76.178,29.955],[76.267,30.114],[76.43,30.14],[76.531,30.084],[76.625,30.143],[76.606,30.274],[76.714,30.337],[76.753,30.431],[76.905,30.384],[76.887,30.634],[76.827,30.681],[76.776,30.677],[76.704,30.781],[76.815,30.789],[76.768,30.908],[76.645,30.999],[76.567,31.281],[76.434,31.318],[76.374,31.419],[76.275,31.31],[76.158,31.339],[76.071,31.564],[75.923,31.806],[75.964,31.849],[75.88,31.972],[75.707,32.05],[75.639,32.147],[75.623,32.259],[75.693,32.272],[75.912,32.431],[75.847,32.517],[75.683,32.4],[75.612,32.395],[75.502,32.301],[75.298,32.332]]]},"properties":{"kind":"state","name":"Punjab"}},{"type":"Feature","geometry":{"type":"Polygon","coordinates":[[[73.947,30.204],[73.74,30.048],[73.558,30.013],[73.37,29.927],[73.233,29.537],[73.051,29.228],[72.902,29.023],[72.382,28.784],[72.256,28.646],[72.15,28.354],[71.988,28.228],[71.892,28.097],[71.861,27.95],[71.561,27.869],[71.311,27.862],[71.151,27.822],[70.832,27.701],[70.71,27.741],[70.633,27.932],[70.456,28.04],[70.342,28.011],[70.091,27.794],[70.017,27.601],[69.848,27.41],[69.576,27.188],[69.508,27.05],[69.465,26.808],[69.504,26.735],[69.659,26.678],[69.816,26.58],[70.056,26.589],[70.158,26.53],[70.161,26.371],[70.132,26.18],[70.078,26.1],[70.065,25.98],[70.115,25.882],[70.265,25.697],[70.477,25.676],[70.592,25.709],[70.657,25.634],[70.647,25.431],[70.723,25.287],[70.86,25.139],[70.893,25.002],[71.057,24.693],[71.251,24.637],[71.546,24.688],[71.652,24.658],[71.751,24.678],[71.948,24.663],[72.051,24.708],[72.099,24.657],[72.262,24.608],[72.275,24.568],[72.668,24.461],[72.747,24.381],[72.897,24.361],[73,24.493],[73.095,24.504],[73.137,24.336],[73.079,24.204],[73.246,24.016],[73.354,24.105],[73.424,23.941],[73.364,23.889],[73.362,23.784],[73.621,23.583],[73.619,23.452],[73.711,23.415],[73.812,23.435],[73.904,23.333],[73.96,23.359],[74.106,23.248],[74.109,23.191],[74.233,23.156],[74.323,23.036],[74.476,23.062],[74.716,23.179],[74.536,23.251],[74.57,23.368],[74.648,23.431],[74.823,23.5],[74.939,23.687],[74.908,23.897],[74.968,24.033],[74.893,24.134],[74.87,24.236],[74.759,24.257],[74.766,24.359],[74.847,24.436],[74.712,24.524],[74.784,24.668],[74.965,24.694],[74.974,24.786],[74.838,24.797],[74.815,24.917],[74.981,24.863],[75.084,24.889],[75.133,25.04],[75.235,25.04],[75.318,24.955],[75.172,24.763],[75.204,24.725],[75.448,24.703],[75.759,24.777],[75.869,24.599],[75.875,24.514],[75.734,24.424],[75.795,24.252],[75.805,24.119],[75.73,24.001],[75.622,23.995],[75.539,24.041],[75.49,23.94],[75.597,23.818],[75.7,23.793],[75.776,23.883],[75.998,23.984],[75.999,24.051],[76.117,24.134],[76.133,24.329],[76.23,24.278],[76.573,24.273],[76.767,24.16],[76.892,24.241],[76.815,24.36],[76.806,24.556],[76.943,24.5],[77.035,24.538],[77.037,24.67],[76.967,24.737],[76.848,24.76],[76.781,24.837],[76.883,24.897],[76.861,25.034],[77.187,25.128],[77.341,25.114],[77.399,25.212],[77.359,25.407],[77.255,25.434],[77.181,25.343],[77.081,25.353],[76.913,25.309],[76.652,25.379],[76.551,25.46],[76.478,25.72],[76.546,25.848],[76.652,25.923],[76.727,25.916],[76.908,26.099],[77.21,26.242],[77.323,26.352],[77.431,26.374],[77.617,26.483],[77.831,26.576],[77.903,26.664],[78.079,26.683],[78.101,26.795],[78.2,26.824],[78.223,26.937],[78.107,26.947],[77.977,26.904],[77.705,26.93],[77.511,26.833],[77.461,26.904],[77.628,26.973],[77.513,27.109],[77.657,27.203],[77.606,27.324],[77.46,27.385],[77.346,27.542],[77.281,27.809],[77.041,27.807],[76.973,27.679],[76.901,27.734],[76.941,27.852],[76.921,28.034],[76.941,28.123],[76.857,28.229],[76.647,28.086],[76.658,28.017],[76.553,27.971],[76.479,28.129],[76.368,28.156],[76.267,28.077],[76.163,28.058],[76.215,27.842],[76,27.843],[75.932,27.918],[75.993,28.051],[75.962,28.139],[76.026,28.262],[75.887,28.404],[75.699,28.521],[75.594,28.643],[75.452,29.024],[75.393,29.106],[75.328,29.296],[75.107,29.238],[74.97,29.284],[74.907,29.378],[74.821,29.403],[74.613,29.333],[74.537,29.441],[74.602,29.47],[74.575,29.59],[74.603,29.726],[74.506,29.737],[74.517,29.947],[73.916,29.98],[73.898,30.035],[73.97,30.137],[73.947,30.204]]]},"properties":{"kind":"state","name":"Rajasthan"}},{"type":"Feature","geometry":{"type":"Polygon","coordinates":[[[71.057,24.693],[70.955,24.585],[70.997,24.357],[70.918,24.362],[70.755,24.231],[70.622,24.241],[70.56,24.287],[70.521,24.425],[70.243,24.331],[70.11,24.305],[70.052,24.202],[69.972,24.165],[69.769,24.163],[69.671,24.189],[69.563,24.277],[69.281,24.284],[69.148,24.257],[69.048,24.285],[68.963,24.257],[68.89,24.319],[68.726,24.289],[68.724,23.965],[68.432,23.967],[68.252,23.905],[68.183,23.842],[68.169,23.748],[68.178,23.754],[68.193,23.656],[68.185,23.652],[68.181,23.594],[68.327,23.587],[68.411,23.701],[68.424,23.446],[68.561,23.364],[68.552,23.26],[68.691,23.131],[68.866,23.02],[69.04,22.951],[69.239,22.842],[69.338,22.833],[69.586,22.761],[69.716,22.747],[69.833,22.858],[70.269,22.959],[70.399,22.946],[70.399,23.069],[70.467,23.13],[70.527,23.024],[70.375,22.903],[70.319,22.778],[70.178,22.562],[69.962,22.535],[69.789,22.423],[69.742,22.473],[69.616,22.356],[69.36,22.329],[69.212,22.274],[69.206,22.399],[68.993,22.432],[68.945,22.295],[68.994,22.204],[69.198,21.98],[69.368,21.856],[69.568,21.65],[69.63,21.616],[69.815,21.434],[70.054,21.153],[70.337,20.927],[70.542,20.808],[70.84,20.702],[70.973,20.71],[71.006,20.737],[71.141,20.766],[71.319,20.849],[71.462,20.885],[71.718,21.032],[72.105,21.205],[72.105,21.315],[72.242,21.481],[72.296,21.654],[72.166,21.794],[72.142,21.925],[72.308,22.079],[72.317,22.185],[72.553,22.282],[72.634,22.21],[72.542,22.157],[72.507,21.962],[72.563,21.839],[72.532,21.714],[72.798,21.674],[72.751,21.565],[72.62,21.487],[72.574,21.39],[72.606,21.267],[72.8,21.129],[72.784,21.04],[72.945,20.77],[72.885,20.619],[72.879,20.512],[72.847,20.468],[72.882,20.392],[72.818,20.379],[72.817,20.376],[72.748,20.28],[72.71,20.083],[72.708,20.073],[72.947,20.127],[72.897,20.222],[73.065,20.337],[73.112,20.255],[73.042,20.158],[73.166,20.115],[73.272,20.193],[73.364,20.178],[73.394,20.27],[73.361,20.369],[73.459,20.538],[73.404,20.67],[73.476,20.679],[73.7,20.562],[73.792,20.606],[73.811,20.677],[73.909,20.776],[73.868,20.975],[73.695,21.123],[73.8,21.281],[73.919,21.292],[73.96,21.394],[74.109,21.452],[74.192,21.546],[73.996,21.555],[73.821,21.508],[73.752,21.611],[73.829,21.651],[73.809,21.836],[74.129,21.952],[74.142,22.063],[74.056,22.294],[74.224,22.349],[74.113,22.411],[74.161,22.517],[74.273,22.61],[74.376,22.651],[74.458,22.804],[74.365,22.875],[74.323,23.036],[74.233,23.156],[74.109,23.191],[74.106,23.248],[73.96,23.359],[73.904,23.333],[73.812,23.435],[73.711,23.415],[73.619,23.452],[73.621,23.583],[73.362,23.784],[73.364,23.889],[73.424,23.941],[73.354,24.105],[73.246,24.016],[73.079,24.204],[73.137,24.336],[73.095,24.504],[73,24.493],[72.897,24.361],[72.747,24.381],[72.668,24.461],[72.275,24.568],[72.262,24.608],[72.099,24.657],[72.051,24.708],[71.948,24.663],[71.751,24.678],[71.652,24.658],[71.546,24.688],[71.251,24.637],[71.057,24.693]]]},"properties":{"kind":"state","name":"Gujarat"}},{"type":"Feature","geometry":{"type":"Polygon","coordinates":[[[78.887,31.284],[78.753,31.302],[78.763,31.445],[78.7,31.51],[78.819,31.607],[78.731,31.668],[78.671,31.771],[78.745,31.964],[78.649,32.036],[78.513,32.208],[78.458,32.23],[78.449,32.427],[78.381,32.528],[78.367,32.765],[78.254,32.698],[78.009,32.61],[77.939,32.695],[77.858,32.873],[77.721,33.013],[77.539,32.918],[77.349,32.867],[77.136,32.927],[76.956,33.025],[76.755,33.195],[76.626,33.189],[76.559,33.231],[76.294,33.148],[76.216,33.051],[76.101,33.013],[75.972,32.911],[75.805,32.899],[75.909,32.773],[75.923,32.617],[75.847,32.517],[75.912,32.431],[75.693,32.272],[75.623,32.259],[75.639,32.147],[75.707,32.05],[75.88,31.972],[75.964,31.849],[75.923,31.806],[76.071,31.564],[76.158,31.339],[76.275,31.31],[76.374,31.419],[76.434,31.318],[76.567,31.281],[76.645,30.999],[76.768,30.908],[76.906,30.899],[77.002,30.777],[77.115,30.722],[77.148,30.539],[77.303,30.46],[77.585,30.383],[77.813,30.521],[77.706,30.791],[77.789,30.931],[77.757,30.985],[77.941,31.173],[78.04,31.172],[78.284,31.29],[78.369,31.29],[78.501,31.22],[78.793,31.207],[78.87,31.122],[78.993,31.163],[78.893,31.282],[78.887,31.284]]]},"properties":{"kind":"state","name":"Himachal Pradesh"}},{"type":"Feature","geometry":{"type":"Polygon","coordinates":[[[76.755,33.195],[76.661,33.366],[76.501,33.518],[76.264,33.589],[76.256,33.728],[76.176,33.891],[76.039,33.996],[75.885,33.984],[75.756,34.081],[75.666,34.219],[75.591,34.229],[75.392,34.382],[75.368,34.556],[75.249,34.648],[75.247,34.808],[75.141,34.89],[74.93,34.833],[74.649,34.954],[74.534,35.121],[74.119,35.111],[74.066,35.046],[74.057,34.933],[73.884,34.811],[73.701,34.756],[73.583,34.588],[73.447,34.558],[73.4,34.376],[73.474,34.269],[73.519,34.008],[73.58,33.91],[73.6,33.709],[73.576,33.626],[73.633,33.557],[73.628,33.452],[73.574,33.387],[73.6,33.247],[73.673,33.085],[73.822,33.013],[73.907,33.03],[73.983,32.969],[74.521,32.745],[74.65,32.723],[74.63,32.588],[74.725,32.461],[74.907,32.445],[75.024,32.466],[75.298,32.332],[75.502,32.301],[75.612,32.395],[75.683,32.4],[75.847,32.517],[75.923,32.617],[75.909,32.773],[75.805,32.899],[75.972,32.911],[76.101,33.013],[76.216,33.051],[76.294,33.148],[76.559,33.231],[76.626,33.189],[76.755,33.195]]]},"properties":{"kind":"state","name":"Jammu and Kashmir"}},{"type":"Feature","geometry":{"type":"Polygon","coordinates":[[[88.087,26.539],[88.074,26.454],[87.975,26.367],[87.871,26.461],[87.769,26.451],[87.587,26.378],[87.384,26.419],[87.326,26.353],[87.219,26.408],[87.083,26.432],[87.041,26.58],[86.796,26.432],[86.714,26.415],[86.301,26.609],[86.203,26.585],[86.011,26.654],[85.822,26.572],[85.713,26.653],[85.688,26.812],[85.599,26.854],[85.287,26.737],[85.195,26.759],[85.162,26.851],[85.044,26.844],[84.924,26.956],[84.802,27.014],[84.64,27.028],[84.658,27.203],[84.577,27.329],[84.289,27.376],[84.226,27.44],[84.08,27.51],[84.029,27.454],[83.854,27.441],[83.853,27.346],[83.942,27.222],[83.938,27.164],[84.023,27.06],[84.071,26.924],[84.241,26.874],[84.246,26.757],[84.383,26.642],[84.099,26.65],[83.971,26.521],[84.104,26.419],[84.178,26.404],[84.187,26.293],[83.993,26.241],[84.065,26.104],[84.15,26.066],[84.261,25.931],[84.374,25.94],[84.532,25.862],[84.601,25.747],[84.487,25.701],[84.373,25.765],[84.324,25.659],[84.239,25.648],[84.143,25.736],[83.904,25.529],[83.775,25.445],[83.384,25.236],[83.334,25.173],[83.36,24.863],[83.509,24.762],[83.523,24.53],[83.696,24.506],[83.918,24.544],[84.044,24.624],[84.096,24.504],[84.305,24.531],[84.314,24.443],[84.472,24.307],[84.588,24.394],[84.798,24.497],[84.961,24.348],[85.281,24.487],[85.526,24.502],[85.662,24.569],[85.647,24.649],[85.746,24.77],[85.831,24.771],[85.912,24.698],[86.098,24.69],[86.155,24.556],[86.29,24.552],[86.276,24.435],[86.439,24.34],[86.494,24.48],[86.586,24.561],[86.702,24.548],[86.755,24.588],[86.89,24.532],[86.925,24.614],[87.05,24.597],[87.119,24.851],[87.117,24.971],[87.186,25.062],[87.266,25.072],[87.292,25.174],[87.407,25.181],[87.523,25.324],[87.599,25.267],[87.784,25.214],[87.838,25.278],[87.768,25.436],[87.956,25.534],[88.043,25.547],[88.046,25.669],[87.805,25.874],[87.831,26.011],[87.979,26.146],[88.18,26.286],[88.297,26.336],[88.282,26.428],[88.087,26.539]]]},"properties":{"kind":"state","name":"Bihar"}},{"type":"Feature","geometry":{"type":"Polygon","coordinates":[[[83.853,27.346],[83.59,27.457],[83.361,27.462],[83.305,27.332],[83.133,27.444],[83.01,27.443],[82.752,27.495],[82.652,27.704],[82.402,27.677],[82.052,27.905],[81.976,27.917],[81.883,27.849],[81.615,27.981],[81.458,28.077],[81.396,28.161],[81.307,28.124],[81.146,28.372],[81,28.397],[80.782,28.515],[80.648,28.62],[80.498,28.67],[80.35,28.62],[80.233,28.733],[80.073,28.821],[80.001,28.737],[79.844,28.805],[79.813,28.877],[79.444,28.85],[79.371,28.97],[79.296,28.972],[79.056,29.152],[78.95,29.127],[78.868,29.215],[78.722,29.284],[78.907,29.388],[78.643,29.538],[78.479,29.722],[78.381,29.762],[78.228,29.947],[78.155,29.925],[78.189,29.707],[78.107,29.655],[77.983,29.719],[77.831,29.66],[77.747,29.878],[77.746,29.977],[77.929,30.244],[77.751,30.326],[77.662,30.395],[77.585,30.383],[77.57,30.278],[77.403,30.113],[77.23,29.977],[77.18,29.804],[77.088,29.659],[77.073,29.44],[77.15,29.403],[77.141,29.13],[77.201,28.877],[77.227,28.784],[77.307,28.721],[77.327,28.52],[77.497,28.393],[77.467,28.315],[77.529,28.253],[77.468,28.047],[77.526,27.974],[77.281,27.809],[77.346,27.542],[77.46,27.385],[77.606,27.324],[77.657,27.203],[77.513,27.109],[77.628,26.973],[77.461,26.904],[77.511,26.833],[77.705,26.93],[77.977,26.904],[78.107,26.947],[78.223,26.937],[78.2,26.824],[78.371,26.851],[78.564,26.758],[78.693,26.798],[78.861,26.701],[78.936,26.694],[79.028,26.498],[79.061,26.355],[78.963,26.278],[78.954,26.11],[78.808,25.842],[78.74,25.79],[78.715,25.626],[78.558,25.576],[78.371,25.553],[78.262,25.412],[78.366,25.186],[78.337,25.023],[78.169,24.865],[78.261,24.693],[78.229,24.533],[78.35,24.408],[78.386,24.301],[78.489,24.411],[78.656,24.295],[78.826,24.23],[78.955,24.393],[78.879,24.613],[78.75,24.63],[78.715,24.685],[78.732,24.815],[78.64,24.964],[78.61,25.136],[78.516,25.266],[78.597,25.414],[78.728,25.346],[78.749,25.426],[78.853,25.434],[78.955,25.386],[78.885,25.266],[79.269,25.164],[79.295,25.259],[79.425,25.257],[79.339,25.147],[79.468,25.104],[79.542,25.177],[79.661,25.148],[79.863,25.153],[79.852,25.248],[80.015,25.331],[80.125,25.351],[80.191,25.413],[80.284,25.414],[80.326,25.282],[80.422,25.181],[80.265,25.064],[80.288,25.016],[80.458,25.015],[80.58,25.148],[80.647,25.07],[80.718,25.082],[80.806,25.212],[80.859,25.188],[80.779,24.971],[80.999,24.966],[81.098,24.909],[81.185,24.973],[81.243,25.17],[81.361,25.157],[81.537,25.2],[81.585,25.08],[81.817,25.036],[81.881,24.922],[82.137,24.809],[82.196,24.844],[82.307,24.632],[82.424,24.648],[82.427,24.719],[82.624,24.692],[82.692,24.72],[82.772,24.668],[82.734,24.552],[82.767,24.386],[82.733,24.214],[82.679,24.167],[82.801,23.999],[82.964,23.914],[83.206,23.944],[83.337,24.14],[83.454,24.362],[83.402,24.498],[83.523,24.53],[83.509,24.762],[83.36,24.863],[83.334,25.173],[83.384,25.236],[83.775,25.445],[83.904,25.529],[84.143,25.736],[84.239,25.648],[84.324,25.659],[84.373,25.765],[84.487,25.701],[84.601,25.747],[84.532,25.862],[84.374,25.94],[84.261,25.931],[84.15,26.066],[84.065,26.104],[83.993,26.241],[84.187,26.293],[84.178,26.404],[84.104,26.419],[83.971,26.521],[84.099,26.65],[84.383,26.642],[84.246,26.757],[84.241,26.874],[84.071,26.924],[84.023,27.06],[83.938,27.164],[83.942,27.222],[83.853,27.346]]]},"properties":{"kind":"state","name":"Uttar Pradesh"}},{"type":"Feature","geometry":{"type":"Polygon","coordinates":[[[80.26,13.468],[80.119,13.501],[80.056,13.595],[80.091,13.659],[80.197,13.644],[80.278,13.513],[80.288,13.527],[80.221,13.697],[80.237,13.84],[80.164,13.988],[80.121,14.242],[80.175,14.345],[80.197,14.565],[80.111,14.705],[80.055,15.014],[80.091,15.305],[80.173,15.438],[80.263,15.675],[80.36,15.776],[80.67,15.908],[80.776,15.884],[80.83,15.748],[80.91,15.853],[80.999,15.847],[81.155,15.986],[81.249,16.32],[81.317,16.367],[81.496,16.361],[81.763,16.323],[81.993,16.408],[82.307,16.58],[82.366,16.812],[82.268,16.867],[82.299,17.03],[82.475,17.206],[82.719,17.349],[82.897,17.409],[83.088,17.531],[83.239,17.593],[83.418,17.806],[83.431,17.854],[83.614,18.045],[83.775,18.14],[84.077,18.272],[84.282,18.526],[84.424,18.636],[84.631,18.916],[84.741,19.028],[84.778,19.116],[84.695,19.161],[84.525,19.033],[84.318,18.809],[84.153,18.788],[84.071,18.818],[83.902,18.806],[83.802,19],[83.706,19.001],[83.613,19.13],[83.49,19.052],[83.394,18.869],[83.202,18.742],[83.127,18.758],[83.028,18.641],[83.084,18.525],[83.039,18.39],[82.904,18.355],[82.878,18.409],[82.587,18.244],[82.597,18.325],[82.449,18.522],[82.368,18.414],[82.33,18.044],[82.24,17.993],[82.042,18.043],[81.759,17.909],[81.776,17.833],[81.629,17.763],[81.535,17.638],[81.47,17.42],[81.408,17.371],[81.214,17.324],[81.144,17.25],[80.99,17.218],[80.893,17.156],[80.83,17.046],[80.67,17.08],[80.591,17.14],[80.502,17.108],[80.384,16.976],[80.586,16.934],[80.506,16.792],[80.351,16.862],[80.281,16.997],[80.22,17.033],[80.078,16.973],[80.002,16.871],[80.073,16.823],[79.958,16.63],[79.882,16.703],[79.504,16.642],[79.406,16.587],[79.266,16.57],[79.213,16.493],[79.233,16.331],[79.161,16.219],[79.022,16.247],[78.734,16.03],[78.5,16.094],[78.4,16.083],[78.256,16.006],[78.235,15.95],[78.087,15.833],[77.888,15.919],[77.85,15.894],[77.641,15.901],[77.446,15.953],[77.226,15.976],[77.144,15.961],[77.034,15.874],[77.025,15.781],[77.085,15.667],[77,15.614],[77.026,15.351],[77.105,15.308],[77.128,15.132],[77.08,15.037],[76.948,15.022],[76.764,15.094],[76.719,14.99],[76.822,14.921],[76.762,14.764],[76.753,14.566],[76.83,14.479],[76.932,14.458],[76.862,14.347],[76.908,14.258],[77.045,14.232],[77.111,14.33],[77.257,14.334],[77.468,14.192],[77.369,14.163],[77.289,14.011],[77.112,14.005],[76.995,14.066],[76.936,14.011],[77.01,13.905],[76.959,13.782],[77.032,13.746],[77.133,13.785],[77.152,13.904],[77.384,13.847],[77.443,13.702],[77.735,13.824],[77.879,13.917],[77.921,13.83],[78.033,13.885],[78.097,13.809],[78.068,13.699],[78.184,13.602],[78.375,13.58],[78.35,13.376],[78.381,13.323],[78.568,13.275],[78.516,13.089],[78.416,12.948],[78.286,12.843],[78.23,12.76],[78.353,12.642],[78.419,12.633],[78.583,12.778],[78.645,12.992],[78.736,13.061],[78.944,13.093],[79.078,13.036],[79.162,13.045],[79.251,13.148],[79.315,13.132],[79.42,13.22],[79.45,13.331],[79.572,13.284],[79.668,13.291],[79.785,13.224],[79.816,13.295],[79.957,13.366],[79.962,13.417],[80.098,13.464],[80.26,13.468]]]},"properties":{"kind":"state","name":"Andhra Pradesh"}},{"type":"Feature","geometry":{"type":"Polygon","coordinates":[[[84.778,19.116],[84.872,19.22],[85.18,19.475],[85.105,19.515],[85.221,19.736],[85.464,19.903],[85.57,19.876],[85.549,19.691],[85.744,19.766],[86.269,19.91],[86.372,19.965],[86.467,20.095],[86.495,20.184],[86.702,20.285],[86.734,20.462],[86.923,20.622],[87.004,20.657],[86.952,20.849],[86.844,21.082],[86.837,21.175],[86.918,21.327],[87.064,21.475],[87.201,21.552],[87.342,21.562],[87.477,21.614],[87.409,21.786],[87.275,21.814],[87.191,21.956],[86.994,21.972],[86.987,22.067],[86.834,22.122],[86.687,22.218],[86.487,22.337],[86.366,22.33],[86.268,22.422],[86.04,22.557],[85.939,22.501],[85.987,22.394],[85.974,22.105],[85.916,22.022],[85.785,22.012],[85.792,22.129],[85.679,22.076],[85.425,22.164],[85.324,22.127],[85.232,22.035],[85.109,22.108],[84.985,22.113],[85.088,22.28],[85.1,22.394],[85.066,22.503],[84.908,22.422],[84.53,22.423],[84.421,22.331],[84.311,22.324],[84.148,22.387],[84.067,22.5],[83.97,22.539],[83.996,22.441],[83.946,22.371],[83.841,22.349],[83.605,22.196],[83.546,22.102],[83.515,21.964],[83.557,21.835],[83.473,21.807],[83.328,21.499],[83.381,21.4],[83.279,21.359],[83.198,21.173],[83.078,21.115],[82.965,21.179],[82.668,21.155],[82.562,20.954],[82.454,20.847],[82.342,20.861],[82.367,20.657],[82.34,20.556],[82.422,20.428],[82.434,20.159],[82.416,20.067],[82.611,19.988],[82.695,20.001],[82.682,19.823],[82.381,19.886],[82.29,19.836],[82.228,19.959],[82.096,20.051],[82.046,20.018],[81.94,20.105],[81.868,20.047],[81.824,19.913],[82.029,19.776],[82.029,19.518],[82.169,19.387],[82.145,19.244],[82.225,19.015],[82.139,18.747],[81.969,18.686],[81.913,18.545],[81.741,18.358],[81.543,18.262],[81.444,17.88],[81.394,17.807],[81.578,17.797],[81.759,17.909],[82.042,18.043],[82.24,17.993],[82.33,18.044],[82.368,18.414],[82.449,18.522],[82.597,18.325],[82.587,18.244],[82.878,18.409],[82.904,18.355],[83.039,18.39],[83.084,18.525],[83.028,18.641],[83.127,18.758],[83.202,18.742],[83.394,18.869],[83.49,19.052],[83.613,19.13],[83.706,19.001],[83.802,19],[83.902,18.806],[84.071,18.818],[84.153,18.788],[84.318,18.809],[84.525,19.033],[84.695,19.161],[84.778,19.116]]]},"properties":{"kind":"state","name":"Odisha"}},{"type":"Feature","geometry":{"type":"MultiPolygon","coordinates":[[[[72.821,20.386],[72.818,20.379],[72.882,20.392],[72.847,20.468],[72.84,20.459],[72.821,20.386]]],[[[73.166,20.115],[73.042,20.158],[73.112,20.255],[73.065,20.337],[72.897,20.222],[72.947,20.127],[72.997,20.04],[73.161,20.047],[73.166,20.115]]]]},"properties":{"kind":"state","name":"Dadra and Nagar Haveli and Daman and Diu"}},{"type":"Feature","geometry":{"type":"Polygon","coordinates":[[[72.708,20.071],[72.65,19.842],[72.714,19.746],[72.718,19.607],[72.796,19.527],[72.747,19.468],[72.788,19.345],[72.772,19.265],[72.824,19.054],[72.891,18.992],[72.927,18.827],[72.852,18.77],[72.855,18.681],[72.921,18.555],[72.89,18.441],[72.977,18.295],[72.981,18.081],[73.019,17.952],[73.123,17.723],[73.132,17.539],[73.165,17.413],[73.235,17.302],[73.289,16.984],[73.275,16.849],[73.322,16.692],[73.319,16.51],[73.385,16.402],[73.379,16.333],[73.447,16.069],[73.588,15.903],[73.644,15.749],[73.701,15.723],[73.813,15.772],[73.908,15.721],[73.99,15.614],[74.101,15.64],[74.224,15.726],[74.331,15.762],[74.354,15.873],[74.47,16.11],[74.452,16.254],[74.366,16.293],[74.347,16.388],[74.272,16.49],[74.43,16.644],[74.525,16.624],[74.557,16.552],[74.666,16.606],[74.685,16.708],[74.867,16.776],[74.845,16.852],[74.96,16.951],[75.043,16.953],[75.167,16.868],[75.256,16.959],[75.453,16.964],[75.647,17.091],[75.622,17.221],[75.553,17.366],[75.613,17.472],[75.784,17.375],[75.87,17.416],[75.936,17.326],[76.21,17.389],[76.344,17.352],[76.322,17.618],[76.391,17.637],[76.513,17.773],[76.676,17.707],[76.885,17.974],[76.893,18.144],[77.088,18.197],[77.231,18.334],[77.347,18.352],[77.461,18.282],[77.551,18.308],[77.538,18.417],[77.592,18.548],[77.68,18.57],[77.703,18.669],[77.781,18.704],[77.839,18.81],[77.912,18.835],[77.752,19.046],[77.834,19.121],[77.92,19.332],[78.064,19.264],[78.168,19.264],[78.174,19.375],[78.303,19.483],[78.333,19.643],[78.384,19.685],[78.322,19.863],[78.478,19.799],[78.534,19.825],[78.848,19.725],[78.873,19.65],[79.024,19.542],[79.198,19.462],[79.266,19.59],[79.42,19.536],[79.539,19.534],[79.735,19.603],[79.796,19.594],[79.931,19.483],[79.965,19.402],[79.931,19.212],[79.862,19.081],[79.934,19.053],[79.96,18.867],[80.091,18.697],[80.27,18.714],[80.344,18.851],[80.272,18.979],[80.367,19.117],[80.397,19.234],[80.576,19.392],[80.717,19.263],[80.832,19.345],[80.894,19.484],[80.713,19.593],[80.676,19.677],[80.566,19.74],[80.531,19.921],[80.557,20.048],[80.531,20.135],[80.426,20.146],[80.424,20.234],[80.622,20.326],[80.622,20.601],[80.573,20.698],[80.552,20.919],[80.435,20.999],[80.485,21.168],[80.626,21.243],[80.679,21.351],[80.626,21.326],[80.418,21.447],[80.31,21.58],[80.187,21.639],[80.005,21.548],[79.84,21.534],[79.798,21.588],[79.552,21.55],[79.533,21.619],[79.413,21.69],[79.24,21.713],[79.216,21.655],[78.922,21.572],[78.904,21.509],[78.696,21.475],[78.514,21.527],[78.428,21.508],[78.413,21.606],[78.193,21.551],[78.029,21.438],[77.871,21.398],[77.788,21.423],[77.713,21.38],[77.578,21.384],[77.482,21.424],[77.457,21.549],[77.555,21.542],[77.552,21.697],[77.461,21.77],[77.333,21.774],[77.219,21.701],[77.116,21.724],[76.917,21.618],[76.794,21.577],[76.73,21.413],[76.633,21.341],[76.614,21.202],[76.498,21.18],[76.437,21.108],[76.287,21.075],[76.187,21.086],[76.083,21.368],[75.878,21.4],[75.535,21.372],[75.312,21.381],[75.13,21.438],[75.048,21.554],[74.894,21.612],[74.708,21.611],[74.512,21.727],[74.486,21.946],[74.408,22.023],[74.284,21.945],[74.129,21.952],[73.809,21.836],[73.829,21.651],[73.752,21.611],[73.821,21.508],[73.996,21.555],[74.192,21.546],[74.109,21.452],[73.96,21.394],[73.919,21.292],[73.8,21.281],[73.695,21.123],[73.868,20.975],[73.909,20.776],[73.811,20.677],[73.792,20.606],[73.7,20.562],[73.476,20.679],[73.404,20.67],[73.459,20.538],[73.361,20.369],[73.394,20.27],[73.364,20.178],[73.272,20.193],[73.166,20.115],[73.161,20.047],[72.997,20.04],[72.947,20.127],[72.708,20.073],[72.708,20.071]]]},"properties":{"kind":"state","name":"Maharashtra"}},{"type":"Feature","geometry":{"type":"Polygon","coordinates":[[[73.701,15.723],[73.698,15.663],[73.795,15.461],[73.886,15.435],[73.947,15.161],[73.913,15.079],[74.031,14.995],[74.091,14.888],[74.241,14.956],[74.304,15.289],[74.237,15.472],[74.227,15.63],[74.101,15.64],[73.99,15.614],[73.908,15.721],[73.813,15.772],[73.701,15.723]]]},"properties":{"kind":"state","name":"Goa"}},{"type":"Feature","geometry":{"type":"Polygon","coordinates":[[[74.091,14.888],[74.111,14.78],[74.263,14.702],[74.31,14.519],[74.394,14.411],[74.429,14.24],[74.505,14.01],[74.615,13.836],[74.818,12.862],[74.854,12.765],[75.102,12.679],[75.312,12.469],[75.389,12.295],[75.629,12.102],[75.761,12.069],[75.846,11.951],[75.961,11.929],[76.056,11.964],[76.115,11.857],[76.177,11.857],[76.416,11.667],[76.532,11.709],[76.605,11.631],[76.821,11.626],[76.908,11.8],[76.997,11.826],[77.083,11.757],[77.259,11.817],[77.354,11.784],[77.434,11.812],[77.49,11.926],[77.671,11.971],[77.769,12.12],[77.668,12.204],[77.492,12.205],[77.472,12.274],[77.561,12.34],[77.619,12.467],[77.569,12.56],[77.609,12.673],[77.765,12.719],[77.801,12.857],[77.895,12.873],[78.002,12.807],[78.056,12.846],[78.23,12.76],[78.286,12.843],[78.416,12.948],[78.516,13.089],[78.568,13.275],[78.381,13.323],[78.35,13.376],[78.375,13.58],[78.184,13.602],[78.068,13.699],[78.097,13.809],[78.033,13.885],[77.921,13.83],[77.879,13.917],[77.735,13.824],[77.443,13.702],[77.384,13.847],[77.152,13.904],[77.133,13.785],[77.032,13.746],[76.959,13.782],[77.01,13.905],[76.936,14.011],[76.995,14.066],[77.112,14.005],[77.289,14.011],[77.369,14.163],[77.468,14.192],[77.257,14.334],[77.111,14.33],[77.045,14.232],[76.908,14.258],[76.862,14.347],[76.932,14.458],[76.83,14.479],[76.753,14.566],[76.762,14.764],[76.822,14.921],[76.719,14.99],[76.764,15.094],[76.948,15.022],[77.08,15.037],[77.128,15.132],[77.105,15.308],[77.026,15.351],[77,15.614],[77.085,15.667],[77.025,15.781],[77.034,15.874],[77.144,15.961],[77.226,15.976],[77.446,15.953],[77.484,16.002],[77.491,16.262],[77.533,16.361],[77.294,16.407],[77.257,16.449],[77.432,16.594],[77.411,16.721],[77.465,17.043],[77.374,17.223],[77.599,17.487],[77.583,17.579],[77.412,17.631],[77.5,17.812],[77.62,17.926],[77.563,18.071],[77.6,18.115],[77.551,18.308],[77.461,18.282],[77.347,18.352],[77.231,18.334],[77.088,18.197],[76.893,18.144],[76.885,17.974],[76.676,17.707],[76.513,17.773],[76.391,17.637],[76.322,17.618],[76.344,17.352],[76.21,17.389],[75.936,17.326],[75.87,17.416],[75.784,17.375],[75.613,17.472],[75.553,17.366],[75.622,17.221],[75.647,17.091],[75.453,16.964],[75.256,16.959],[75.167,16.868],[75.043,16.953],[74.96,16.951],[74.845,16.852],[74.867,16.776],[74.685,16.708],[74.666,16.606],[74.557,16.552],[74.525,16.624],[74.43,16.644],[74.272,16.49],[74.347,16.388],[74.366,16.293],[74.452,16.254],[74.47,16.11],[74.354,15.873],[74.331,15.762],[74.224,15.726],[74.101,15.64],[74.227,15.63],[74.237,15.472],[74.304,15.289],[74.241,14.956],[74.091,14.888]]]},"properties":{"kind":"state","name":"Karnataka"}},{"type":"Feature","geometry":{"type":"Polygon","coordinates":[[[74.854,12.765],[74.955,12.537],[75.222,12.022],[75.223,12.1],[75.276,12.101],[75.304,12.043],[75.325,11.899],[75.531,11.694],[75.617,11.474],[75.695,11.42],[75.833,11.098],[75.922,10.766],[76.052,10.514],[76.178,10.171],[76.245,10.102],[76.278,9.978],[76.359,9.915],[76.394,9.679],[76.339,9.699],[76.312,9.493],[76.363,9.325],[76.544,8.913],[76.996,8.368],[77.11,8.285],[77.279,8.526],[77.179,8.695],[77.249,8.859],[77.165,9.001],[77.255,9.122],[77.399,9.5],[77.341,9.58],[77.263,9.557],[77.188,9.613],[77.235,9.765],[77.26,9.962],[77.224,10.058],[77.277,10.21],[77.191,10.351],[76.928,10.236],[76.842,10.311],[76.809,10.437],[76.821,10.633],[76.89,10.78],[76.82,10.876],[76.69,10.933],[76.719,11.139],[76.641,11.209],[76.466,11.205],[76.534,11.313],[76.409,11.437],[76.256,11.478],[76.241,11.604],[76.339,11.591],[76.416,11.667],[76.177,11.857],[76.115,11.857],[76.056,11.964],[75.961,11.929],[75.846,11.951],[75.761,12.069],[75.629,12.102],[75.389,12.295],[75.312,12.469],[75.102,12.679],[74.854,12.765]]]},"properties":{"kind":"state","name":"Kerala"}},{"type":"Feature","geometry":{"type":"MultiPolygon","coordinates":[[[[75.222,12.022],[75.304,12.043],[75.276,12.101],[75.223,12.1],[75.222,12.022]]],[[[79.847,10.81],[79.847,10.98],[79.737,10.986],[79.705,10.91],[79.847,10.81]]],[[[79.85,11.955],[79.791,11.917],[79.686,12],[79.727,11.842],[79.811,11.833],[79.82,11.879],[79.85,11.955]]]]},"properties":{"kind":"state","name":"Puducherry"}},{"type":"Feature","geometry":{"type":"Polygon","coordinates":[[[77.11,8.285],[77.316,8.128],[77.511,8.076],[78.063,8.373],[78.128,8.488],[78.137,8.67],[78.178,8.861],[78.24,8.966],[78.45,9.117],[78.619,9.141],[78.957,9.275],[78.913,9.474],[78.981,9.667],[79.2,9.97],[79.279,10.036],[79.236,10.167],[79.305,10.268],[79.398,10.325],[79.532,10.323],[79.76,10.258],[79.851,10.282],[79.864,10.379],[79.847,10.81],[79.705,10.91],[79.737,10.986],[79.847,10.98],[79.855,11.16],[79.822,11.391],[79.752,11.577],[79.803,11.796],[79.811,11.833],[79.727,11.842],[79.686,12],[79.791,11.917],[79.85,11.955],[79.85,11.959],[79.862,12.022],[80.156,12.475],[80.229,12.675],[80.286,13.068],[80.333,13.198],[80.348,13.349],[80.26,13.468],[80.098,13.464],[79.962,13.417],[79.957,13.366],[79.816,13.295],[79.785,13.224],[79.668,13.291],[79.572,13.284],[79.45,13.331],[79.42,13.22],[79.315,13.132],[79.251,13.148],[79.162,13.045],[79.078,13.036],[78.944,13.093],[78.736,13.061],[78.645,12.992],[78.583,12.778],[78.419,12.633],[78.353,12.642],[78.23,12.76],[78.056,12.846],[78.002,12.807],[77.895,12.873],[77.801,12.857],[77.765,12.719],[77.609,12.673],[77.569,12.56],[77.619,12.467],[77.561,12.34],[77.472,12.274],[77.492,12.205],[77.668,12.204],[77.769,12.12],[77.671,11.971],[77.49,11.926],[77.434,11.812],[77.354,11.784],[77.259,11.817],[77.083,11.757],[76.997,11.826],[76.908,11.8],[76.821,11.626],[76.605,11.631],[76.532,11.709],[76.416,11.667],[76.339,11.591],[76.241,11.604],[76.256,11.478],[76.409,11.437],[76.534,11.313],[76.466,11.205],[76.641,11.209],[76.719,11.139],[76.69,10.933],[76.82,10.876],[76.89,10.78],[76.821,10.633],[76.809,10.437],[76.842,10.311],[76.928,10.236],[77.191,10.351],[77.277,10.21],[77.224,10.058],[77.26,9.962],[77.235,9.765],[77.188,9.613],[77.263,9.557],[77.341,9.58],[77.399,9.5],[77.255,9.122],[77.165,9.001],[77.249,8.859],[77.179,8.695],[77.279,8.526],[77.11,8.285]]]},"properties":{"kind":"state","name":"Tamil Nadu"}},{"type":"Feature","geometry":{"type":"Polygon","coordinates":[[[73.082,8.316],[73.063,8.279],[73.048,8.268],[73.029,8.26],[73.033,8.249],[73.045,8.252],[73.066,8.27],[73.084,8.308],[73.082,8.316]]]},"properties":{"kind":"state","name":"Lakshadweep"}},{"type":"Feature","geometry":{"type":"MultiPolygon","coordinates":[[[[93.929,7.012],[93.865,7.201],[93.814,7.242],[93.676,7.182],[93.649,7.013],[93.718,6.993],[93.814,6.808],[93.89,6.801],[93.929,7.012]]],[[[92.587,10.736],[92.528,10.895],[92.429,10.851],[92.376,10.775],[92.403,10.575],[92.513,10.508],[92.574,10.581],[92.587,10.736]]],[[[93.076,13.269],[93.004,13.331],[93.06,13.407],[93.042,13.571],[92.959,13.55],[92.847,13.345],[92.854,13.146],[92.808,13.02],[92.8,12.858],[92.737,12.807],[92.76,12.651],[92.722,12.599],[92.718,12.362],[92.778,12.31],[92.793,12.208],[92.64,12.136],[92.642,12.036],[92.54,11.894],[92.56,11.741],[92.634,11.583],[92.727,11.506],[92.797,11.865],[92.737,11.961],[92.769,12.085],[92.893,12.215],[92.939,12.438],[92.991,12.519],[92.991,12.701],[92.964,12.865],[92.905,12.982],[93.02,13.034],[93.076,13.269]]]]},"properties":{"kind":"state","name":"Andaman and Nicobar"}},{"type":"Feature","geometry":{"type":"Polygon","coordinates":[[[83.523,24.53],[83.402,24.498],[83.454,24.362],[83.337,24.14],[83.522,24.066],[83.557,23.936],[83.697,23.819],[83.721,23.676],[83.781,23.586],[84.015,23.554],[83.952,23.475],[83.947,23.37],[84.039,23.309],[84.02,23.187],[84.16,23.023],[84.331,22.97],[84.352,22.886],[84.228,22.783],[84.191,22.701],[83.996,22.593],[83.97,22.539],[84.067,22.5],[84.148,22.387],[84.311,22.324],[84.421,22.331],[84.53,22.423],[84.908,22.422],[85.066,22.503],[85.1,22.394],[85.088,22.28],[84.985,22.113],[85.109,22.108],[85.232,22.035],[85.324,22.127],[85.425,22.164],[85.679,22.076],[85.792,22.129],[85.785,22.012],[85.916,22.022],[85.974,22.105],[85.987,22.394],[85.939,22.501],[86.04,22.557],[86.268,22.422],[86.366,22.33],[86.487,22.337],[86.687,22.218],[86.78,22.287],[86.79,22.416],[86.718,22.469],[86.749,22.545],[86.595,22.633],[86.587,22.681],[86.399,22.785],[86.45,23.004],[86.142,23.028],[86.02,23.153],[85.888,23.163],[85.83,23.261],[85.895,23.416],[86.056,23.603],[86.121,23.501],[86.214,23.449],[86.336,23.508],[86.348,23.568],[86.459,23.639],[86.8,23.726],[86.81,23.818],[86.877,23.913],[87.08,23.815],[87.241,23.851],[87.338,24.002],[87.489,24.047],[87.662,24.186],[87.631,24.269],[87.721,24.318],[87.895,24.67],[87.853,24.758],[87.877,24.939],[87.781,25.09],[87.784,25.214],[87.599,25.267],[87.523,25.324],[87.407,25.181],[87.292,25.174],[87.266,25.072],[87.186,25.062],[87.117,24.971],[87.119,24.851],[87.05,24.597],[86.925,24.614],[86.89,24.532],[86.755,24.588],[86.702,24.548],[86.586,24.561],[86.494,24.48],[86.439,24.34],[86.276,24.435],[86.29,24.552],[86.155,24.556],[86.098,24.69],[85.912,24.698],[85.831,24.771],[85.746,24.77],[85.647,24.649],[85.662,24.569],[85.526,24.502],[85.281,24.487],[84.961,24.348],[84.798,24.497],[84.588,24.394],[84.472,24.307],[84.314,24.443],[84.305,24.531],[84.096,24.504],[84.044,24.624],[83.918,24.544],[83.696,24.506],[83.523,24.53]]]},"properties":{"kind":"state","name":"Jharkhand"}},{"type":"Feature","geometry":{"type":"Polygon","coordinates":[[[77.327,28.52],[77.307,28.721],[77.227,28.784],[77.201,28.877],[77.068,28.882],[76.937,28.815],[76.947,28.696],[76.837,28.587],[76.873,28.519],[77.071,28.529],[77.194,28.433],[77.327,28.52]]]},"properties":{"kind":"state","name":"Delhi"}},{"type":"Feature","geometry":{"type":"Polygon","coordinates":[[[76.815,30.789],[76.704,30.781],[76.776,30.677],[76.827,30.681],[76.815,30.789]]]},"properties":{"kind":"state","name":"Chandigarh"}},{"type":"Feature","geometry":{"type":"Polygon","coordinates":[[[82.801,23.999],[82.679,24.167],[82.733,24.214],[82.767,24.386],[82.734,24.552],[82.772,24.668],[82.692,24.72],[82.624,24.692],[82.427,24.719],[82.424,24.648],[82.307,24.632],[82.196,24.844],[82.137,24.809],[81.881,24.922],[81.817,25.036],[81.585,25.08],[81.537,25.2],[81.361,25.157],[81.243,25.17],[81.185,24.973],[81.098,24.909],[80.999,24.966],[80.779,24.971],[80.859,25.188],[80.806,25.212],[80.718,25.082],[80.647,25.07],[80.58,25.148],[80.458,25.015],[80.288,25.016],[80.265,25.064],[80.422,25.181],[80.326,25.282],[80.284,25.414],[80.191,25.413],[80.125,25.351],[80.015,25.331],[79.852,25.248],[79.863,25.153],[79.661,25.148],[79.542,25.177],[79.468,25.104],[79.339,25.147],[79.425,25.257],[79.295,25.259],[79.269,25.164],[78.885,25.266],[78.955,25.386],[78.853,25.434],[78.749,25.426],[78.728,25.346],[78.597,25.414],[78.516,25.266],[78.61,25.136],[78.64,24.964],[78.732,24.815],[78.715,24.685],[78.75,24.63],[78.879,24.613],[78.955,24.393],[78.826,24.23],[78.656,24.295],[78.489,24.411],[78.386,24.301],[78.35,24.408],[78.229,24.533],[78.261,24.693],[78.169,24.865],[78.337,25.023],[78.366,25.186],[78.262,25.412],[78.371,25.553],[78.558,25.576],[78.715,25.626],[78.74,25.79],[78.808,25.842],[78.954,26.11],[78.963,26.278],[79.061,26.355],[79.028,26.498],[78.936,26.694],[78.861,26.701],[78.693,26.798],[78.564,26.758],[78.371,26.851],[78.2,26.824],[78.101,26.795],[78.079,26.683],[77.903,26.664],[77.831,26.576],[77.617,26.483],[77.431,26.374],[77.323,26.352],[77.21,26.242],[76.908,26.099],[76.727,25.916],[76.652,25.923],[76.546,25.848],[76.478,25.72],[76.551,25.46],[76.652,25.379],[76.913,25.309],[77.081,25.353],[77.181,25.343],[77.255,25.434],[77.359,25.407],[77.399,25.212],[77.341,25.114],[77.187,25.128],[76.861,25.034],[76.883,24.897],[76.781,24.837],[76.848,24.76],[76.967,24.737],[77.037,24.67],[77.035,24.538],[76.943,24.5],[76.806,24.556],[76.815,24.36],[76.892,24.241],[76.767,24.16],[76.573,24.273],[76.23,24.278],[76.133,24.329],[76.117,24.134],[75.999,24.051],[75.998,23.984],[75.776,23.883],[75.7,23.793],[75.597,23.818],[75.49,23.94],[75.539,24.041],[75.622,23.995],[75.73,24.001],[75.805,24.119],[75.795,24.252],[75.734,24.424],[75.875,24.514],[75.869,24.599],[75.759,24.777],[75.448,24.703],[75.204,24.725],[75.172,24.763],[75.318,24.955],[75.235,25.04],[75.133,25.04],[75.084,24.889],[74.981,24.863],[74.815,24.917],[74.838,24.797],[74.974,24.786],[74.965,24.694],[74.784,24.668],[74.712,24.524],[74.847,24.436],[74.766,24.359],[74.759,24.257],[74.87,24.236],[74.893,24.134],[74.968,24.033],[74.908,23.897],[74.939,23.687],[74.823,23.5],[74.648,23.431],[74.57,23.368],[74.536,23.251],[74.716,23.179],[74.476,23.062],[74.323,23.036],[74.365,22.875],[74.458,22.804],[74.376,22.651],[74.273,22.61],[74.161,22.517],[74.113,22.411],[74.224,22.349],[74.056,22.294],[74.142,22.063],[74.129,21.952],[74.284,21.945],[74.408,22.023],[74.486,21.946],[74.512,21.727],[74.708,21.611],[74.894,21.612],[75.048,21.554],[75.13,21.438],[75.312,21.381],[75.535,21.372],[75.878,21.4],[76.083,21.368],[76.187,21.086],[76.287,21.075],[76.437,21.108],[76.498,21.18],[76.614,21.202],[76.633,21.341],[76.73,21.413],[76.794,21.577],[76.917,21.618],[77.116,21.724],[77.219,21.701],[77.333,21.774],[77.461,21.77],[77.552,21.697],[77.555,21.542],[77.457,21.549],[77.482,21.424],[77.578,21.384],[77.713,21.38],[77.788,21.423],[77.871,21.398],[78.029,21.438],[78.193,21.551],[78.413,21.606],[78.428,21.508],[78.514,21.527],[78.696,21.475],[78.904,21.509],[78.922,21.572],[79.216,21.655],[79.24,21.713],[79.413,21.69],[79.533,21.619],[79.552,21.55],[79.798,21.588],[79.84,21.534],[80.005,21.548],[80.187,21.639],[80.31,21.58],[80.418,21.447],[80.626,21.326],[80.679,21.351],[80.721,21.473],[80.731,21.714],[80.838,21.846],[80.844,21.978],[80.919,22.097],[81.119,22.295],[81.123,22.401],[81.373,22.493],[81.418,22.437],[81.642,22.551],[81.766,22.664],[81.789,22.853],[81.94,22.946],[81.946,23.043],[82.129,23.096],[82.19,23.289],[82.098,23.372],[81.991,23.401],[81.907,23.505],[81.745,23.543],[81.644,23.482],[81.591,23.561],[81.686,23.69],[81.622,23.834],[81.682,23.885],[81.778,23.802],[81.937,23.841],[82.077,23.801],[82.532,23.775],[82.768,23.929],[82.801,23.999]]]},"properties":{"kind":"state","name":"Madhya Pradesh"}},{"type":"Feature","geometry":{"type":"Polygon","coordinates":[[[83.337,24.14],[83.206,23.944],[82.964,23.914],[82.801,23.999],[82.768,23.929],[82.532,23.775],[82.077,23.801],[81.937,23.841],[81.778,23.802],[81.682,23.885],[81.622,23.834],[81.686,23.69],[81.591,23.561],[81.644,23.482],[81.745,23.543],[81.907,23.505],[81.991,23.401],[82.098,23.372],[82.19,23.289],[82.129,23.096],[81.946,23.043],[81.94,22.946],[81.789,22.853],[81.766,22.664],[81.642,22.551],[81.418,22.437],[81.373,22.493],[81.123,22.401],[81.119,22.295],[80.919,22.097],[80.844,21.978],[80.838,21.846],[80.731,21.714],[80.721,21.473],[80.679,21.351],[80.626,21.243],[80.485,21.168],[80.435,20.999],[80.552,20.919],[80.573,20.698],[80.622,20.601],[80.622,20.326],[80.424,20.234],[80.426,20.146],[80.531,20.135],[80.557,20.048],[80.531,19.921],[80.566,19.74],[80.676,19.677],[80.713,19.593],[80.894,19.484],[80.832,19.345],[80.717,19.263],[80.576,19.392],[80.397,19.234],[80.367,19.117],[80.272,18.979],[80.344,18.851],[80.27,18.714],[80.409,18.589],[80.503,18.6],[80.696,18.412],[80.772,18.233],[80.885,18.137],[80.979,17.964],[80.986,17.84],[81.045,17.776],[81.148,17.837],[81.245,17.804],[81.394,17.807],[81.444,17.88],[81.543,18.262],[81.741,18.358],[81.913,18.545],[81.969,18.686],[82.139,18.747],[82.225,19.015],[82.145,19.244],[82.169,19.387],[82.029,19.518],[82.029,19.776],[81.824,19.913],[81.868,20.047],[81.94,20.105],[82.046,20.018],[82.096,20.051],[82.228,19.959],[82.29,19.836],[82.381,19.886],[82.682,19.823],[82.695,20.001],[82.611,19.988],[82.416,20.067],[82.434,20.159],[82.422,20.428],[82.34,20.556],[82.367,20.657],[82.342,20.861],[82.454,20.847],[82.562,20.954],[82.668,21.155],[82.965,21.179],[83.078,21.115],[83.198,21.173],[83.279,21.359],[83.381,21.4],[83.328,21.499],[83.473,21.807],[83.557,21.835],[83.515,21.964],[83.546,22.102],[83.605,22.196],[83.841,22.349],[83.946,22.371],[83.996,22.441],[83.97,22.539],[83.996,22.593],[84.191,22.701],[84.228,22.783],[84.352,22.886],[84.331,22.97],[84.16,23.023],[84.02,23.187],[84.039,23.309],[83.947,23.37],[83.952,23.475],[84.015,23.554],[83.781,23.586],[83.721,23.676],[83.697,23.819],[83.557,23.936],[83.522,24.066],[83.337,24.14]]]},"properties":{"kind":"state","name":"Chhattisgarh"}},{"type":"Feature","geometry":{"type":"Polygon","coordinates":[[[77.585,30.383],[77.303,30.46],[77.148,30.539],[77.115,30.722],[77.002,30.777],[76.906,30.899],[76.768,30.908],[76.815,30.789],[76.827,30.681],[76.887,30.634],[76.905,30.384],[76.753,30.431],[76.714,30.337],[76.606,30.274],[76.625,30.143],[76.531,30.084],[76.43,30.14],[76.267,30.114],[76.178,29.955],[76.226,29.869],[75.957,29.739],[75.786,29.831],[75.718,29.778],[75.604,29.765],[75.446,29.806],[75.235,29.562],[75.172,29.688],[75.238,29.749],[75.188,29.835],[75.105,29.821],[74.823,29.985],[74.711,29.968],[74.651,29.914],[74.517,29.947],[74.506,29.737],[74.603,29.726],[74.575,29.59],[74.602,29.47],[74.537,29.441],[74.613,29.333],[74.821,29.403],[74.907,29.378],[74.97,29.284],[75.107,29.238],[75.328,29.296],[75.393,29.106],[75.452,29.024],[75.594,28.643],[75.699,28.521],[75.887,28.404],[76.026,28.262],[75.962,28.139],[75.993,28.051],[75.932,27.918],[76,27.843],[76.215,27.842],[76.163,28.058],[76.267,28.077],[76.368,28.156],[76.479,28.129],[76.553,27.971],[76.658,28.017],[76.647,28.086],[76.857,28.229],[76.941,28.123],[76.921,28.034],[76.941,27.852],[76.901,27.734],[76.973,27.679],[77.041,27.807],[77.281,27.809],[77.526,27.974],[77.468,28.047],[77.529,28.253],[77.467,28.315],[77.497,28.393],[77.327,28.52],[77.194,28.433],[77.071,28.529],[76.873,28.519],[76.837,28.587],[76.947,28.696],[76.937,28.815],[77.068,28.882],[77.201,28.877],[77.141,29.13],[77.15,29.403],[77.073,29.44],[77.088,29.659],[77.18,29.804],[77.23,29.977],[77.403,30.113],[77.57,30.278],[77.585,30.383]]]},"properties":{"kind":"state","name":"Haryana"}},{"type":"Feature","geometry":{"type":"Polygon","coordinates":[[[80.27,18.714],[80.091,18.697],[79.96,18.867],[79.934,19.053],[79.862,19.081],[79.931,19.212],[79.965,19.402],[79.931,19.483],[79.796,19.594],[79.735,19.603],[79.539,19.534],[79.42,19.536],[79.266,19.59],[79.198,19.462],[79.024,19.542],[78.873,19.65],[78.848,19.725],[78.534,19.825],[78.478,19.799],[78.322,19.863],[78.384,19.685],[78.333,19.643],[78.303,19.483],[78.174,19.375],[78.168,19.264],[78.064,19.264],[77.92,19.332],[77.834,19.121],[77.752,19.046],[77.912,18.835],[77.839,18.81],[77.781,18.704],[77.703,18.669],[77.68,18.57],[77.592,18.548],[77.538,18.417],[77.551,18.308],[77.6,18.115],[77.563,18.071],[77.62,17.926],[77.5,17.812],[77.412,17.631],[77.583,17.579],[77.599,17.487],[77.374,17.223],[77.465,17.043],[77.411,16.721],[77.432,16.594],[77.257,16.449],[77.294,16.407],[77.533,16.361],[77.491,16.262],[77.484,16.002],[77.446,15.953],[77.641,15.901],[77.85,15.894],[77.888,15.919],[78.087,15.833],[78.235,15.95],[78.256,16.006],[78.4,16.083],[78.5,16.094],[78.734,16.03],[79.022,16.247],[79.161,16.219],[79.233,16.331],[79.213,16.493],[79.266,16.57],[79.406,16.587],[79.504,16.642],[79.882,16.703],[79.958,16.63],[80.073,16.823],[80.002,16.871],[80.078,16.973],[80.22,17.033],[80.281,16.997],[80.351,16.862],[80.506,16.792],[80.586,16.934],[80.384,16.976],[80.502,17.108],[80.591,17.14],[80.67,17.08],[80.83,17.046],[80.893,17.156],[80.99,17.218],[81.144,17.25],[81.214,17.324],[81.408,17.371],[81.47,17.42],[81.535,17.638],[81.629,17.763],[81.776,17.833],[81.759,17.909],[81.578,17.797],[81.394,17.807],[81.245,17.804],[81.148,17.837],[81.045,17.776],[80.986,17.84],[80.979,17.964],[80.885,18.137],[80.772,18.233],[80.696,18.412],[80.503,18.6],[80.409,18.589],[80.27,18.714]]]},"properties":{"kind":"state","name":"Telangana"}},{"type":"Feature","geometry":{"type":"MultiPolygon","coordinates":[[[[78.381,32.528],[78.448,32.566],[78.63,32.578],[78.713,32.638],[78.771,32.462],[78.943,32.346],[79.092,32.391],[79.113,32.472],[79.287,32.533],[79.32,32.592],[79.443,32.535],[79.621,32.729],[79.414,32.972],[79.373,33.112],[79.423,33.158],[79.42,33.275],[79.098,33.288],[78.918,33.386],[78.896,33.62],[79.011,33.658],[78.888,33.946],[78.935,34.007],[79.132,34.026],[79.376,34.011],[79.495,34.106],[79.548,34.251],[79.509,34.392],[79.67,34.407],[79.714,34.535],[79.813,34.565],[79.852,34.644],[80.05,34.673],[80.078,34.837],[80.163,34.951],[80.203,35.191],[80.242,35.223],[80.284,35.446],[80.327,35.477],[80.292,35.607],[80.111,35.68],[80.005,35.839],[79.876,35.785],[79.738,35.802],[79.461,35.886],[79.364,35.975],[79.184,35.941],[79.133,35.836],[78.971,35.887],[78.665,35.853],[78.545,35.781],[78.435,35.761],[78.142,35.606],[78.115,35.545],[77.955,35.562],[77.89,35.482],[77.774,35.499],[77.661,35.458],[77.52,35.477],[77.509,35.58],[77.349,35.72],[77.209,35.71],[77.09,35.74],[77.009,35.82],[76.839,35.86],[76.779,35.91],[76.759,36.11],[76.669,36.19],[76.568,36.19],[76.429,36.24],[76.389,36.31],[76.239,36.32],[76.149,36.425],[75.981,36.445],[75.875,36.619],[75.791,36.688],[75.571,36.767],[75.493,36.721],[75.411,36.747],[75.351,36.916],[75.1,36.994],[74.91,36.963],[74.662,37.054],[74.542,37.022],[74.394,36.994],[74.094,36.831],[73.947,36.831],[73.712,36.894],[73.72,36.851],[73.869,36.785],[73.802,36.728],[73.673,36.705],[73.416,36.752],[73.078,36.701],[73.094,36.603],[72.981,36.471],[72.692,36.271],[72.565,36.23],[72.529,36.103],[72.588,36.013],[72.516,35.904],[72.792,35.838],[72.872,35.874],[73.085,35.877],[73.15,35.832],[73.135,35.715],[73.41,35.548],[73.758,35.527],[73.689,35.307],[73.776,35.235],[73.924,35.199],[74.119,35.111],[74.066,35.046],[74.057,34.933],[73.884,34.811],[73.701,34.756],[73.583,34.588],[73.447,34.558],[73.4,34.376],[73.474,34.269],[73.519,34.008],[73.58,33.91],[73.6,33.709],[73.576,33.626],[73.633,33.557],[73.628,33.452],[73.574,33.387],[73.6,33.247],[73.673,33.085],[73.822,33.013],[73.907,33.03],[73.983,32.969],[74.521,32.745],[74.65,32.723],[74.63,32.588],[74.725,32.461],[74.907,32.445],[75.024,32.466],[75.298,32.332],[75.359,32.262],[75.295,32.149],[74.956,32.032],[74.829,32.025],[74.784,31.943],[74.698,31.95],[74.566,31.841],[74.489,31.711],[74.556,31.612],[74.612,31.44],[74.532,31.303],[74.506,31.175],[74.601,31.057],[74.519,30.962],[74.401,30.893],[74.33,30.9],[74.164,30.665],[74.057,30.592],[73.939,30.426],[73.852,30.373],[73.947,30.204],[73.74,30.048],[73.558,30.013],[73.37,29.927],[73.233,29.537],[73.051,29.228],[72.902,29.023],[72.382,28.784],[72.256,28.646],[72.15,28.354],[71.988,28.228],[71.892,28.097],[71.861,27.95],[71.561,27.869],[71.311,27.862],[71.151,27.822],[70.832,27.701],[70.71,27.741],[70.633,27.932],[70.456,28.04],[70.342,28.011],[70.091,27.794],[70.017,27.601],[69.848,27.41],[69.576,27.188],[69.508,27.05],[69.465,26.808],[69.504,26.735],[69.659,26.678],[69.816,26.58],[70.056,26.589],[70.158,26.53],[70.161,26.371],[70.132,26.18],[70.078,26.1],[70.065,25.98],[70.115,25.882],[70.265,25.697],[70.477,25.676],[70.592,25.709],[70.657,25.634],[70.647,25.431],[70.723,25.287],[70.86,25.139],[70.893,25.002],[71.057,24.693],[70.955,24.585],[70.997,24.357],[70.918,24.362],[70.755,24.231],[70.622,24.241],[70.56,24.287],[70.521,24.425],[70.243,24.331],[70.11,24.305],[70.052,24.202],[69.972,24.165],[69.769,24.163],[69.671,24.189],[69.563,24.277],[69.281,24.284],[69.148,24.257],[69.048,24.285],[68.963,24.257],[68.89,24.319],[68.726,24.289],[68.724,23.965],[68.432,23.967],[68.252,23.905],[68.183,23.842],[68.169,23.748],[68.178,23.754],[68.193,23.656],[68.185,23.652],[68.181,23.594],[68.327,23.587],[68.411,23.701],[68.424,23.446],[68.561,23.364],[68.552,23.26],[68.691,23.131],[68.866,23.02],[69.04,22.951],[69.239,22.842],[69.338,22.833],[69.586,22.761],[69.716,22.747],[69.833,22.858],[70.269,22.959],[70.399,22.946],[70.399,23.069],[70.467,23.13],[70.527,23.024],[70.375,22.903],[70.319,22.778],[70.178,22.562],[69.962,22.535],[69.789,22.423],[69.742,22.473],[69.616,22.356],[69.36,22.329],[69.212,22.274],[69.206,22.399],[68.993,22.432],[68.945,22.295],[68.994,22.204],[69.198,21.98],[69.368,21.856],[69.568,21.65],[69.63,21.616],[69.815,21.434],[70.054,21.153],[70.337,20.927],[70.542,20.808],[70.84,20.702],[70.973,20.71],[71.006,20.737],[71.141,20.766],[71.319,20.849],[71.462,20.885],[71.718,21.032],[72.105,21.205],[72.105,21.315],[72.242,21.481],[72.296,21.654],[72.166,21.794],[72.142,21.925],[72.308,22.079],[72.317,22.185],[72.553,22.282],[72.634,22.21],[72.542,22.157],[72.507,21.962],[72.563,21.839],[72.532,21.714],[72.798,21.674],[72.751,21.565],[72.62,21.487],[72.574,21.39],[72.606,21.267],[72.8,21.129],[72.784,21.04],[72.945,20.77],[72.885,20.619],[72.879,20.512],[72.84,20.459],[72.821,20.386],[72.817,20.376],[72.748,20.28],[72.71,20.083],[72.708,20.071],[72.65,19.842],[72.714,19.746],[72.718,19.607],[72.796,19.527],[72.747,19.468],[72.788,19.345],[72.772,19.265],[72.824,19.054],[72.891,18.992],[72.927,18.827],[72.852,18.77],[72.855,18.681],[72.921,18.555],[72.89,18.441],[72.977,18.295],[72.981,18.081],[73.019,17.952],[73.123,17.723],[73.132,17.539],[73.165,17.413],[73.235,17.302],[73.289,16.984],[73.275,16.849],[73.322,16.692],[73.319,16.51],[73.385,16.402],[73.379,16.333],[73.447,16.069],[73.588,15.903],[73.644,15.749],[73.701,15.723],[73.698,15.663],[73.795,15.461],[73.886,15.435],[73.947,15.161],[73.913,15.079],[74.031,14.995],[74.091,14.888],[74.111,14.78],[74.263,14.702],[74.31,14.519],[74.394,14.411],[74.429,14.24],[74.505,14.01],[74.615,13.836],[74.818,12.862],[74.854,12.765],[74.955,12.537],[75.222,12.022],[75.304,12.043],[75.325,11.899],[75.531,11.694],[75.617,11.474],[75.695,11.42],[75.833,11.098],[75.922,10.766],[76.052,10.514],[76.178,10.171],[76.245,10.102],[76.278,9.978],[76.359,9.915],[76.394,9.679],[76.339,9.699],[76.312,9.493],[76.363,9.325],[76.544,8.913],[76.996,8.368],[77.11,8.285],[77.316,8.128],[77.511,8.076],[78.063,8.373],[78.128,8.488],[78.137,8.67],[78.178,8.861],[78.24,8.966],[78.45,9.117],[78.619,9.141],[78.957,9.275],[78.913,9.474],[78.981,9.667],[79.2,9.97],[79.279,10.036],[79.236,10.167],[79.305,10.268],[79.398,10.325],[79.532,10.323],[79.76,10.258],[79.851,10.282],[79.864,10.379],[79.847,10.81],[79.847,10.98],[79.855,11.16],[79.822,11.391],[79.752,11.577],[79.803,11.796],[79.82,11.879],[79.85,11.955],[79.85,11.959],[79.862,12.022],[80.156,12.475],[80.229,12.675],[80.286,13.068],[80.333,13.198],[80.348,13.349],[80.26,13.468],[80.119,13.501],[80.056,13.595],[80.091,13.659],[80.197,13.644],[80.278,13.513],[80.288,13.527],[80.221,13.697],[80.237,13.84],[80.164,13.988],[80.121,14.242],[80.175,14.345],[80.197,14.565],[80.111,14.705],[80.055,15.014],[80.091,15.305],[80.173,15.438],[80.263,15.675],[80.36,15.776],[80.67,15.908],[80.776,15.884],[80.83,15.748],[80.91,15.853],[80.999,15.847],[81.155,15.986],[81.249,16.32],[81.317,16.367],[81.496,16.361],[81.763,16.323],[81.993,16.408],[82.307,16.58],[82.366,16.812],[82.268,16.867],[82.299,17.03],[82.475,17.206],[82.719,17.349],[82.897,17.409],[83.088,17.531],[83.239,17.593],[83.418,17.806],[83.431,17.854],[83.614,18.045],[83.775,18.14],[84.077,18.272],[84.282,18.526],[84.424,18.636],[84.631,18.916],[84.741,19.028],[84.778,19.116],[84.872,19.22],[85.18,19.475],[85.105,19.515],[85.221,19.736],[85.464,19.903],[85.57,19.876],[85.549,19.691],[85.744,19.766],[86.269,19.91],[86.372,19.965],[86.467,20.095],[86.495,20.184],[86.702,20.285],[86.734,20.462],[86.923,20.622],[87.004,20.657],[86.952,20.849],[86.844,21.082],[86.837,21.175],[86.918,21.327],[87.064,21.475],[87.201,21.552],[87.342,21.562],[87.477,21.614],[87.704,21.656],[87.97,21.836],[88.051,21.985],[88.141,22.06],[88.154,21.888],[88.204,21.805],[88.181,21.685],[88.249,21.558],[88.393,21.6],[88.578,21.572],[88.623,21.71],[88.567,21.851],[88.626,21.956],[88.69,21.946],[88.685,21.697],[88.762,21.556],[88.882,21.672],[89,21.603],[89.083,21.617],[88.993,21.913],[89.061,21.938],[89.06,22.13],[89.062,22.212],[88.99,22.387],[88.908,22.741],[88.945,22.848],[88.843,22.965],[88.851,23.075],[88.955,23.184],[88.84,23.235],[88.71,23.241],[88.686,23.293],[88.719,23.468],[88.54,23.65],[88.594,23.867],[88.714,23.925],[88.725,24.029],[88.674,24.083],[88.732,24.19],[88.738,24.287],[88.475,24.315],[88.401,24.369],[88.139,24.495],[88.022,24.646],[88.202,24.945],[88.314,24.868],[88.426,25.051],[88.431,25.173],[88.599,25.193],[88.784,25.161],[88.899,25.169],[88.975,25.303],[88.842,25.333],[88.772,25.502],[88.645,25.467],[88.53,25.5],[88.424,25.592],[88.419,25.654],[88.227,25.804],[88.128,25.775],[88.074,25.908],[88.164,26.14],[88.309,26.206],[88.367,26.313],[88.495,26.378],[88.461,26.454],[88.314,26.482],[88.353,26.579],[88.656,26.415],[88.808,26.233],[88.903,26.273],[88.892,26.369],[88.95,26.437],[89.044,26.381],[89.132,26.134],[89.351,25.997],[89.481,25.999],[89.542,25.96],[89.658,26.187],[89.707,26.154],[89.83,25.908],[89.783,25.814],[89.834,25.635],[89.809,25.44],[89.835,25.282],[89.908,25.297],[90.13,25.212],[90.365,25.15],[90.738,25.169],[90.822,25.142],[91.236,25.202],[91.471,25.134],[91.566,25.16],[91.662,25.127],[91.73,25.167],[92.002,25.183],[92.304,25.074],[92.385,25.005],[92.484,24.928],[92.381,24.837],[92.252,24.903],[92.234,24.778],[92.15,24.542],[92.108,24.406],[91.95,24.375],[91.865,24.151],[91.81,24.215],[91.597,24.105],[91.363,24.1],[91.216,23.908],[91.195,23.755],[91.142,23.74],[91.141,23.612],[91.227,23.469],[91.301,23.142],[91.464,23.184],[91.537,22.982],[91.695,22.988],[91.796,23.089],[91.744,23.272],[91.792,23.368],[91.941,23.495],[91.914,23.688],[92.004,23.647],[92.151,23.732],[92.26,23.703],[92.253,23.609],[92.357,23.289],[92.328,23.171],[92.379,22.9],[92.496,22.696],[92.577,22.169],[92.537,22.129],[92.576,21.978],[92.651,22.019],[92.708,22.148],[92.854,22.024],[92.967,22.063],[93.025,22.202],[93.142,22.187],[93.166,22.387],[93.099,22.512],[93.08,22.773],[93.176,22.882],[93.138,23.005],[93.197,23.054],[93.299,23.018],[93.375,23.13],[93.384,23.313],[93.432,23.647],[93.375,23.739],[93.356,23.907],[93.303,24.036],[93.368,24.078],[93.457,23.96],[93.612,24.009],[93.743,23.995],[93.804,23.936],[93.998,23.917],[94.1,23.843],[94.19,23.995],[94.29,24.317],[94.411,24.546],[94.516,24.705],[94.59,24.747],[94.709,25.026],[94.689,25.139],[94.577,25.174],[94.55,25.245],[94.65,25.447],[94.851,25.563],[94.961,25.718],[95.009,25.737],[95.001,25.922],[95.14,26.03],[95.046,26.248],[95.043,26.46],[95.119,26.604],[95.247,26.649],[95.393,26.692],[95.49,26.811],[95.591,26.824],[95.778,26.995],[95.889,27.027],[96.013,27.191],[96.143,27.258],[96.408,27.298],[96.511,27.292],[96.587,27.354],[96.759,27.342],[96.86,27.241],[96.865,27.172],[97.027,27.091],[97.135,27.127],[96.905,27.408],[96.87,27.619],[97.06,27.75],[97.223,27.9],[97.334,27.894],[97.355,28.023],[97.307,28.07],[97.323,28.217],[97.116,28.367],[96.934,28.337],[96.717,28.437],[96.562,28.447],[96.37,28.378],[96.336,28.48],[96.502,28.644],[96.598,28.71],[96.577,28.809],[96.458,28.995],[96.367,29.037],[96.195,28.941],[96.175,29.109],[96.316,29.172],[96.205,29.257],[96.142,29.368],[95.954,29.359],[95.863,29.324],[95.745,29.34],[95.717,29.218],[95.592,29.25],[95.515,29.209],[95.488,29.069],[95.367,29.036],[95.225,29.059],[95.048,29.141],[94.777,29.167],[94.704,29.285],[94.63,29.319],[94.529,29.231],[94.396,29.207],[94.271,29.098],[94.347,29.024],[94.25,28.933],[93.992,28.845],[93.928,28.683],[93.863,28.705],[93.626,28.672],[93.446,28.672],[93.317,28.603],[93.287,28.521],[93.186,28.432],[93.208,28.341],[92.975,28.282],[92.85,28.192],[92.779,28.196],[92.655,28.106],[92.736,27.986],[92.575,27.848],[92.404,27.854],[92.304,27.786],[92.24,27.865],[92.065,27.762],[91.865,27.73],[91.827,27.808],[91.73,27.804],[91.628,27.853],[91.627,27.716],[91.58,27.658],[91.595,27.546],[91.657,27.479],[91.78,27.456],[91.975,27.472],[92.024,27.447],[92.085,27.304],[91.996,27.158],[92.08,26.922],[92.036,26.855],[91.795,26.854],[91.702,26.803],[91.521,26.798],[91.406,26.87],[91.276,26.774],[91.198,26.802],[90.717,26.767],[90.588,26.78],[90.383,26.892],[90.177,26.832],[90.089,26.742],[89.859,26.722],[89.685,26.725],[89.342,26.854],[89.185,26.811],[88.955,26.913],[88.828,27.098],[88.733,27.149],[88.776,27.241],[88.892,27.316],[88.774,27.409],[88.741,27.546],[88.806,27.655],[88.854,27.844],[88.818,27.995],[88.61,28.106],[88.379,27.983],[88.127,27.95],[88.118,27.861],[88.16,27.774],[88.023,27.495],[88.035,27.323],[88.005,27.249],[87.971,27.103],[88.077,26.992],[88.155,26.846],[88.169,26.744],[88.087,26.539],[88.074,26.454],[87.975,26.367],[87.871,26.461],[87.769,26.451],[87.587,26.378],[87.384,26.419],[87.326,26.353],[87.219,26.408],[87.083,26.432],[87.041,26.58],[86.796,26.432],[86.714,26.415],[86.301,26.609],[86.203,26.585],[86.011,26.654],[85.822,26.572],[85.713,26.653],[85.688,26.812],[85.599,26.854],[85.287,26.737],[85.195,26.759],[85.162,26.851],[85.044,26.844],[84.924,26.956],[84.802,27.014],[84.64,27.028],[84.658,27.203],[84.577,27.329],[84.289,27.376],[84.226,27.44],[84.08,27.51],[84.029,27.454],[83.854,27.441],[83.853,27.346],[83.59,27.457],[83.361,27.462],[83.305,27.332],[83.133,27.444],[83.01,27.443],[82.752,27.495],[82.652,27.704],[82.402,27.677],[82.052,27.905],[81.976,27.917],[81.883,27.849],[81.615,27.981],[81.458,28.077],[81.396,28.161],[81.307,28.124],[81.146,28.372],[81,28.397],[80.782,28.515],[80.648,28.62],[80.498,28.67],[80.35,28.62],[80.233,28.733],[80.073,28.821],[80.034,28.916],[80.099,28.977],[80.133,29.11],[80.233,29.139],[80.279,29.268],[80.214,29.417],[80.385,29.605],[80.369,29.758],[80.476,29.806],[80.571,29.947],[80.654,29.971],[80.83,30.117],[80.836,30.17],[80.996,30.197],[80.976,30.255],[80.782,30.321],[80.723,30.392],[80.253,30.565],[80.167,30.662],[80.169,30.785],[80.063,30.785],[79.834,30.962],[79.739,30.979],[79.578,30.938],[79.395,31.037],[79.302,31.163],[79.238,31.33],[79.07,31.461],[78.921,31.27],[78.887,31.284],[78.753,31.302],[78.763,31.445],[78.7,31.51],[78.819,31.607],[78.731,31.668],[78.671,31.771],[78.745,31.964],[78.649,32.036],[78.513,32.208],[78.458,32.23],[78.449,32.427],[78.381,32.528]]],[[[93.929,7.012],[93.865,7.201],[93.814,7.242],[93.676,7.182],[93.649,7.013],[93.718,6.993],[93.814,6.808],[93.89,6.801],[93.929,7.012]]],[[[73.082,8.316],[73.063,8.279],[73.048,8.268],[73.029,8.26],[73.033,8.249],[73.045,8.252],[73.066,8.27],[73.084,8.308],[73.082,8.316]]],[[[92.587,10.736],[92.528,10.895],[92.429,10.851],[92.376,10.775],[92.403,10.575],[92.513,10.508],[92.574,10.581],[92.587,10.736]]],[[[93.076,13.269],[93.004,13.331],[93.06,13.407],[93.042,13.571],[92.959,13.55],[92.847,13.345],[92.854,13.146],[92.808,13.02],[92.8,12.858],[92.737,12.807],[92.76,12.651],[92.722,12.599],[92.718,12.362],[92.778,12.31],[92.793,12.208],[92.64,12.136],[92.642,12.036],[92.54,11.894],[92.56,11.741],[92.634,11.583],[92.727,11.506],[92.797,11.865],[92.737,11.961],[92.769,12.085],[92.893,12.215],[92.939,12.438],[92.991,12.519],[92.991,12.701],[92.964,12.865],[92.905,12.982],[93.02,13.034],[93.076,13.269]]]]},"properties":{"kind":"india","name":"India"}}]}